Workbook

Sheet Resumen-Mensual
B2: RESUMEN DE CURTAILMENTS ACUMULADO DE CENTRALES EÓLICAS, SOLARES HIDRÁULICAS DE PASADA, EMBALSES Y SERIES HÍDRICAS AÑO 2026
C4: Resumen Anual / Mensual (GWh)
C6: Acumulado 2026
B7: Eólica | C7: =SUM(C14,F14,I14,L14,O14,R14,U14,X14,AA14,AD14,AG14,AJ14) -> 487.90975 | E7: =IF($C$11=0,"-",+C7/$C$11) -> 0.25672683
B8: Solar | C8: =SUM(C15,F15,I15,L15,O15,R15,U15,X15,AA15,AD15,AG15,AJ15) -> 1381.1686 | E8: =IF($C$11=0,"-",+C8/$C$11) -> 0.72673899 | Y8: =+AJ87/1000-X15 -> 369.68438
B9: Hidro Pasada | C9: =SUM(C16,F16,I16,L16,O16,R16,U16,X16,AA16,AD16,AG16,AJ16) -> 27.246715 | E9: =IF($C$11=0,"-",+C9/$C$11) -> 0.014336592
B10: Hidro Embalse | C10: =SUM(C17,F17,I17,L17,O17,R17,U17,X17,AA17,AD17,AG17,AJ17) -> 4.1765166 | E10: =IF($C$11=0,"-",+C10/$C$11) -> 0.0021975865
B11: Total | C11: =SUM(C7:C10) -> 1900.5016 | E11: =SUM(E7:E10) -> 1
C13: 46023 | F13: 46054 | I13: 46082 | L13: 46113 | O13: 46143 | R13: 46174 | U13: 46204 | X13: 46235 | AA13: 46266 | AD13: 46296 | AG13: 46327 | AJ13: 46357
B14: Eólica | C14: ='Acumulado-Anual-Eólico'!AJ10/1000 -> 195.22041 | E14: =IF($C$18=0,"-",+C14/$C$18) -> 0.24841999 | F14: ='Acumulado-Anual-Eólico'!$AJ$69/1000 -> 165.51954 | H14: =IF($F$18=0,"-",+F14/$F$18) -> 0.26874804 | I14: ='Acumulado-Anual-Eólico'!$AJ$128/1000 -> 127.1698 | K14: =IF($I$18=0,"-",+I14/$I$18) -> 0.2549708 | N14: =IF($L$18=0,"-",+L14/$L$18) -> - | Q14: =IF($O$18=0,"-",+O14/$O$18) -> - | T14: =IF($R$18=0,"-",+R14/$R$18) -> - | W14: =IF($U$18=0,"-",+U14/$U$18) -> - | Z14: =IF($X$18=0,"-",+X14/$X$18) -> - | AC14: =IF($AA$18=0,"-",+AA14/$AA$18) -> - | AF14: =IF($AD$18=0,"-",+AD14/$AD$18) -> - | AI14: =IF($AG$18=0,"-",+AG14/$AG$18) -> - | AL14: =IF($AJ$18=0,"-",+AJ14/$AJ$18) -> -
B15: Solar | C15: ='Acumulado-Anual-Solar'!AJ10/1000 -> 581.15774 | E15: =IF($C$18=0,"-",+C15/$C$18) -> 0.73952923 | F15: ='Acumulado-Anual-Solar'!$AJ$87/1000 -> 430.32649 | H15: =IF($F$18=0,"-",+F15/$F$18) -> 0.69870542 | I15: ='Acumulado-Anual-Solar'!$AJ$164/1000 -> 369.68438 | K15: =IF($I$18=0,"-",+I15/$I$18) -> 0.74120369 | N15: =IF($L$18=0,"-",+L15/$L$18) -> - | Q15: =IF($O$18=0,"-",+O15/$O$18) -> - | T15: =IF($R$18=0,"-",+R15/$R$18) -> - | W15: =IF($U$18=0,"-",+U15/$U$18) -> - | Z15: =IF($X$18=0,"-",+X15/$X$18) -> - | AC15: =IF($AA$18=0,"-",+AA15/$AA$18) -> - | AF15: =IF($AD$18=0,"-",+AD15/$AD$18) -> - | AI15: =IF($AG$18=0,"-",+AG15/$AG$18) -> - | AL15: =IF($AJ$18=0,"-",+AJ15/$AJ$18) -> -
B16: Hidro Pasada | C16: =+'Acumulado-Anual-HP'!AJ10/1000 -> 9.3467424 | E16: =IF($C$18=0,"-",+C16/$C$18) -> 0.011893826 | F16: ='Acumulado-Anual-HP'!$AJ$153/1000 -> 15.991953 | H16: =IF($F$18=0,"-",+F16/$F$18) -> 0.025965551 | I16: ='Acumulado-Anual-HP'!$AJ$296/1000 -> 1.9080195 | K16: =IF($I$18=0,"-",+I16/$I$18) -> 0.0038255094 | N16: =IF($L$18=0,"-",+L16/$L$18) -> - | Q16: =IF($O$18=0,"-",+O16/$O$18) -> - | T16: =IF($R$18=0,"-",+R16/$R$18) -> - | W16: =IF($U$18=0,"-",+U16/$U$18) -> - | Z16: =IF($X$18=0,"-",+X16/$X$18) -> - | AC16: =IF($AA$18=0,"-",+AA16/$AA$18) -> - | AF16: =IF($AD$18=0,"-",+AD16/$AD$18) -> - | AI16: =IF($AG$18=0,"-",+AG16/$AG$18) -> - | AL16: =IF($AJ$18=0,"-",+AJ16/$AJ$18) -> -
B17: Hidro Embalse | C17: ='Acumulado-Anual-HE'!AJ10/1000 -> 0.12334647 | E17: =IF($C$18=0,"-",+C17/$C$18) -> 0.00015695966 | F17: ='Acumulado-Anual-HE'!$AJ$44/1000 -> 4.0531701 | H17: =IF($F$18=0,"-",+F17/$F$18) -> 0.0065809844 | I17: ='Acumulado-Anual-HE'!$AJ$78/1000 -> 0 | K17: =IF($I$18=0,"-",+I17/$I$18) -> 0 | N17: =IF($L$18=0,"-",+L17/$L$18) -> - | Q17: =IF($O$18=0,"-",+O17/$O$18) -> - | T17: =IF($R$18=0,"-",+R17/$R$18) -> - | W17: =IF($U$18=0,"-",+U17/$U$18) -> - | Z17: =IF($X$18=0,"-",+X17/$X$18) -> - | AC17: =IF($AA$18=0,"-",+AA17/$AA$18) -> - | AF17: =IF($AD$18=0,"-",+AD17/$AD$18) -> - | AI17: =IF($AG$18=0,"-",+AG17/$AG$18) -> - | AL17: =IF($AJ$18=0,"-",+AJ17/$AJ$18) -> -
B18: Total | C18: =SUM(C14:D17) -> 785.84824 | E18: =SUM(E14:E17) -> 1 | F18: =SUM(F14:G17) -> 615.89116 | H18: =SUM(H14:H17) -> 1 | I18: =SUM(I14:I17) -> 498.76219 | K18: =SUM(K14:K17) -> 1 | L18: =SUM(L14:L17) -> 0 | N18: =SUM(N14:N17) -> 0 | O18: =SUM(O14:O17) -> 0 | Q18: =SUM(Q14:Q17) -> 0 | R18: =SUM(R14:R17) -> 0 | T18: =SUM(T14:T17) -> 0 | U18: =SUM(U14:U17) -> 0 | W18: =SUM(W14:W17) -> 0 | X18: =SUM(X14:X17) -> 0 | Z18: =SUM(Z14:Z17) -> 0 | AA18: =SUM(AA14:AA17) -> 0 | AC18: =SUM(AC14:AC17) -> 0 | AD18: =SUM(AD14:AD17) -> 0 | AF18: =SUM(AF14:AF17) -> 0 | AG18: =SUM(AG14:AG17) -> 0 | AI18: =SUM(AI14:AI17) -> 0 | AJ18: =SUM(AJ14:AJ17) -> 0 | AL18: =SUM(AL14:AL17) -> 0
B21: RESUMEN DE CURTAILMENTS CENTRALES EÓLICAS, SOLARES, HIDRÁULICAS DE PASADA, EMBALSES Y SERIES HÍDRICAS CORRESPONDIENTE A ENERO 2026 (MWh)
B24: DESGLOSE DIARIO DE CURTAILMENTS DE ENERGÍA EÓLICA
B26: Central / Día | E26: 46082 | F26: =+E26+1 -> 46083 | G26: =+F26+1 -> 46084 | H26: =+G26+1 -> 46085 | I26: =+H26+1 -> 46086 | J26: =+I26+1 -> 46087 | K26: =+J26+1 -> 46088 | L26: =+K26+1 -> 46089 | M26: =+L26+1 -> 46090 | ... AI26: =+AH26+1 -> 46112 | AJ26: Total
B27: Total | E27: =SUM(E28:E81) -> 4699.0964 | F27: =SUM(F28:F81) -> 3036.5574 | G27: =SUM(G28:G81) -> 5801.3038 | H27: =SUM(H28:H81) -> 4772.9443 | I27: =SUM(I28:I81) -> 5002.281 | J27: =SUM(J28:J81) -> 2376.1642 | K27: =SUM(K28:K81) -> 4243.59 | L27: =SUM(L28:L81) -> 6983.2034 | ... AI27: =SUM(AI28:AI81) -> 2223.3306 | AK27: =SUM(AK28:AK81) -> 127169.8
B28: PE-TCHAMMA | E28: ='Resumen-DiarioHorario-Eólico'!AD8 -> 106.789 | F28: ='Resumen-DiarioHorario-Eólico'!AD68 -> 121.961 | G28: ='Resumen-DiarioHorario-Eólico'!AD128 -> 145.62717 | H28: ='Resumen-DiarioHorario-Eólico'!AD188 -> 84.413833 | I28: ='Resumen-DiarioHorario-Eólico'!AD248 -> 165.65133 | J28: ='Resumen-DiarioHorario-Eólico'!AD308 -> 145.74967 | K28: ='Resumen-DiarioHorario-Eólico'!AD368 -> 126.94 | L28: ='Resumen-DiarioHorario-Eólico'!AD428 -> 112.9745 | M28: ='Resumen-DiarioHorario-Eólico'!AD488 -> 166.65583 | N28: ='Resumen-DiarioHorario-Eólico'!AD548 -> 102.27417 | O28: ='Resumen-DiarioHorario-Eólico'!AD608 -> 117.0685 | P28: ='Resumen-DiarioHorario-Eólico'!AD668 -> 105.63867 | Q28: ='Resumen-DiarioHorario-Eólico'!AD728 -> 252.18067 | R28: ='Resumen-DiarioHorario-Eólico'!AD788 -> 220.59217 | S28: ='Resumen-DiarioHorario-Eólico'!AD848 -> 145.597 | T28: ='Resumen-DiarioHorario-Eólico'!AD908 -> 0 | U28: ='Resumen-DiarioHorario-Eólico'!AD968 -> 0 | V28: ='Resumen-DiarioHorario-Eólico'!AD1028 -> 179.50433 | W28: ='Resumen-DiarioHorario-Eólico'!AD1088 -> 210.55467 | X28: ='Resumen-DiarioHorario-Eólico'!AD1148 -> 335.80517 | Y28: ='Resumen-DiarioHorario-Eólico'!AD1208 -> 264.9195 | Z28: ='Resumen-DiarioHorario-Eólico'!AD1268 -> 289.31783 | AA28: ='Resumen-DiarioHorario-Eólico'!AD1328 -> 130.64283 | AB28: ='Resumen-DiarioHorario-Eólico'!AD1388 -> 364.40233 | AC28: ='Resumen-DiarioHorario-Eólico'!AD1448 -> 292.10767 | AD28: ='Resumen-DiarioHorario-Eólico'!AD1508 -> 239.63 | AE28: ='Resumen-DiarioHorario-Eólico'!AD1568 -> 206.91567 | AF28: ='Resumen-DiarioHorario-Eólico'!AD1627 -> 212.91367 | AG28: ='Resumen-DiarioHorario-Eólico'!AD1686 -> 258.03967 | AH28: =+'Resumen-DiarioHorario-Eólico'!AD1745 -> 7.0503333 | AI28: =+'Resumen-DiarioHorario-Eólico'!AD1804 -> 11.759333 | AK28: =SUM(E28:AI28) -> 5123.6765
B29: PE-SIERRAGORDA | E29: ='Resumen-DiarioHorario-Eólico'!AD9 -> 56.322167 | F29: ='Resumen-DiarioHorario-Eólico'!AD69 -> 55.656167 | G29: ='Resumen-DiarioHorario-Eólico'!AD129 -> 41.378333 | H29: ='Resumen-DiarioHorario-Eólico'!AD189 -> 29.7545 | I29: ='Resumen-DiarioHorario-Eólico'!AD249 -> 45.113167 | J29: ='Resumen-DiarioHorario-Eólico'!AD309 -> 52.455667 | K29: ='Resumen-DiarioHorario-Eólico'!AD369 -> 32.37 | L29: ='Resumen-DiarioHorario-Eólico'!AD429 -> 22.688333 | M29: ='Resumen-DiarioHorario-Eólico'!AD489 -> 11.8755 | N29: ='Resumen-DiarioHorario-Eólico'!AD549 -> 29.956333 | O29: ='Resumen-DiarioHorario-Eólico'!AD609 -> 21.7255 | P29: ='Resumen-DiarioHorario-Eólico'!AD669 -> 2.0825 | Q29: ='Resumen-DiarioHorario-Eólico'!AD729 -> 136.74567 | R29: ='Resumen-DiarioHorario-Eólico'!AD789 -> 95.161 | S29: ='Resumen-DiarioHorario-Eólico'!AD849 -> 24.318333 | T29: ='Resumen-DiarioHorario-Eólico'!AD909 -> 23.692833 | U29: ='Resumen-DiarioHorario-Eólico'!AD969 -> 141.4415 | V29: ='Resumen-DiarioHorario-Eólico'!AD1029 -> 137.14867 | W29: ='Resumen-DiarioHorario-Eólico'!AD1089 -> 172.9875 | X29: ='Resumen-DiarioHorario-Eólico'!AD1149 -> 242.77533 | Y29: ='Resumen-DiarioHorario-Eólico'!AD1209 -> 234.23617 | Z29: ='Resumen-DiarioHorario-Eólico'!AD1269 -> 172.412 | AA29: ='Resumen-DiarioHorario-Eólico'!AD1329 -> 217.77533 | AB29: ='Resumen-DiarioHorario-Eólico'!AD1389 -> 157.30267 | AC29: ='Resumen-DiarioHorario-Eólico'!AD1449 -> 172.83867 | AD29: ='Resumen-DiarioHorario-Eólico'!AD1509 -> 183.0365 | AE29: ='Resumen-DiarioHorario-Eólico'!AD1569 -> 163.40417 | AF29: ='Resumen-DiarioHorario-Eólico'!AD1628 -> 220.64683 | AG29: ='Resumen-DiarioHorario-Eólico'!AD1687 -> 126.68917 | AH29: =+'Resumen-DiarioHorario-Eólico'!AD1746 -> 89.485833 | AI29: =+'Resumen-DiarioHorario-Eólico'!AD1805 -> 48.903667 | AK29: =SUM(E29:AI29) -> 3162.38
B30: PE-VALLEDELOSVIENTOS | E30: ='Resumen-DiarioHorario-Eólico'!AD10 -> 249.89683 | F30: ='Resumen-DiarioHorario-Eólico'!AD70 -> 192.47583 | G30: ='Resumen-DiarioHorario-Eólico'!AD130 -> 283.3785 | H30: ='Resumen-DiarioHorario-Eólico'!AD190 -> 209.43283 | I30: ='Resumen-DiarioHorario-Eólico'!AD250 -> 189.54217 | J30: ='Resumen-DiarioHorario-Eólico'!AD310 -> 132.1195 | K30: ='Resumen-DiarioHorario-Eólico'!AD370 -> 153.06 | L30: ='Resumen-DiarioHorario-Eólico'!AD430 -> 213.35217 | M30: ='Resumen-DiarioHorario-Eólico'!AD490 -> 170.5625 | N30: ='Resumen-DiarioHorario-Eólico'!AD550 -> 220.06483 | O30: ='Resumen-DiarioHorario-Eólico'!AD610 -> 214.71567 | P30: ='Resumen-DiarioHorario-Eólico'!AD670 -> 192.5565 | Q30: ='Resumen-DiarioHorario-Eólico'!AD730 -> 247.10667 | R30: ='Resumen-DiarioHorario-Eólico'!AD790 -> 182.41417 | S30: ='Resumen-DiarioHorario-Eólico'!AD850 -> 132.46717 | T30: ='Resumen-DiarioHorario-Eólico'!AD910 -> 127.09483 | U30: ='Resumen-DiarioHorario-Eólico'!AD970 -> 172.805 | V30: ='Resumen-DiarioHorario-Eólico'!AD1030 -> 190.3735 | W30: ='Resumen-DiarioHorario-Eólico'!AD1090 -> 326.25883 | X30: ='Resumen-DiarioHorario-Eólico'!AD1150 -> 84.6295 | Y30: ='Resumen-DiarioHorario-Eólico'!AD1210 -> 43.282833 | Z30: ='Resumen-DiarioHorario-Eólico'!AD1270 -> 178.31717 | AA30: ='Resumen-DiarioHorario-Eólico'!AD1330 -> 348.611 | AB30: ='Resumen-DiarioHorario-Eólico'!AD1390 -> 282.70033 | AC30: ='Resumen-DiarioHorario-Eólico'!AD1450 -> 247.7525 | AD30: ='Resumen-DiarioHorario-Eólico'!AD1510 -> 274.29267 | AE30: ='Resumen-DiarioHorario-Eólico'!AD1570 -> 232.86933 | AF30: ='Resumen-DiarioHorario-Eólico'!AD1629 -> 252.55833 | AG30: ='Resumen-DiarioHorario-Eólico'!AD1688 -> 151.17317 | AH30: =+'Resumen-DiarioHorario-Eólico'!AD1747 -> 183.77667 | AI30: =+'Resumen-DiarioHorario-Eólico'!AD1806 -> 189.4285 | AK30: =SUM(E30:AI30) -> 6269.0695
B31: PE-CERROTIGRE | E31: ='Resumen-DiarioHorario-Eólico'!AD11 -> 250.671 | F31: ='Resumen-DiarioHorario-Eólico'!AD71 -> 357.72517 | G31: ='Resumen-DiarioHorario-Eólico'!AD131 -> 198.36867 | H31: ='Resumen-DiarioHorario-Eólico'!AD191 -> 97.150667 | I31: ='Resumen-DiarioHorario-Eólico'!AD251 -> 192.32383 | J31: ='Resumen-DiarioHorario-Eólico'!AD311 -> 129.59883 | K31: ='Resumen-DiarioHorario-Eólico'!AD371 -> 170.29 | L31: ='Resumen-DiarioHorario-Eólico'!AD431 -> 181.30117 | M31: ='Resumen-DiarioHorario-Eólico'!AD491 -> 179.3395 | N31: ='Resumen-DiarioHorario-Eólico'!AD551 -> 256.27383 | O31: ='Resumen-DiarioHorario-Eólico'!AD611 -> 149.60917 | P31: ='Resumen-DiarioHorario-Eólico'!AD671 -> 67.418167 | Q31: ='Resumen-DiarioHorario-Eólico'!AD731 -> 178.981 | R31: ='Resumen-DiarioHorario-Eólico'!AD791 -> 71.98 | S31: ='Resumen-DiarioHorario-Eólico'!AD851 -> 100.466 | T31: ='Resumen-DiarioHorario-Eólico'!AD911 -> 153.142 | U31: ='Resumen-DiarioHorario-Eólico'!AD971 -> 345.67033 | V31: ='Resumen-DiarioHorario-Eólico'!AD1031 -> 312.15467 | W31: ='Resumen-DiarioHorario-Eólico'!AD1091 -> 282.68483 | X31: ='Resumen-DiarioHorario-Eólico'!AD1151 -> 190.99033 | Y31: ='Resumen-DiarioHorario-Eólico'!AD1211 -> 338.886 | Z31: ='Resumen-DiarioHorario-Eólico'!AD1271 -> 399.94117 | AA31: ='Resumen-DiarioHorario-Eólico'!AD1331 -> 350.294 | AB31: ='Resumen-DiarioHorario-Eólico'!AD1391 -> 191.37183 | AC31: ='Resumen-DiarioHorario-Eólico'!AD1451 -> 195.92483 | AD31: ='Resumen-DiarioHorario-Eólico'!AD1511 -> 251.50367 | AE31: ='Resumen-DiarioHorario-Eólico'!AD1571 -> 276.9495 | AF31: ='Resumen-DiarioHorario-Eólico'!AD1630 -> 336.90333 | AG31: ='Resumen-DiarioHorario-Eólico'!AD1689 -> 257.47667 | AH31: =+'Resumen-DiarioHorario-Eólico'!AD1748 -> 110.8745 | AI31: =+'Resumen-DiarioHorario-Eólico'!AD1807 -> 43.242 | AK31: =SUM(E31:AI31) -> 6619.5067
B32: PE-CALAMA | E32: ='Resumen-DiarioHorario-Eólico'!AD12 -> 171.17717 | F32: ='Resumen-DiarioHorario-Eólico'!AD72 -> 205.847 | G32: ='Resumen-DiarioHorario-Eólico'!AD132 -> 254.942 | H32: ='Resumen-DiarioHorario-Eólico'!AD192 -> 186.09467 | I32: ='Resumen-DiarioHorario-Eólico'!AD252 -> 253.69033 | J32: ='Resumen-DiarioHorario-Eólico'!AD312 -> 165.10117 | K32: ='Resumen-DiarioHorario-Eólico'!AD372 -> 137.43 | L32: ='Resumen-DiarioHorario-Eólico'!AD432 -> 320.0255 | M32: ='Resumen-DiarioHorario-Eólico'!AD492 -> 180.62433 | N32: ='Resumen-DiarioHorario-Eólico'!AD552 -> 277.6915 | O32: ='Resumen-DiarioHorario-Eólico'!AD612 -> 185.00383 | P32: ='Resumen-DiarioHorario-Eólico'!AD672 -> 91.500833 | Q32: ='Resumen-DiarioHorario-Eólico'!AD732 -> 112.77417 | R32: ='Resumen-DiarioHorario-Eólico'!AD792 -> 161.71717 | S32: ='Resumen-DiarioHorario-Eólico'!AD852 -> 182.1535 | T32: ='Resumen-DiarioHorario-Eólico'!AD912 -> 227.52433 | U32: ='Resumen-DiarioHorario-Eólico'!AD972 -> 340.51367 | V32: ='Resumen-DiarioHorario-Eólico'!AD1032 -> 322.41017 | W32: ='Resumen-DiarioHorario-Eólico'!AD1092 -> 305.108 | X32: ='Resumen-DiarioHorario-Eólico'!AD1152 -> 428.58767 | Y32: ='Resumen-DiarioHorario-Eólico'!AD1212 -> 375.33183 | Z32: ='Resumen-DiarioHorario-Eólico'!AD1272 -> 481.0245 | AA32: ='Resumen-DiarioHorario-Eólico'!AD1332 -> 302.79117 | AB32: ='Resumen-DiarioHorario-Eólico'!AD1392 -> 414.65433 | AC32: ='Resumen-DiarioHorario-Eólico'!AD1452 -> 325.49583 | AD32: ='Resumen-DiarioHorario-Eólico'!AD1512 -> 289.226 | AE32: ='Resumen-DiarioHorario-Eólico'!AD1572 -> 210.44033 | AF32: ='Resumen-DiarioHorario-Eólico'!AD1631 -> 296.28417 | AG32: ='Resumen-DiarioHorario-Eólico'!AD1690 -> 224.86567 | AH32: =+'Resumen-DiarioHorario-Eólico'!AD1749 -> 263.66417 | AI32: =+'Resumen-DiarioHorario-Eólico'!AD1808 -> 10.885 | AK32: =SUM(E32:AI32) -> 7704.58
B33: PE-TALTAL | E33: ='Resumen-DiarioHorario-Eólico'!AD13 -> 0 | F33: ='Resumen-DiarioHorario-Eólico'!AD73 -> 0 | G33: ='Resumen-DiarioHorario-Eólico'!AD133 -> 0 | H33: ='Resumen-DiarioHorario-Eólico'!AD193 -> 0 | I33: ='Resumen-DiarioHorario-Eólico'!AD253 -> 0 | J33: ='Resumen-DiarioHorario-Eólico'!AD313 -> 0 | K33: ='Resumen-DiarioHorario-Eólico'!AD373 -> 0 | L33: ='Resumen-DiarioHorario-Eólico'!AD433 -> 162.2747 | M33: ='Resumen-DiarioHorario-Eólico'!AD493 -> 0 | N33: ='Resumen-DiarioHorario-Eólico'!AD553 -> 0 | O33: ='Resumen-DiarioHorario-Eólico'!AD613 -> 0 | P33: ='Resumen-DiarioHorario-Eólico'!AD673 -> 0 | Q33: ='Resumen-DiarioHorario-Eólico'!AD733 -> 0 | R33: ='Resumen-DiarioHorario-Eólico'!AD793 -> 0 | S33: ='Resumen-DiarioHorario-Eólico'!AD853 -> 0 | T33: ='Resumen-DiarioHorario-Eólico'!AD913 -> 0 | U33: ='Resumen-DiarioHorario-Eólico'!AD973 -> 0 | V33: ='Resumen-DiarioHorario-Eólico'!AD1033 -> 0 | W33: ='Resumen-DiarioHorario-Eólico'!AD1093 -> 0 | X33: ='Resumen-DiarioHorario-Eólico'!AD1153 -> 192.476 | Y33: ='Resumen-DiarioHorario-Eólico'!AD1213 -> 0 | Z33: ='Resumen-DiarioHorario-Eólico'!AD1273 -> 0 | AA33: ='Resumen-DiarioHorario-Eólico'!AD1333 -> 0 | AB33: ='Resumen-DiarioHorario-Eólico'!AD1393 -> 0 | AC33: ='Resumen-DiarioHorario-Eólico'!AD1453 -> 0 | AD33: ='Resumen-DiarioHorario-Eólico'!AD1513 -> 0 | AE33: ='Resumen-DiarioHorario-Eólico'!AD1573 -> 0 | AF33: ='Resumen-DiarioHorario-Eólico'!AD1632 -> 0 | AG33: ='Resumen-DiarioHorario-Eólico'!AD1691 -> 0 | AH33: =+'Resumen-DiarioHorario-Eólico'!AD1750 -> 0 | AI33: =+'Resumen-DiarioHorario-Eólico'!AD1809 -> 0 | AK33: =SUM(E33:AI33) -> 354.7507
B34: PE-SARCO | E34: ='Resumen-DiarioHorario-Eólico'!AD14 -> 147.72817 | F34: ='Resumen-DiarioHorario-Eólico'!AD74 -> 59.9665 | G34: ='Resumen-DiarioHorario-Eólico'!AD134 -> 120.406 | H34: ='Resumen-DiarioHorario-Eólico'!AD194 -> 26.239333 | I34: ='Resumen-DiarioHorario-Eólico'!AD254 -> 65.059167 | J34: ='Resumen-DiarioHorario-Eólico'!AD314 -> 25.035833 | K34: ='Resumen-DiarioHorario-Eólico'!AD374 -> 0 | L34: ='Resumen-DiarioHorario-Eólico'!AD434 -> 118.35833 | M34: ='Resumen-DiarioHorario-Eólico'!AD494 -> 39.713833 | N34: ='Resumen-DiarioHorario-Eólico'!AD554 -> 49.455167 | O34: ='Resumen-DiarioHorario-Eólico'!AD614 -> 91.041833 | P34: ='Resumen-DiarioHorario-Eólico'!AD674 -> 55.371167 | Q34: ='Resumen-DiarioHorario-Eólico'!AD734 -> 84.851 | R34: ='Resumen-DiarioHorario-Eólico'!AD794 -> 44.715 | S34: ='Resumen-DiarioHorario-Eólico'!AD854 -> 71.585667 | T34: ='Resumen-DiarioHorario-Eólico'!AD914 -> 99.790833 | U34: ='Resumen-DiarioHorario-Eólico'!AD974 -> 292.15217 | V34: ='Resumen-DiarioHorario-Eólico'!AD1034 -> 89.342333 | W34: ='Resumen-DiarioHorario-Eólico'!AD1094 -> 73.123 | X34: ='Resumen-DiarioHorario-Eólico'!AD1154 -> 138.24217 | Y34: ='Resumen-DiarioHorario-Eólico'!AD1214 -> 73.586333 | Z34: ='Resumen-DiarioHorario-Eólico'!AD1274 -> 129.96483 | AA34: ='Resumen-DiarioHorario-Eólico'!AD1334 -> 98.8435 | AB34: ='Resumen-DiarioHorario-Eólico'!AD1394 -> 85.177667 | AC34: ='Resumen-DiarioHorario-Eólico'!AD1454 -> 56.320167 | AD34: ='Resumen-DiarioHorario-Eólico'!AD1514 -> 53.173833 | AE34: ='Resumen-DiarioHorario-Eólico'!AD1574 -> 35.025667 | AF34: ='Resumen-DiarioHorario-Eólico'!AD1633 -> 57.220333 | AG34: ='Resumen-DiarioHorario-Eólico'!AD1692 -> 262.1005 | AH34: =+'Resumen-DiarioHorario-Eólico'!AD1751 -> 81.5055 | AI34: =+'Resumen-DiarioHorario-Eólico'!AD1810 -> 38.9115 | AK34: =SUM(E34:AI34) -> 2664.0073
B35: PE-CABOLEONES-1 | E35: ='Resumen-DiarioHorario-Eólico'!AD15 -> 51.6765 | F35: ='Resumen-DiarioHorario-Eólico'!AD75 -> 57.426667 | G35: ='Resumen-DiarioHorario-Eólico'!AD135 -> 34.626167 | H35: ='Resumen-DiarioHorario-Eólico'!AD195 -> 57.529 | I35: ='Resumen-DiarioHorario-Eólico'!AD255 -> 28.570333 | J35: ='Resumen-DiarioHorario-Eólico'!AD315 -> 32.46 | K35: ='Resumen-DiarioHorario-Eólico'!AD375 -> 92.07 | L35: ='Resumen-DiarioHorario-Eólico'!AD435 -> 8.0035 | M35: ='Resumen-DiarioHorario-Eólico'!AD495 -> 57.544167 | N35: ='Resumen-DiarioHorario-Eólico'!AD555 -> 21.854 | O35: ='Resumen-DiarioHorario-Eólico'!AD615 -> 55.182833 | P35: ='Resumen-DiarioHorario-Eólico'!AD675 -> 36.140167 | Q35: ='Resumen-DiarioHorario-Eólico'!AD735 -> 60.073333 | R35: ='Resumen-DiarioHorario-Eólico'!AD795 -> 21.553833 | S35: ='Resumen-DiarioHorario-Eólico'!AD855 -> 25.285667 | T35: ='Resumen-DiarioHorario-Eólico'!AD915 -> 0 | U35: ='Resumen-DiarioHorario-Eólico'!AD975 -> 0 | V35: ='Resumen-DiarioHorario-Eólico'!AD1035 -> 0 | W35: ='Resumen-DiarioHorario-Eólico'!AD1095 -> 0 | X35: ='Resumen-DiarioHorario-Eólico'!AD1155 -> 0 | Y35: ='Resumen-DiarioHorario-Eólico'!AD1215 -> 63.383167 | Z35: ='Resumen-DiarioHorario-Eólico'!AD1275 -> 157.70917 | AA35: ='Resumen-DiarioHorario-Eólico'!AD1335 -> 156.27117 | AB35: ='Resumen-DiarioHorario-Eólico'!AD1395 -> 39.622333 | AC35: ='Resumen-DiarioHorario-Eólico'!AD1455 -> 65.762167 | AD35: ='Resumen-DiarioHorario-Eólico'!AD1515 -> 11.7405 | AE35: ='Resumen-DiarioHorario-Eólico'!AD1575 -> 52.969667 | AF35: ='Resumen-DiarioHorario-Eólico'!AD1634 -> 47.234667 | AG35: ='Resumen-DiarioHorario-Eólico'!AD1693 -> 235.04033 | AH35: =+'Resumen-DiarioHorario-Eólico'!AD1752 -> 7.3611667 | AI35: =+'Resumen-DiarioHorario-Eólico'!AD1811 -> 2.1326667 | AK35: =SUM(E35:AI35) -> 1479.2232
B36: PE-CABOLEONES-2 | E36: ='Resumen-DiarioHorario-Eólico'!AD16 -> 1.7696667 | F36: ='Resumen-DiarioHorario-Eólico'!AD76 -> 64.146833 | G36: ='Resumen-DiarioHorario-Eólico'!AD136 -> 52.712333 | H36: ='Resumen-DiarioHorario-Eólico'!AD196 -> 56.874167 | I36: ='Resumen-DiarioHorario-Eólico'!AD256 -> 32.611333 | J36: ='Resumen-DiarioHorario-Eólico'!AD316 -> 34.8325 | K36: ='Resumen-DiarioHorario-Eólico'!AD376 -> 99.37 | L36: ='Resumen-DiarioHorario-Eólico'!AD436 -> 10.075667 | M36: ='Resumen-DiarioHorario-Eólico'!AD496 -> 80.294333 | N36: ='Resumen-DiarioHorario-Eólico'!AD556 -> 58.058833 | O36: ='Resumen-DiarioHorario-Eólico'!AD616 -> 87.316833 | P36: ='Resumen-DiarioHorario-Eólico'!AD676 -> 42.233833 | Q36: ='Resumen-DiarioHorario-Eólico'!AD736 -> 68.9645 | R36: ='Resumen-DiarioHorario-Eólico'!AD796 -> 33.1455 | S36: ='Resumen-DiarioHorario-Eólico'!AD856 -> 27.007333 | T36: ='Resumen-DiarioHorario-Eólico'!AD916 -> 60.369 | U36: ='Resumen-DiarioHorario-Eólico'!AD976 -> 262.0425 | V36: ='Resumen-DiarioHorario-Eólico'!AD1036 -> 13.7595 | W36: ='Resumen-DiarioHorario-Eólico'!AD1096 -> 70.3055 | X36: ='Resumen-DiarioHorario-Eólico'!AD1156 -> 74.522167 | Y36: ='Resumen-DiarioHorario-Eólico'!AD1216 -> 92.889333 | Z36: ='Resumen-DiarioHorario-Eólico'!AD1276 -> 153.113 | AA36: ='Resumen-DiarioHorario-Eólico'!AD1336 -> 24.056833 | AB36: ='Resumen-DiarioHorario-Eólico'!AD1396 -> 6.2315 | AC36: ='Resumen-DiarioHorario-Eólico'!AD1456 -> 3.839 | AD36: ='Resumen-DiarioHorario-Eólico'!AD1516 -> 0 | AE36: ='Resumen-DiarioHorario-Eólico'!AD1576 -> 0 | AF36: ='Resumen-DiarioHorario-Eólico'!AD1635 -> 101.35633 | AG36: ='Resumen-DiarioHorario-Eólico'!AD1694 -> 191.84 | AH36: =+'Resumen-DiarioHorario-Eólico'!AD1753 -> 24.056 | AI36: =+'Resumen-DiarioHorario-Eólico'!AD1812 -> 8.8 | AK36: =SUM(E36:AI36) -> 1836.5943
B37: PE-CABOLEONES-3 | E37: ='Resumen-DiarioHorario-Eólico'!AD17 -> 0.026333333 | F37: ='Resumen-DiarioHorario-Eólico'!AD77 -> 49.534167 | G37: ='Resumen-DiarioHorario-Eólico'!AD137 -> 662.17833 | H37: ='Resumen-DiarioHorario-Eólico'!AD197 -> 75.048333 | I37: ='Resumen-DiarioHorario-Eólico'!AD257 -> 14.1865 | J37: ='Resumen-DiarioHorario-Eólico'!AD317 -> 34.382167 | K37: ='Resumen-DiarioHorario-Eólico'!AD377 -> 71.62 | L37: ='Resumen-DiarioHorario-Eólico'!AD437 -> 8.6413333 | M37: ='Resumen-DiarioHorario-Eólico'!AD497 -> 56.323833 | N37: ='Resumen-DiarioHorario-Eólico'!AD557 -> 26.271667 | O37: ='Resumen-DiarioHorario-Eólico'!AD617 -> 36.46 | P37: ='Resumen-DiarioHorario-Eólico'!AD677 -> 41.898 | Q37: ='Resumen-DiarioHorario-Eólico'!AD737 -> 30.130333 | R37: ='Resumen-DiarioHorario-Eólico'!AD797 -> 0.072666667 | S37: ='Resumen-DiarioHorario-Eólico'!AD857 -> 17.9465 | T37: ='Resumen-DiarioHorario-Eólico'!AD917 -> 0 | U37: ='Resumen-DiarioHorario-Eólico'!AD977 -> 85.276167 | V37: ='Resumen-DiarioHorario-Eólico'!AD1037 -> 0 | W37: ='Resumen-DiarioHorario-Eólico'!AD1097 -> 0 | X37: ='Resumen-DiarioHorario-Eólico'!AD1157 -> 0 | Y37: ='Resumen-DiarioHorario-Eólico'!AD1217 -> 85.106833 | Z37: ='Resumen-DiarioHorario-Eólico'!AD1277 -> 130.725 | AA37: ='Resumen-DiarioHorario-Eólico'!AD1337 -> 160.304 | AB37: ='Resumen-DiarioHorario-Eólico'!AD1397 -> 50.092667 | AC37: ='Resumen-DiarioHorario-Eólico'!AD1457 -> 89.425167 | AD37: ='Resumen-DiarioHorario-Eólico'!AD1517 -> 5.2888333 | AE37: ='Resumen-DiarioHorario-Eólico'!AD1577 -> 45.749833 | AF37: ='Resumen-DiarioHorario-Eólico'!AD1636 -> 48.280333 | AG37: ='Resumen-DiarioHorario-Eólico'!AD1695 -> 189.255 | AH37: =+'Resumen-DiarioHorario-Eólico'!AD1754 -> 10.287167 | AI37: =+'Resumen-DiarioHorario-Eólico'!AD1813 -> 11.975833 | AK37: =SUM(E37:AI37) -> 2036.487
B38: PE-SANJUAN | E38: ='Resumen-DiarioHorario-Eólico'!AD18 -> 317.57567 | F38: ='Resumen-DiarioHorario-Eólico'!AD78 -> 109.4145 | G38: ='Resumen-DiarioHorario-Eólico'!AD138 -> 144.176 | H38: ='Resumen-DiarioHorario-Eólico'!AD198 -> 82.659833 | I38: ='Resumen-DiarioHorario-Eólico'!AD258 -> 53.209 | J38: ='Resumen-DiarioHorario-Eólico'!AD318 -> 81.321833 | K38: ='Resumen-DiarioHorario-Eólico'!AD378 -> 113.19 | L38: ='Resumen-DiarioHorario-Eólico'!AD438 -> 120.09433 | M38: ='Resumen-DiarioHorario-Eólico'!AD498 -> 481.692 | N38: ='Resumen-DiarioHorario-Eólico'!AD558 -> 121.79917 | O38: ='Resumen-DiarioHorario-Eólico'!AD618 -> 508.22983 | P38: ='Resumen-DiarioHorario-Eólico'!AD678 -> 130.19033 | Q38: ='Resumen-DiarioHorario-Eólico'!AD738 -> 192.1365 | R38: ='Resumen-DiarioHorario-Eólico'!AD798 -> 148.47767 | S38: ='Resumen-DiarioHorario-Eólico'!AD858 -> 82.270167 | T38: ='Resumen-DiarioHorario-Eólico'!AD918 -> 138.93833 | U38: ='Resumen-DiarioHorario-Eólico'!AD978 -> 559.778 | V38: ='Resumen-DiarioHorario-Eólico'!AD1038 -> 117.67667 | W38: ='Resumen-DiarioHorario-Eólico'!AD1098 -> 143.10917 | X38: ='Resumen-DiarioHorario-Eólico'!AD1158 -> 186.032 | Y38: ='Resumen-DiarioHorario-Eólico'!AD1218 -> 437.86983 | Z38: ='Resumen-DiarioHorario-Eólico'!AD1278 -> 472.50217 | AA38: ='Resumen-DiarioHorario-Eólico'!AD1338 -> 599.95883 | AB38: ='Resumen-DiarioHorario-Eólico'!AD1398 -> 130.98833 | AC38: ='Resumen-DiarioHorario-Eólico'!AD1458 -> 318.28383 | AD38: ='Resumen-DiarioHorario-Eólico'!AD1518 -> 178.09417 | AE38: ='Resumen-DiarioHorario-Eólico'!AD1578 -> 190.03883 | AF38: ='Resumen-DiarioHorario-Eólico'!AD1637 -> 289.02583 | AG38: ='Resumen-DiarioHorario-Eólico'!AD1696 -> 530.504 | AH38: =+'Resumen-DiarioHorario-Eólico'!AD1755 -> 52.907 | AI38: =+'Resumen-DiarioHorario-Eólico'!AD1814 -> 88.863333 | AK38: =SUM(E38:AI38) -> 7121.0072
B39: PE-PUNTACOLORADA | E39: ='Resumen-DiarioHorario-Eólico'!AD19 -> 0 | F39: ='Resumen-DiarioHorario-Eólico'!AD79 -> 0 | G39: ='Resumen-DiarioHorario-Eólico'!AD139 -> 0 | H39: ='Resumen-DiarioHorario-Eólico'!AD199 -> 0 | I39: ='Resumen-DiarioHorario-Eólico'!AD259 -> 0 | J39: ='Resumen-DiarioHorario-Eólico'!AD319 -> 0 | K39: ='Resumen-DiarioHorario-Eólico'!AD379 -> 0 | L39: ='Resumen-DiarioHorario-Eólico'!AD439 -> 0 | M39: ='Resumen-DiarioHorario-Eólico'!AD499 -> 0 | N39: ='Resumen-DiarioHorario-Eólico'!AD559 -> 0 | O39: ='Resumen-DiarioHorario-Eólico'!AD619 -> 0 | P39: ='Resumen-DiarioHorario-Eólico'!AD679 -> 0 | Q39: ='Resumen-DiarioHorario-Eólico'!AD739 -> 0 | R39: ='Resumen-DiarioHorario-Eólico'!AD799 -> 0 | S39: ='Resumen-DiarioHorario-Eólico'!AD859 -> 0 | T39: ='Resumen-DiarioHorario-Eólico'!AD919 -> 0 | U39: ='Resumen-DiarioHorario-Eólico'!AD979 -> 0 | V39: ='Resumen-DiarioHorario-Eólico'!AD1039 -> 0 | W39: ='Resumen-DiarioHorario-Eólico'!AD1099 -> 0 | X39: ='Resumen-DiarioHorario-Eólico'!AD1159 -> 0 | Y39: ='Resumen-DiarioHorario-Eólico'!AD1219 -> 0 | Z39: ='Resumen-DiarioHorario-Eólico'!AD1279 -> 0 | AA39: ='Resumen-DiarioHorario-Eólico'!AD1339 -> 0 | AB39: ='Resumen-DiarioHorario-Eólico'!AD1399 -> 0 | AC39: ='Resumen-DiarioHorario-Eólico'!AD1459 -> 0 | AD39: ='Resumen-DiarioHorario-Eólico'!AD1519 -> 0 | AE39: ='Resumen-DiarioHorario-Eólico'!AD1579 -> 0 | AF39: ='Resumen-DiarioHorario-Eólico'!AD1638 -> 0 | AG39: ='Resumen-DiarioHorario-Eólico'!AD1697 -> 0 | AH39: =+'Resumen-DiarioHorario-Eólico'!AD1756 -> 0 | AI39: =+'Resumen-DiarioHorario-Eólico'!AD1815 -> 0 | AK39: =SUM(E39:AI39) -> 0
... B72: PE-ATACAMA | E72: ='Resumen-DiarioHorario-Eólico'!AD52 -> 1.1325 | F72: ='Resumen-DiarioHorario-Eólico'!AD112 -> 216.68867 | G72: ='Resumen-DiarioHorario-Eólico'!AD172 -> 454.00633 | H72: ='Resumen-DiarioHorario-Eólico'!AD232 -> 20.7455 | I72: ='Resumen-DiarioHorario-Eólico'!AD292 -> 119.53833 | J72: ='Resumen-DiarioHorario-Eólico'!AD352 -> 41.631167 | K72: ='Resumen-DiarioHorario-Eólico'!AD412 -> 48.55 | L72: ='Resumen-DiarioHorario-Eólico'!AD472 -> 365.46383 | M72: ='Resumen-DiarioHorario-Eólico'!AD532 -> 461.44133 | N72: ='Resumen-DiarioHorario-Eólico'!AD592 -> 41.250167 | O72: ='Resumen-DiarioHorario-Eólico'!AD652 -> 490.51783 | P72: ='Resumen-DiarioHorario-Eólico'!AD712 -> 227.21767 | Q72: ='Resumen-DiarioHorario-Eólico'!AD772 -> 383.6705 | R72: ='Resumen-DiarioHorario-Eólico'!AD832 -> 376.43483 | S72: ='Resumen-DiarioHorario-Eólico'!AD892 -> 153.184 | T72: ='Resumen-DiarioHorario-Eólico'!AD952 -> 106.7815 | U72: ='Resumen-DiarioHorario-Eólico'!AD1012 -> 574.3955 | V72: ='Resumen-DiarioHorario-Eólico'!AD1072 -> 390.39817 | W72: ='Resumen-DiarioHorario-Eólico'!AD1132 -> 633.94217 | X72: ='Resumen-DiarioHorario-Eólico'!AD1192 -> 771.50933 | Y72: ='Resumen-DiarioHorario-Eólico'!AD1252 -> 750.7675 | Z72: ='Resumen-DiarioHorario-Eólico'!AD1312 -> 771.22017 | AA72: ='Resumen-DiarioHorario-Eólico'!AD1372 -> 31.611667 | AB72: ='Resumen-DiarioHorario-Eólico'!AD1432 -> 0 | AC72: ='Resumen-DiarioHorario-Eólico'!AD1492 -> 0 | AD72: ='Resumen-DiarioHorario-Eólico'!AD1552 -> 73.684 | AE72: ='Resumen-DiarioHorario-Eólico'!AD1612 -> 58.084 | AF72: ='Resumen-DiarioHorario-Eólico'!AD1671 -> 647.43833 | AG72: ='Resumen-DiarioHorario-Eólico'!AD1730 -> 561.202 | AH72: =+'Resumen-DiarioHorario-Eólico'!AD1789 -> 244.9495 | AI72: =+'Resumen-DiarioHorario-Eólico'!AD1848 -> 0.8445 | AK72: =SUM(E72:AI72) -> 9018.301
B73: PE-LACABANA | D73: † | E73: ='Resumen-DiarioHorario-Eólico'!AD53 -> 0 | F73: ='Resumen-DiarioHorario-Eólico'!AD113 -> 0 | G73: ='Resumen-DiarioHorario-Eólico'!AD173 -> 0 | H73: ='Resumen-DiarioHorario-Eólico'!AD233 -> 0 | I73: ='Resumen-DiarioHorario-Eólico'!AD293 -> 0 | J73: ='Resumen-DiarioHorario-Eólico'!AD353 -> 0 | K73: ='Resumen-DiarioHorario-Eólico'!AD413 -> 0 | L73: ='Resumen-DiarioHorario-Eólico'!AD473 -> 0 | M73: ='Resumen-DiarioHorario-Eólico'!AD533 -> 0 | N73: ='Resumen-DiarioHorario-Eólico'!AD593 -> 0 | O73: ='Resumen-DiarioHorario-Eólico'!AD653 -> 0 | P73: ='Resumen-DiarioHorario-Eólico'!AD713 -> 0 | Q73: ='Resumen-DiarioHorario-Eólico'!AD773 -> 0 | R73: ='Resumen-DiarioHorario-Eólico'!AD833 -> 0 | S73: ='Resumen-DiarioHorario-Eólico'!AD893 -> 0 | T73: ='Resumen-DiarioHorario-Eólico'!AD953 -> 0 | U73: ='Resumen-DiarioHorario-Eólico'!AD1013 -> 0 | V73: ='Resumen-DiarioHorario-Eólico'!AD1073 -> 0 | W73: ='Resumen-DiarioHorario-Eólico'!AD1133 -> 0 | X73: ='Resumen-DiarioHorario-Eólico'!AD1193 -> 0 | Y73: ='Resumen-DiarioHorario-Eólico'!AD1253 -> 0 | Z73: ='Resumen-DiarioHorario-Eólico'!AD1313 -> 0 | AA73: ='Resumen-DiarioHorario-Eólico'!AD1373 -> 0 | AB73: ='Resumen-DiarioHorario-Eólico'!AD1433 -> 0 | AC73: ='Resumen-DiarioHorario-Eólico'!AD1493 -> 0 | AD73: ='Resumen-DiarioHorario-Eólico'!AD1553 -> 0 | AE73: ='Resumen-DiarioHorario-Eólico'!AD1613 -> 0 | AF73: ='Resumen-DiarioHorario-Eólico'!AD1672 -> 0 | AG73: ='Resumen-DiarioHorario-Eólico'!AD1731 -> 0 | AH73: =+'Resumen-DiarioHorario-Eólico'!AD1790 -> 0 | AI73: =+'Resumen-DiarioHorario-Eólico'!AD1849 -> 0 | AK73: =SUM(E73:AI73) -> 0
B74: PE-SANMATIAS | E74: ='Resumen-DiarioHorario-Eólico'!AD54 -> 81.2985 | F74: ='Resumen-DiarioHorario-Eólico'!AD114 -> 0.29233333 | G74: ='Resumen-DiarioHorario-Eólico'!AD174 -> 50.933 | H74: ='Resumen-DiarioHorario-Eólico'!AD234 -> 143.7085 | I74: ='Resumen-DiarioHorario-Eólico'!AD294 -> 193.82583 | J74: ='Resumen-DiarioHorario-Eólico'!AD354 -> 26.938833 | K74: ='Resumen-DiarioHorario-Eólico'!AD414 -> 32.56 | L74: ='Resumen-DiarioHorario-Eólico'!AD474 -> 60.5255 | M74: ='Resumen-DiarioHorario-Eólico'!AD534 -> 0.12183333 | N74: ='Resumen-DiarioHorario-Eólico'!AD594 -> 2.9743333 | O74: ='Resumen-DiarioHorario-Eólico'!AD654 -> 4.0635 | P74: ='Resumen-DiarioHorario-Eólico'!AD714 -> 75.527667 | Q74: ='Resumen-DiarioHorario-Eólico'!AD774 -> 183.148 | R74: ='Resumen-DiarioHorario-Eólico'!AD834 -> 120.84767 | S74: ='Resumen-DiarioHorario-Eólico'!AD894 -> 92.6465 | T74: ='Resumen-DiarioHorario-Eólico'!AD954 -> 39.684 | U74: ='Resumen-DiarioHorario-Eólico'!AD1014 -> 0 | V74: ='Resumen-DiarioHorario-Eólico'!AD1074 -> 0 | W74: ='Resumen-DiarioHorario-Eólico'!AD1134 -> 0 | X74: ='Resumen-DiarioHorario-Eólico'!AD1194 -> 0 | Y74: ='Resumen-DiarioHorario-Eólico'!AD1254 -> 35.849333 | Z74: ='Resumen-DiarioHorario-Eólico'!AD1314 -> 0.47116667 | AA74: ='Resumen-DiarioHorario-Eólico'!AD1374 -> 0 | AB74: ='Resumen-DiarioHorario-Eólico'!AD1434 -> 0 | AC74: ='Resumen-DiarioHorario-Eólico'!AD1494 -> 15.736667 | AD74: ='Resumen-DiarioHorario-Eólico'!AD1554 -> 0 | AE74: ='Resumen-DiarioHorario-Eólico'!AD1614 -> 0 | AF74: ='Resumen-DiarioHorario-Eólico'!AD1673 -> 13.589833 | AG74: ='Resumen-DiarioHorario-Eólico'!AD1732 -> 0.0091666667 | AH74: =+'Resumen-DiarioHorario-Eólico'!AD1791 -> 0.84066667 | AI74: =+'Resumen-DiarioHorario-Eólico'!AD1850 -> 25.296 | AK74: =SUM(E74:AI74) -> 1200.8888
B75: PE-CARDONAL | E75: ='Resumen-DiarioHorario-Eólico'!AD55 -> 4.837725 | F75: ='Resumen-DiarioHorario-Eólico'!AD115 -> 13.210635 | G75: ='Resumen-DiarioHorario-Eólico'!AD175 -> 22.612432 | H75: ='Resumen-DiarioHorario-Eólico'!AD235 -> 39.35279 | I75: ='Resumen-DiarioHorario-Eólico'!AD295 -> 11.47801 | J75: ='Resumen-DiarioHorario-Eólico'!AD355 -> 4.9791433 | K75: ='Resumen-DiarioHorario-Eólico'!AD415 -> 4.64 | L75: ='Resumen-DiarioHorario-Eólico'!AD475 -> 14.204097 | M75: ='Resumen-DiarioHorario-Eólico'!AD535 -> 0.17018333 | N75: ='Resumen-DiarioHorario-Eólico'!AD595 -> 0.17174333 | O75: ='Resumen-DiarioHorario-Eólico'!AD655 -> 1.0936117 | P75: ='Resumen-DiarioHorario-Eólico'!AD715 -> 49.147108 | Q75: ='Resumen-DiarioHorario-Eólico'!AD775 -> 35.965922 | R75: ='Resumen-DiarioHorario-Eólico'!AD835 -> 15.710598 | S75: ='Resumen-DiarioHorario-Eólico'!AD895 -> 15.675587 | T75: ='Resumen-DiarioHorario-Eólico'!AD955 -> 32.153467 | U75: ='Resumen-DiarioHorario-Eólico'!AD1015 -> 0 | V75: ='Resumen-DiarioHorario-Eólico'!AD1075 -> 0 | W75: ='Resumen-DiarioHorario-Eólico'!AD1135 -> 0 | X75: ='Resumen-DiarioHorario-Eólico'!AD1195 -> 0 | Y75: ='Resumen-DiarioHorario-Eólico'!AD1255 -> 4.9006417 | Z75: ='Resumen-DiarioHorario-Eólico'!AD1315 -> 1.367455 | AA75: ='Resumen-DiarioHorario-Eólico'!AD1375 -> 0 | AB75: ='Resumen-DiarioHorario-Eólico'!AD1435 -> 0 | AC75: ='Resumen-DiarioHorario-Eólico'!AD1495 -> 10.408293 | AD75: ='Resumen-DiarioHorario-Eólico'!AD1555 -> 0 | AE75: ='Resumen-DiarioHorario-Eólico'!AD1615 -> 0 | AF75: ='Resumen-DiarioHorario-Eólico'!AD1674 -> 4.405525 | AG75: ='Resumen-DiarioHorario-Eólico'!AD1733 -> 19.31354 | AH75: =+'Resumen-DiarioHorario-Eólico'!AD1792 -> 0.63793333 | AI75: =+'Resumen-DiarioHorario-Eólico'!AD1851 -> 3.0643217 | AK75: =SUM(E75:AI75) -> 309.50076
B76: PE-CERRILLOS | E76: ='Resumen-DiarioHorario-Eólico'!AD56 -> 13.81524 | F76: ='Resumen-DiarioHorario-Eólico'!AD116 -> 9.1194067 | G76: ='Resumen-DiarioHorario-Eólico'!AD176 -> 21.706293 | H76: ='Resumen-DiarioHorario-Eólico'!AD236 -> 10.219097 | I76: ='Resumen-DiarioHorario-Eólico'!AD296 -> 6.8108533 | J76: ='Resumen-DiarioHorario-Eólico'!AD356 -> 9.9419767 | K76: ='Resumen-DiarioHorario-Eólico'!AD416 -> 10.41 | L76: ='Resumen-DiarioHorario-Eólico'!AD476 -> 12.304197 | M76: ='Resumen-DiarioHorario-Eólico'!AD536 -> 3.6617667 | N76: ='Resumen-DiarioHorario-Eólico'!AD596 -> 0.83396 | O76: ='Resumen-DiarioHorario-Eólico'!AD656 -> 3.6614633 | P76: ='Resumen-DiarioHorario-Eólico'!AD716 -> 50.222967 | Q76: ='Resumen-DiarioHorario-Eólico'!AD776 -> 36.576143 | R76: ='Resumen-DiarioHorario-Eólico'!AD836 -> 22.40496 | S76: ='Resumen-DiarioHorario-Eólico'!AD896 -> 30.639913 | T76: ='Resumen-DiarioHorario-Eólico'!AD956 -> 42.898663 | U76: ='Resumen-DiarioHorario-Eólico'!AD1016 -> 0 | V76: ='Resumen-DiarioHorario-Eólico'!AD1076 -> 0 | W76: ='Resumen-DiarioHorario-Eólico'!AD1136 -> 0 | X76: ='Resumen-DiarioHorario-Eólico'!AD1196 -> 0 | Y76: ='Resumen-DiarioHorario-Eólico'!AD1256 -> 1.5429833 | Z76: ='Resumen-DiarioHorario-Eólico'!AD1316 -> 1.8642633 | AA76: ='Resumen-DiarioHorario-Eólico'!AD1376 -> 0 | AB76: ='Resumen-DiarioHorario-Eólico'!AD1436 -> 0 | AC76: ='Resumen-DiarioHorario-Eólico'!AD1496 -> 5.1954933 | AD76: ='Resumen-DiarioHorario-Eólico'!AD1556 -> 0 | AE76: ='Resumen-DiarioHorario-Eólico'!AD1616 -> 0 | AF76: ='Resumen-DiarioHorario-Eólico'!AD1675 -> 0.40268333 | AG76: ='Resumen-DiarioHorario-Eólico'!AD1734 -> 4.38102 | AH76: =+'Resumen-DiarioHorario-Eólico'!AD1793 -> 3.1722667 | AI76: =+'Resumen-DiarioHorario-Eólico'!AD1852 -> 5.63163 | AK76: =SUM(E76:AI76) -> 307.41724
B77: PE-MANANTIALES | E77: ='Resumen-DiarioHorario-Eólico'!AD57 -> 25.211797 | F77: ='Resumen-DiarioHorario-Eólico'!AD117 -> 21.042 | G77: ='Resumen-DiarioHorario-Eólico'!AD177 -> 25.758737 | H77: ='Resumen-DiarioHorario-Eólico'!AD237 -> 36.7393 | I77: ='Resumen-DiarioHorario-Eólico'!AD297 -> 25.05311 | J77: ='Resumen-DiarioHorario-Eólico'!AD357 -> 23.366388 | K77: ='Resumen-DiarioHorario-Eólico'!AD417 -> 36.99 | L77: ='Resumen-DiarioHorario-Eólico'!AD477 -> 30.299583 | M77: ='Resumen-DiarioHorario-Eólico'!AD537 -> 2.10371 | N77: ='Resumen-DiarioHorario-Eólico'!AD597 -> 0.15659333 | O77: ='Resumen-DiarioHorario-Eólico'!AD657 -> 2.741565 | P77: ='Resumen-DiarioHorario-Eólico'!AD717 -> 66.824862 | Q77: ='Resumen-DiarioHorario-Eólico'!AD777 -> 56.381288 | R77: ='Resumen-DiarioHorario-Eólico'!AD837 -> 39.618113 | S77: ='Resumen-DiarioHorario-Eólico'!AD897 -> 53.694837 | T77: ='Resumen-DiarioHorario-Eólico'!AD957 -> 56.26847 | U77: ='Resumen-DiarioHorario-Eólico'!AD1017 -> 0 | V77: ='Resumen-DiarioHorario-Eólico'!AD1077 -> 0 | W77: ='Resumen-DiarioHorario-Eólico'!AD1137 -> 0 | X77: ='Resumen-DiarioHorario-Eólico'!AD1197 -> 0 | Y77: ='Resumen-DiarioHorario-Eólico'!AD1257 -> 5.2711533 | Z77: ='Resumen-DiarioHorario-Eólico'!AD1317 -> 2.837115 | AA77: ='Resumen-DiarioHorario-Eólico'!AD1377 -> 0 | AB77: ='Resumen-DiarioHorario-Eólico'!AD1437 -> 0 | AC77: ='Resumen-DiarioHorario-Eólico'!AD1497 -> 10.791547 | AD77: ='Resumen-DiarioHorario-Eólico'!AD1557 -> 0 | AE77: ='Resumen-DiarioHorario-Eólico'!AD1617 -> 0 | AF77: ='Resumen-DiarioHorario-Eólico'!AD1676 -> 1.8508833 | AG77: ='Resumen-DiarioHorario-Eólico'!AD1735 -> 7.70052 | AH77: =+'Resumen-DiarioHorario-Eólico'!AD1794 -> 6.75096 | AI77: =+'Resumen-DiarioHorario-Eólico'!AD1853 -> 12.45646 | AK77: =SUM(E77:AI77) -> 549.90899
B78: PE-KALLPA | E78: ='Resumen-DiarioHorario-Eólico'!AD58 -> 438.4815 | F78: ='Resumen-DiarioHorario-Eólico'!AD118 -> 243.72983 | G78: ='Resumen-DiarioHorario-Eólico'!AD178 -> 380.18 | H78: ='Resumen-DiarioHorario-Eólico'!AD238 -> 532.33783 | I78: ='Resumen-DiarioHorario-Eólico'!AD298 -> 363.4725 | J78: ='Resumen-DiarioHorario-Eólico'!AD358 -> 236.46183 | K78: ='Resumen-DiarioHorario-Eólico'!AD418 -> 839.35 | L78: ='Resumen-DiarioHorario-Eólico'!AD478 -> 374.69267 | M78: ='Resumen-DiarioHorario-Eólico'!AD538 -> 82.4385 | N78: ='Resumen-DiarioHorario-Eólico'!AD598 -> 145.15583 | O78: ='Resumen-DiarioHorario-Eólico'!AD658 -> 171.5895 | P78: ='Resumen-DiarioHorario-Eólico'!AD718 -> 286.99833 | Q78: ='Resumen-DiarioHorario-Eólico'!AD778 -> 477.609 | R78: ='Resumen-DiarioHorario-Eólico'!AD838 -> 326.10383 | S78: ='Resumen-DiarioHorario-Eólico'!AD898 -> 612.51843 | T78: ='Resumen-DiarioHorario-Eólico'!AD958 -> 880.67205 | U78: ='Resumen-DiarioHorario-Eólico'!AD1018 -> 0 | V78: ='Resumen-DiarioHorario-Eólico'!AD1078 -> 0 | W78: ='Resumen-DiarioHorario-Eólico'!AD1138 -> 0 | X78: ='Resumen-DiarioHorario-Eólico'!AD1198 -> 0 | Y78: ='Resumen-DiarioHorario-Eólico'!AD1258 -> 417.58883 | Z78: ='Resumen-DiarioHorario-Eólico'!AD1318 -> 15.251667 | AA78: ='Resumen-DiarioHorario-Eólico'!AD1378 -> 572.77067 | AB78: ='Resumen-DiarioHorario-Eólico'!AD1438 -> 0 | AC78: ='Resumen-DiarioHorario-Eólico'!AD1498 -> 113.67617 | AD78: ='Resumen-DiarioHorario-Eólico'!AD1558 -> 0 | AE78: ='Resumen-DiarioHorario-Eólico'!AD1618 -> 0 | AF78: ='Resumen-DiarioHorario-Eólico'!AD1677 -> 484.07117 | AG78: ='Resumen-DiarioHorario-Eólico'!AD1736 -> 598.77533 | AH78: =+'Resumen-DiarioHorario-Eólico'!AD1795 -> 511.3645 | AI78: =+'Resumen-DiarioHorario-Eólico'!AD1854 -> 311.13583 | AK78: =SUM(E78:AI78) -> 9416.4258
B79: PE-HORIZONTENORTE | E79: ='Resumen-DiarioHorario-Eólico'!AD59 -> 126.10433 | F79: ='Resumen-DiarioHorario-Eólico'!AD119 -> 17.4165 | G79: ='Resumen-DiarioHorario-Eólico'!AD179 -> 34.708167 | H79: ='Resumen-DiarioHorario-Eólico'!AD239 -> 91.4082 | I79: ='Resumen-DiarioHorario-Eólico'!AD299 -> 254.8247 | J79: ='Resumen-DiarioHorario-Eólico'!AD359 -> 282.45167 | K79: ='Resumen-DiarioHorario-Eólico'!AD419 -> 540.17 | L79: ='Resumen-DiarioHorario-Eólico'!AD479 -> 1553.2793 | M79: ='Resumen-DiarioHorario-Eólico'!AD539 -> 361.01953 | N79: ='Resumen-DiarioHorario-Eólico'!AD599 -> 368.06962 | O79: ='Resumen-DiarioHorario-Eólico'!AD659 -> 111.88893 | P79: ='Resumen-DiarioHorario-Eólico'!AD719 -> 118.1004 | Q79: ='Resumen-DiarioHorario-Eólico'!AD779 -> 109.66138 | R79: ='Resumen-DiarioHorario-Eólico'!AD839 -> 118.78122 | S79: ='Resumen-DiarioHorario-Eólico'!AD899 -> 475.19317 | T79: ='Resumen-DiarioHorario-Eólico'!AD959 -> 1246.4493 | U79: ='Resumen-DiarioHorario-Eólico'!AD1019 -> 284.37728 | V79: ='Resumen-DiarioHorario-Eólico'!AD1079 -> 171.15917 | W79: ='Resumen-DiarioHorario-Eólico'!AD1139 -> 147.76217 | X79: ='Resumen-DiarioHorario-Eólico'!AD1199 -> 234.00962 | Y79: ='Resumen-DiarioHorario-Eólico'!AD1259 -> 268.7947 | Z79: ='Resumen-DiarioHorario-Eólico'!AD1319 -> 345.43337 | AA79: ='Resumen-DiarioHorario-Eólico'!AD1379 -> 272.98922 | AB79: ='Resumen-DiarioHorario-Eólico'!AD1439 -> 228.5545 | AC79: ='Resumen-DiarioHorario-Eólico'!AD1499 -> 139.572 | AD79: ='Resumen-DiarioHorario-Eólico'!AD1559 -> 173.1105 | AE79: ='Resumen-DiarioHorario-Eólico'!AD1619 -> 154.83417 | AF79: ='Resumen-DiarioHorario-Eólico'!AD1678 -> 150.372 | AG79: ='Resumen-DiarioHorario-Eólico'!AD1737 -> 289.7735 | AH79: =+'Resumen-DiarioHorario-Eólico'!AD1796 -> 528.40883 | AI79: =+'Resumen-DiarioHorario-Eólico'!AD1855 -> 160.03983 | AK79: =SUM(E79:AI79) -> 9358.7173
B80: PE-HORIZONTESUR | E80: ='Resumen-DiarioHorario-Eólico'!AD60 -> 199.20683 | F80: ='Resumen-DiarioHorario-Eólico'!AD120 -> 64.762167 | G80: ='Resumen-DiarioHorario-Eólico'!AD180 -> 94.260167 | H80: ='Resumen-DiarioHorario-Eólico'!AD240 -> 101.66832 | I80: ='Resumen-DiarioHorario-Eólico'!AD300 -> 219.37215 | J80: ='Resumen-DiarioHorario-Eólico'!AD360 -> 273.65618 | K80: ='Resumen-DiarioHorario-Eólico'!AD420 -> 656.76 | L80: ='Resumen-DiarioHorario-Eólico'!AD480 -> 943.71733 | M80: ='Resumen-DiarioHorario-Eólico'!AD540 -> 340.85988 | N80: ='Resumen-DiarioHorario-Eólico'!AD600 -> 315.24877 | O80: ='Resumen-DiarioHorario-Eólico'!AD660 -> 110.58727 | P80: ='Resumen-DiarioHorario-Eólico'!AD720 -> 60.326317 | Q80: ='Resumen-DiarioHorario-Eólico'!AD780 -> 18.39165 | R80: ='Resumen-DiarioHorario-Eólico'!AD840 -> 158.25465 | S80: ='Resumen-DiarioHorario-Eólico'!AD900 -> 483.41667 | T80: ='Resumen-DiarioHorario-Eólico'!AD960 -> 708.47167 | U80: ='Resumen-DiarioHorario-Eólico'!AD1020 -> 217.73845 | V80: ='Resumen-DiarioHorario-Eólico'!AD1080 -> 140.17583 | W80: ='Resumen-DiarioHorario-Eólico'!AD1140 -> 190.91317 | X80: ='Resumen-DiarioHorario-Eólico'!AD1200 -> 1283.5177 | Y80: ='Resumen-DiarioHorario-Eólico'!AD1260 -> 185.12303 | Z80: ='Resumen-DiarioHorario-Eólico'!AD1320 -> 277.11427 | AA80: ='Resumen-DiarioHorario-Eólico'!AD1380 -> 5.4529333 | AB80: ='Resumen-DiarioHorario-Eólico'!AD1440 -> 90.318 | AC80: ='Resumen-DiarioHorario-Eólico'!AD1500 -> 92.884667 | AD80: ='Resumen-DiarioHorario-Eólico'!AD1560 -> 186.20683 | AE80: ='Resumen-DiarioHorario-Eólico'!AD1620 -> 182.09067 | AF80: ='Resumen-DiarioHorario-Eólico'!AD1679 -> 123.13683 | AG80: ='Resumen-DiarioHorario-Eólico'!AD1738 -> 441.22733 | AH80: =+'Resumen-DiarioHorario-Eólico'!AD1797 -> 604.73517 | AI80: =+'Resumen-DiarioHorario-Eólico'!AD1856 -> 279.80317 | AK80: =SUM(E80:AI80) -> 9049.3981
B81: PE-PUNTADETALCA | E81: ='Resumen-DiarioHorario-Eólico'!AD61 -> 18.599667 | F81: ='Resumen-DiarioHorario-Eólico'!AD121 -> 70.0985 | G81: ='Resumen-DiarioHorario-Eólico'!AD181 -> 102.21633 | H81: ='Resumen-DiarioHorario-Eólico'!AD241 -> 121.62083 | I81: ='Resumen-DiarioHorario-Eólico'!AD301 -> 2.8015 | J81: ='Resumen-DiarioHorario-Eólico'!AD361 -> 3.7516667 | K81: ='Resumen-DiarioHorario-Eólico'!AD421 -> 8.27 | L81: ='Resumen-DiarioHorario-Eólico'!AD481 -> 14.875833 | M81: ='Resumen-DiarioHorario-Eólico'!AD541 -> 124.03367 | N81: ='Resumen-DiarioHorario-Eólico'!AD601 -> 55.118667 | O81: ='Resumen-DiarioHorario-Eólico'!AD661 -> 112.21133 | P81: ='Resumen-DiarioHorario-Eólico'!AD721 -> 80.1525 | Q81: ='Resumen-DiarioHorario-Eólico'!AD781 -> 62.459333 | R81: ='Resumen-DiarioHorario-Eólico'!AD841 -> 31.221 | S81: ='Resumen-DiarioHorario-Eólico'!AD901 -> 6.0231667 | T81: ='Resumen-DiarioHorario-Eólico'!AD961 -> 15.404333 | U81: ='Resumen-DiarioHorario-Eólico'!AD1021 -> 270.94483 | V81: ='Resumen-DiarioHorario-Eólico'!AD1081 -> 65.932667 | W81: ='Resumen-DiarioHorario-Eólico'!AD1141 -> 7.6438333 | X81: ='Resumen-DiarioHorario-Eólico'!AD1201 -> 0 | Y81: ='Resumen-DiarioHorario-Eólico'!AD1261 -> 64.028333 | Z81: ='Resumen-DiarioHorario-Eólico'!AD1321 -> 91.680333 | AA81: ='Resumen-DiarioHorario-Eólico'!AD1381 -> 362.755 | AB81: ='Resumen-DiarioHorario-Eólico'!AD1441 -> 149.61267 | AC81: ='Resumen-DiarioHorario-Eólico'!AD1501 -> 171.90233 | AD81: ='Resumen-DiarioHorario-Eólico'!AD1561 -> 30.365333 | AE81: ='Resumen-DiarioHorario-Eólico'!AD1621 -> 29.010833 | AF81: ='Resumen-DiarioHorario-Eólico'!AD1680 -> 121.06783 | AG81: ='Resumen-DiarioHorario-Eólico'!AD1739 -> 86.556833 | AH81: =+'Resumen-DiarioHorario-Eólico'!AD1798 -> 1.2346667 | AI81: =+'Resumen-DiarioHorario-Eólico'!AD1857 -> 2.6411667 | AK81: =SUM(E81:AI81) -> 2284.235
B84: DESGLOSE DIARIO DE CURTAILMENTS DE ENERGÍA SOLAR
B86: Central / Día | E86: =E26 -> 46082 | F86: =F26 -> 46083 | G86: =G26 -> 46084 | H86: =H26 -> 46085 | I86: =I26 -> 46086 | J86: =J26 -> 46087 | K86: =K26 -> 46088 | L86: =L26 -> 46089 | ... AI86: =AI26 -> 46112 | AJ86: Total
B87: Total | E87: =SUM(E88:E159) -> 16162.245 | F87: =SUM(F88:F159) -> 7585.7904 | G87: =SUM(G88:G159) -> 9668.5249 | H87: =SUM(H88:H159) -> 13075.16 | I87: =SUM(I88:I159) -> 11137.534 | J87: =SUM(J88:J159) -> 10242.871 | K87: =SUM(K88:K159) -> 10572.12 | L87: =SUM(L88:L159) -> 11570.984 | ... AI87: =SUM(AI88:AI159) -> 4413.7318 | AJ87: =SUM(AK88:AK159) -> 369684.38
B88: PFV-POZOALMONTE-2 | E88: ='Resumen-DiarioHorario-Solar'!AD8 -> 2.2733333 | F88: ='Resumen-DiarioHorario-Solar'!AD86 -> 2.0033333 | G88: ='Resumen-DiarioHorario-Solar'!AD164 -> 2.0733333 | H88: ='Resumen-DiarioHorario-Solar'!AD242 -> 1.4916667 | I88: ='Resumen-DiarioHorario-Solar'!AD320 -> 1.8783333 | J88: ='Resumen-DiarioHorario-Solar'!AD398 -> 0.60666667 | K88: ='Resumen-DiarioHorario-Solar'!AD476 -> 3.95 | L88: ='Resumen-DiarioHorario-Solar'!AD554 -> 1.31 | M88: ='Resumen-DiarioHorario-Solar'!AD632 -> 1.2933333 | N88: ='Resumen-DiarioHorario-Solar'!AD710 -> 1.2466667 | O88: ='Resumen-DiarioHorario-Solar'!AD788 -> 1.2966667 | P88: ='Resumen-DiarioHorario-Solar'!AD866 -> 1.5666667 | Q88: ='Resumen-DiarioHorario-Solar'!AD944 -> 1.4033333 | R88: ='Resumen-DiarioHorario-Solar'!AD1022 -> 0.94333333 | S88: ='Resumen-DiarioHorario-Solar'!AD1100 -> 3.6766667 | T88: ='Resumen-DiarioHorario-Solar'!AD1178 -> 5.0683333 | U88: ='Resumen-DiarioHorario-Solar'!AD1256 -> 1.275 | V88: ='Resumen-DiarioHorario-Solar'!AD1334 -> 3.79 | W88: ='Resumen-DiarioHorario-Solar'!AD1412 -> 1.2766667 | X88: ='Resumen-DiarioHorario-Solar'!AD1490 -> 2.8 | Y88: ='Resumen-DiarioHorario-Solar'!AD1568 -> 4.5466667 | Z88: ='Resumen-DiarioHorario-Solar'!AD1646 -> 5.565 | AA88: ='Resumen-DiarioHorario-Solar'!AD1724 -> 1.9866667 | AB88: ='Resumen-DiarioHorario-Solar'!AD1802 -> 6.2483333 | AC88: ='Resumen-DiarioHorario-Solar'!AD1880 -> 3.72 | AD88: ='Resumen-DiarioHorario-Solar'!AD1958 -> 1.615 | AE88: ='Resumen-DiarioHorario-Solar'!AD2036 -> 7.405 | AF88: ='Resumen-DiarioHorario-Solar'!AD2114 -> 3.2833333 | AG88: ='Resumen-DiarioHorario-Solar'!AD2192 -> 2.2966667 | AH88: ='Resumen-DiarioHorario-Solar'!AD2270 -> 1.635 | AI88: =+'Resumen-DiarioHorario-Solar'!AD2348 -> 1.2666667 | AK88: =SUM(E88:AI88) -> 80.791667
B89: PFV-POZOALMONTE-3 | E89: ='Resumen-DiarioHorario-Solar'!AD9 -> 125.65333 | F89: ='Resumen-DiarioHorario-Solar'!AD87 -> 10.671667 | G89: ='Resumen-DiarioHorario-Solar'!AD165 -> 11.906667 | H89: ='Resumen-DiarioHorario-Solar'!AD243 -> 8.9483333 | I89: ='Resumen-DiarioHorario-Solar'!AD321 -> 11.655 | J89: ='Resumen-DiarioHorario-Solar'!AD399 -> 9.5266667 | K89: ='Resumen-DiarioHorario-Solar'!AD477 -> 9.93 | L89: ='Resumen-DiarioHorario-Solar'!AD555 -> 115.38833 | M89: ='Resumen-DiarioHorario-Solar'!AD633 -> 92.886667 | N89: ='Resumen-DiarioHorario-Solar'!AD711 -> 8.0433333 | O89: ='Resumen-DiarioHorario-Solar'!AD789 -> 60.878333 | P89: ='Resumen-DiarioHorario-Solar'!AD867 -> 83.103333 | Q89: ='Resumen-DiarioHorario-Solar'!AD945 -> 22.186667 | R89: ='Resumen-DiarioHorario-Solar'!AD1023 -> 94.888333 | S89: ='Resumen-DiarioHorario-Solar'!AD1101 -> 18.755 | T89: ='Resumen-DiarioHorario-Solar'!AD1179 -> 78.585 | U89: ='Resumen-DiarioHorario-Solar'!AD1257 -> 119.6 | V89: ='Resumen-DiarioHorario-Solar'!AD1335 -> 17.066667 | W89: ='Resumen-DiarioHorario-Solar'!AD1413 -> 49.475 | X89: ='Resumen-DiarioHorario-Solar'!AD1491 -> 44.746667 | Y89: ='Resumen-DiarioHorario-Solar'!AD1569 -> 107.30833 | Z89: ='Resumen-DiarioHorario-Solar'!AD1647 -> 60.505 | AA89: ='Resumen-DiarioHorario-Solar'!AD1725 -> 69.101667 | AB89: ='Resumen-DiarioHorario-Solar'!AD1803 -> 23.28 | AC89: ='Resumen-DiarioHorario-Solar'!AD1881 -> 10.398333 | AD89: ='Resumen-DiarioHorario-Solar'!AD1959 -> 29.83 | AE89: ='Resumen-DiarioHorario-Solar'!AD2037 -> 29.503333 | AF89: ='Resumen-DiarioHorario-Solar'!AD2115 -> 17.446667 | AG89: ='Resumen-DiarioHorario-Solar'!AD2193 -> 18.876667 | AH89: ='Resumen-DiarioHorario-Solar'!AD2271 -> 12.43 | AI89: =+'Resumen-DiarioHorario-Solar'!AD2349 -> 53.536667 | AK89: =SUM(E89:AI89) -> 1426.1117
B90: PFV-LAHUAYCA-2 | E90: ='Resumen-DiarioHorario-Solar'!AD10 -> 58.882833 | F90: ='Resumen-DiarioHorario-Solar'!AD88 -> 24.9325 | G90: ='Resumen-DiarioHorario-Solar'!AD166 -> 52.415 | H90: ='Resumen-DiarioHorario-Solar'!AD244 -> 37.2855 | I90: ='Resumen-DiarioHorario-Solar'!AD322 -> 9.8605 | J90: ='Resumen-DiarioHorario-Solar'!AD400 -> 9.2015 | K90: ='Resumen-DiarioHorario-Solar'!AD478 -> 13.04 | L90: ='Resumen-DiarioHorario-Solar'!AD556 -> 39.312333 | M90: ='Resumen-DiarioHorario-Solar'!AD634 -> 8.083 | N90: ='Resumen-DiarioHorario-Solar'!AD712 -> 2.213 | O90: ='Resumen-DiarioHorario-Solar'!AD790 -> 31.145 | P90: ='Resumen-DiarioHorario-Solar'!AD868 -> 21.274667 | Q90: ='Resumen-DiarioHorario-Solar'!AD946 -> 48.034833 | R90: ='Resumen-DiarioHorario-Solar'!AD1024 -> 20.456333 | S90: ='Resumen-DiarioHorario-Solar'!AD1102 -> 24.97 | T90: ='Resumen-DiarioHorario-Solar'!AD1180 -> 18.753333 | U90: ='Resumen-DiarioHorario-Solar'!AD1258 -> 61.023667 | V90: ='Resumen-DiarioHorario-Solar'!AD1336 -> 54.968167 | W90: ='Resumen-DiarioHorario-Solar'!AD1414 -> 42.908167 | X90: ='Resumen-DiarioHorario-Solar'!AD1492 -> 52.266 | Y90: ='Resumen-DiarioHorario-Solar'!AD1570 -> 56.2535 | Z90: ='Resumen-DiarioHorario-Solar'!AD1648 -> 45.657333 | AA90: ='Resumen-DiarioHorario-Solar'!AD1726 -> 44.875 | AB90: ='Resumen-DiarioHorario-Solar'!AD1804 -> 33.249 | AC90: ='Resumen-DiarioHorario-Solar'!AD1882 -> 57.472333 | AD90: ='Resumen-DiarioHorario-Solar'!AD1960 -> 5.137 | AE90: ='Resumen-DiarioHorario-Solar'!AD2038 -> 38.086833 | AF90: ='Resumen-DiarioHorario-Solar'!AD2116 -> 51.924167 | AG90: ='Resumen-DiarioHorario-Solar'!AD2194 -> 43.795333 | AH90: ='Resumen-DiarioHorario-Solar'!AD2272 -> 18.524667 | AI90: =+'Resumen-DiarioHorario-Solar'!AD2350 -> 0.53083333 | AK90: =SUM(E90:AI90) -> 1026.5323
B91: PFV-SANTAISABEL | E91: ='Resumen-DiarioHorario-Solar'!AD11 -> 987.97733 | F91: ='Resumen-DiarioHorario-Solar'!AD89 -> 626.24333 | G91: ='Resumen-DiarioHorario-Solar'!AD167 -> 588.66117 | H91: ='Resumen-DiarioHorario-Solar'!AD245 -> 753.73783 | I91: ='Resumen-DiarioHorario-Solar'!AD323 -> 685.73933 | J91: ='Resumen-DiarioHorario-Solar'!AD401 -> 593.24417 | K91: ='Resumen-DiarioHorario-Solar'!AD479 -> 532 | L91: ='Resumen-DiarioHorario-Solar'!AD557 -> 756.7845 | M91: ='Resumen-DiarioHorario-Solar'!AD635 -> 504.5325 | N91: ='Resumen-DiarioHorario-Solar'!AD713 -> 428.3735 | O91: ='Resumen-DiarioHorario-Solar'!AD791 -> 456.6335 | P91: ='Resumen-DiarioHorario-Solar'!AD869 -> 337.66867 | Q91: ='Resumen-DiarioHorario-Solar'!AD947 -> 508.12517 | R91: ='Resumen-DiarioHorario-Solar'!AD1025 -> 532.10367 | S91: ='Resumen-DiarioHorario-Solar'!AD1103 -> 296.03267 | T91: ='Resumen-DiarioHorario-Solar'!AD1181 -> 291.71167 | U91: ='Resumen-DiarioHorario-Solar'!AD1259 -> 893.98083 | V91: ='Resumen-DiarioHorario-Solar'!AD1337 -> 657.199 | W91: ='Resumen-DiarioHorario-Solar'!AD1415 -> 809.589 | X91: ='Resumen-DiarioHorario-Solar'!AD1493 -> 1073.9638 | Y91: ='Resumen-DiarioHorario-Solar'!AD1571 -> 1011.9295 | Z91: ='Resumen-DiarioHorario-Solar'!AD1649 -> 639.34517 | AA91: ='Resumen-DiarioHorario-Solar'!AD1727 -> 656.854 | AB91: ='Resumen-DiarioHorario-Solar'!AD1805 -> 927.57817 | AC91: ='Resumen-DiarioHorario-Solar'!AD1883 -> 694.8875 | AD91: ='Resumen-DiarioHorario-Solar'!AD1961 -> 669.33417 | AE91: ='Resumen-DiarioHorario-Solar'!AD2039 -> 887.34167 | AF91: ='Resumen-DiarioHorario-Solar'!AD2117 -> 748.25067 | AG91: ='Resumen-DiarioHorario-Solar'!AD2195 -> 605.67017 | AH91: ='Resumen-DiarioHorario-Solar'!AD2273 -> 459.8715 | AI91: =+'Resumen-DiarioHorario-Solar'!AD2351 -> 141.16767 | AK91: =SUM(E91:AI91) -> 19756.532
B92: PFV-HUATACONDO | E92: ='Resumen-DiarioHorario-Solar'!AD12 -> 0 | F92: ='Resumen-DiarioHorario-Solar'!AD90 -> 0 | G92: ='Resumen-DiarioHorario-Solar'!AD168 -> 0 | H92: ='Resumen-DiarioHorario-Solar'!AD246 -> 0 | I92: ='Resumen-DiarioHorario-Solar'!AD324 -> 0 | J92: ='Resumen-DiarioHorario-Solar'!AD402 -> 0 | K92: ='Resumen-DiarioHorario-Solar'!AD480 -> 0 | L92: ='Resumen-DiarioHorario-Solar'!AD558 -> 0 | M92: ='Resumen-DiarioHorario-Solar'!AD636 -> 0 | N92: ='Resumen-DiarioHorario-Solar'!AD714 -> 0 | O92: ='Resumen-DiarioHorario-Solar'!AD792 -> 0 | P92: ='Resumen-DiarioHorario-Solar'!AD870 -> 0 | Q92: ='Resumen-DiarioHorario-Solar'!AD948 -> 0 | R92: ='Resumen-DiarioHorario-Solar'!AD1026 -> 0 | S92: ='Resumen-DiarioHorario-Solar'!AD1104 -> 0 | T92: ='Resumen-DiarioHorario-Solar'!AD1182 -> 0 | U92: ='Resumen-DiarioHorario-Solar'!AD1260 -> 0 | V92: ='Resumen-DiarioHorario-Solar'!AD1338 -> 0 | W92: ='Resumen-DiarioHorario-Solar'!AD1416 -> 0 | X92: ='Resumen-DiarioHorario-Solar'!AD1494 -> 0 | Y92: ='Resumen-DiarioHorario-Solar'!AD1572 -> 0 | Z92: ='Resumen-DiarioHorario-Solar'!AD1650 -> 0 | AA92: ='Resumen-DiarioHorario-Solar'!AD1728 -> 0 | AB92: ='Resumen-DiarioHorario-Solar'!AD1806 -> 0 | AC92: ='Resumen-DiarioHorario-Solar'!AD1884 -> 0 | AD92: ='Resumen-DiarioHorario-Solar'!AD1962 -> 0 | AE92: ='Resumen-DiarioHorario-Solar'!AD2040 -> 0 | AF92: ='Resumen-DiarioHorario-Solar'!AD2118 -> 0 | AG92: ='Resumen-DiarioHorario-Solar'!AD2196 -> 0 | AH92: ='Resumen-DiarioHorario-Solar'!AD2274 -> 0 | AI92: =+'Resumen-DiarioHorario-Solar'!AD2352 -> 0 | AK92: =SUM(E92:AI92) -> 0
B93: PFV-ATACAMASOLAR-2 | E93: ='Resumen-DiarioHorario-Solar'!AD13 -> 181.75283 | F93: ='Resumen-DiarioHorario-Solar'!AD91 -> 127.66067 | G93: ='Resumen-DiarioHorario-Solar'!AD169 -> 168.72117 | H93: ='Resumen-DiarioHorario-Solar'!AD247 -> 142.37983 | I93: ='Resumen-DiarioHorario-Solar'!AD325 -> 124.412 | J93: ='Resumen-DiarioHorario-Solar'!AD403 -> 89.879833 | K93: ='Resumen-DiarioHorario-Solar'!AD481 -> 170.64 | L93: ='Resumen-DiarioHorario-Solar'!AD559 -> 152.06783 | M93: ='Resumen-DiarioHorario-Solar'!AD637 -> 109.7375 | N93: ='Resumen-DiarioHorario-Solar'!AD715 -> 119.718 | O93: ='Resumen-DiarioHorario-Solar'!AD793 -> 97.070833 | P93: ='Resumen-DiarioHorario-Solar'!AD871 -> 101.788 | Q93: ='Resumen-DiarioHorario-Solar'!AD949 -> 154.2365 | R93: ='Resumen-DiarioHorario-Solar'!AD1027 -> 82.434833 | S93: ='Resumen-DiarioHorario-Solar'!AD1105 -> 62.385667 | T93: ='Resumen-DiarioHorario-Solar'!AD1183 -> 46.3975 | U93: ='Resumen-DiarioHorario-Solar'!AD1261 -> 179.41583 | V93: ='Resumen-DiarioHorario-Solar'!AD1339 -> 190.95617 | W93: ='Resumen-DiarioHorario-Solar'!AD1417 -> 153.618 | X93: ='Resumen-DiarioHorario-Solar'!AD1495 -> 153.67533 | Y93: ='Resumen-DiarioHorario-Solar'!AD1573 -> 207.312 | Z93: ='Resumen-DiarioHorario-Solar'!AD1651 -> 191.99067 | AA93: ='Resumen-DiarioHorario-Solar'!AD1729 -> 195.83417 | AB93: ='Resumen-DiarioHorario-Solar'!AD1807 -> 180.88767 | AC93: ='Resumen-DiarioHorario-Solar'!AD1885 -> 181.80083 | AD93: ='Resumen-DiarioHorario-Solar'!AD1963 -> 159.13767 | AE93: ='Resumen-DiarioHorario-Solar'!AD2041 -> 38.1845 | AF93: ='Resumen-DiarioHorario-Solar'!AD2119 -> 167.17883 | AG93: ='Resumen-DiarioHorario-Solar'!AD2197 -> 126.82867 | AH93: ='Resumen-DiarioHorario-Solar'!AD2275 -> 80.606667 | AI93: =+'Resumen-DiarioHorario-Solar'!AD2353 -> 41.472167 | AK93: =SUM(E93:AI93) -> 4180.1822
B94: PFV-NUEVOQUILLAGUA | D94: † | E94: ='Resumen-DiarioHorario-Solar'!AD14 -> 0 | F94: ='Resumen-DiarioHorario-Solar'!AD92 -> 0 | G94: ='Resumen-DiarioHorario-Solar'!AD170 -> 0 | H94: ='Resumen-DiarioHorario-Solar'!AD248 -> 0 | I94: ='Resumen-DiarioHorario-Solar'!AD326 -> 0 | J94: ='Resumen-DiarioHorario-Solar'!AD404 -> 0 | K94: ='Resumen-DiarioHorario-Solar'!AD482 -> 0 | L94: ='Resumen-DiarioHorario-Solar'!AD560 -> 0 | M94: ='Resumen-DiarioHorario-Solar'!AD638 -> 0 | N94: ='Resumen-DiarioHorario-Solar'!AD716 -> 0 | O94: ='Resumen-DiarioHorario-Solar'!AD794 -> 0 | P94: ='Resumen-DiarioHorario-Solar'!AD872 -> 0 | Q94: ='Resumen-DiarioHorario-Solar'!AD950 -> 0 | R94: ='Resumen-DiarioHorario-Solar'!AD1028 -> 0 | S94: ='Resumen-DiarioHorario-Solar'!AD1106 -> 0 | T94: ='Resumen-DiarioHorario-Solar'!AD1184 -> 0 | U94: ='Resumen-DiarioHorario-Solar'!AD1262 -> 0 | V94: ='Resumen-DiarioHorario-Solar'!AD1340 -> 0 | W94: ='Resumen-DiarioHorario-Solar'!AD1418 -> 0 | X94: ='Resumen-DiarioHorario-Solar'!AD1496 -> 0 | Y94: ='Resumen-DiarioHorario-Solar'!AD1574 -> 0 | Z94: ='Resumen-DiarioHorario-Solar'!AD1652 -> 0 | AA94: ='Resumen-DiarioHorario-Solar'!AD1730 -> 0 | AB94: ='Resumen-DiarioHorario-Solar'!AD1808 -> 0 | AC94: ='Resumen-DiarioHorario-Solar'!AD1886 -> 0 | AD94: ='Resumen-DiarioHorario-Solar'!AD1964 -> 0 | AE94: ='Resumen-DiarioHorario-Solar'!AD2042 -> 0 | AF94: ='Resumen-DiarioHorario-Solar'!AD2120 -> 0 | AG94: ='Resumen-DiarioHorario-Solar'!AD2198 -> 0 | AH94: ='Resumen-DiarioHorario-Solar'!AD2276 -> 0 | AI94: =+'Resumen-DiarioHorario-Solar'!AD2354 -> 0 | AK94: =SUM(E94:AI94) -> 0
B95: PFV-GRANJA | E95: ='Resumen-DiarioHorario-Solar'!AD15 -> 388.74167 | F95: ='Resumen-DiarioHorario-Solar'!AD93 -> 178.301 | G95: ='Resumen-DiarioHorario-Solar'!AD171 -> 0 | H95: ='Resumen-DiarioHorario-Solar'!AD249 -> 808.15283 | I95: ='Resumen-DiarioHorario-Solar'!AD327 -> 0 | J95: ='Resumen-DiarioHorario-Solar'!AD405 -> 2.4728333 | K95: ='Resumen-DiarioHorario-Solar'!AD483 -> 148.2 | L95: ='Resumen-DiarioHorario-Solar'!AD561 -> 127.59267 | M95: ='Resumen-DiarioHorario-Solar'!AD639 -> 127.20183 | N95: ='Resumen-DiarioHorario-Solar'!AD717 -> 117.31217 | O95: ='Resumen-DiarioHorario-Solar'!AD795 -> 155.35467 | P95: ='Resumen-DiarioHorario-Solar'!AD873 -> 91.674833 | Q95: ='Resumen-DiarioHorario-Solar'!AD951 -> 127.41183 | R95: ='Resumen-DiarioHorario-Solar'!AD1029 -> 115.445 | S95: ='Resumen-DiarioHorario-Solar'!AD1107 -> 87.991667 | T95: ='Resumen-DiarioHorario-Solar'!AD1185 -> 45.35 | U95: ='Resumen-DiarioHorario-Solar'!AD1263 -> 352.67 | V95: ='Resumen-DiarioHorario-Solar'!AD1341 -> 373.31383 | W95: ='Resumen-DiarioHorario-Solar'!AD1419 -> 315.48217 | X95: ='Resumen-DiarioHorario-Solar'!AD1497 -> 255.21917 | Y95: ='Resumen-DiarioHorario-Solar'!AD1575 -> 430.82033 | Z95: ='Resumen-DiarioHorario-Solar'!AD1653 -> 398.93933 | AA95: ='Resumen-DiarioHorario-Solar'!AD1731 -> 429.8205 | AB95: ='Resumen-DiarioHorario-Solar'!AD1809 -> 323.3885 | AC95: ='Resumen-DiarioHorario-Solar'!AD1887 -> 241.70383 | AD95: ='Resumen-DiarioHorario-Solar'!AD1965 -> 153.79733 | AE95: ='Resumen-DiarioHorario-Solar'!AD2043 -> 311.57317 | AF95: ='Resumen-DiarioHorario-Solar'!AD2121 -> 274.97533 | AG95: ='Resumen-DiarioHorario-Solar'!AD2199 -> 215.76883 | AH95: ='Resumen-DiarioHorario-Solar'!AD2277 -> 174.936 | AI95: =+'Resumen-DiarioHorario-Solar'!AD2355 -> 50.164833 | AK95: =SUM(E95:AI95) -> 6823.7762
B96: PFV-USYA | E96: ='Resumen-DiarioHorario-Solar'!AD16 -> 173.874 | F96: ='Resumen-DiarioHorario-Solar'!AD94 -> 240.97583 | G96: ='Resumen-DiarioHorario-Solar'!AD172 -> 327.89917 | H96: ='Resumen-DiarioHorario-Solar'!AD250 -> 280.56667 | I96: ='Resumen-DiarioHorario-Solar'!AD328 -> 311.28983 | J96: ='Resumen-DiarioHorario-Solar'!AD406 -> 333.2175 | K96: ='Resumen-DiarioHorario-Solar'!AD484 -> 356.1 | L96: ='Resumen-DiarioHorario-Solar'!AD562 -> 286.87783 | M96: ='Resumen-DiarioHorario-Solar'!AD640 -> 193.30433 | N96: ='Resumen-DiarioHorario-Solar'!AD718 -> 128.33417 | O96: ='Resumen-DiarioHorario-Solar'!AD796 -> 214.773 | P96: ='Resumen-DiarioHorario-Solar'!AD874 -> 144.85733 | Q96: ='Resumen-DiarioHorario-Solar'!AD952 -> 251.51633 | R96: ='Resumen-DiarioHorario-Solar'!AD1030 -> 201.74733 | S96: ='Resumen-DiarioHorario-Solar'!AD1108 -> 228.44983 | T96: ='Resumen-DiarioHorario-Solar'!AD1186 -> 295.64167 | U96: ='Resumen-DiarioHorario-Solar'!AD1264 -> 234.12167 | V96: ='Resumen-DiarioHorario-Solar'!AD1342 -> 355.3125 | W96: ='Resumen-DiarioHorario-Solar'!AD1420 -> 313.196 | X96: ='Resumen-DiarioHorario-Solar'!AD1498 -> 335.14 | Y96: ='Resumen-DiarioHorario-Solar'!AD1576 -> 337.03517 | Z96: ='Resumen-DiarioHorario-Solar'!AD1654 -> 232.452 | AA96: ='Resumen-DiarioHorario-Solar'!AD1732 -> 238.47067 | AB96: ='Resumen-DiarioHorario-Solar'!AD1810 -> 383.51667 | AC96: ='Resumen-DiarioHorario-Solar'!AD1888 -> 356.53167 | AD96: ='Resumen-DiarioHorario-Solar'!AD1966 -> 0 | AE96: ='Resumen-DiarioHorario-Solar'!AD2044 -> 0 | AF96: ='Resumen-DiarioHorario-Solar'!AD2122 -> 0 | AG96: ='Resumen-DiarioHorario-Solar'!AD2200 -> 0 | AH96: ='Resumen-DiarioHorario-Solar'!AD2278 -> 154.647 | AI96: =+'Resumen-DiarioHorario-Solar'!AD2356 -> 47.2775 | AK96: =SUM(E96:AI96) -> 6957.1257
B97: PFV-SANPEDRO-GPG | E97: ='Resumen-DiarioHorario-Solar'!AD17 -> 437.30383 | F97: ='Resumen-DiarioHorario-Solar'!AD95 -> 239.58767 | G97: ='Resumen-DiarioHorario-Solar'!AD173 -> 289.06283 | H97: ='Resumen-DiarioHorario-Solar'!AD251 -> 320.82567 | I97: ='Resumen-DiarioHorario-Solar'!AD329 -> 370.3595 | J97: ='Resumen-DiarioHorario-Solar'!AD407 -> 197.23967 | K97: ='Resumen-DiarioHorario-Solar'!AD485 -> 262.76 | L97: ='Resumen-DiarioHorario-Solar'!AD563 -> 181.76167 | M97: ='Resumen-DiarioHorario-Solar'!AD641 -> 191.6515 | N97: ='Resumen-DiarioHorario-Solar'!AD719 -> 355.35267 | O97: ='Resumen-DiarioHorario-Solar'!AD797 -> 311.86117 | P97: ='Resumen-DiarioHorario-Solar'!AD875 -> 141.71017 | Q97: ='Resumen-DiarioHorario-Solar'!AD953 -> 176.25033 | R97: ='Resumen-DiarioHorario-Solar'!AD1031 -> 148.69017 | S97: ='Resumen-DiarioHorario-Solar'!AD1109 -> 123.70683 | T97: ='Resumen-DiarioHorario-Solar'!AD1187 -> 110.48933 | U97: ='Resumen-DiarioHorario-Solar'!AD1265 -> 380.93467 | V97: ='Resumen-DiarioHorario-Solar'!AD1343 -> 398.31733 | W97: ='Resumen-DiarioHorario-Solar'!AD1421 -> 308.70033 | X97: ='Resumen-DiarioHorario-Solar'!AD1499 -> 288.136 | Y97: ='Resumen-DiarioHorario-Solar'!AD1577 -> 467.39933 | Z97: ='Resumen-DiarioHorario-Solar'!AD1655 -> 397.431 | AA97: ='Resumen-DiarioHorario-Solar'!AD1733 -> 442.069 | AB97: ='Resumen-DiarioHorario-Solar'!AD1811 -> 435.16983 | AC97: ='Resumen-DiarioHorario-Solar'!AD1889 -> 345.78967 | AD97: ='Resumen-DiarioHorario-Solar'!AD1967 -> 334.2495 | AE97: ='Resumen-DiarioHorario-Solar'!AD2045 -> 408.21233 | AF97: ='Resumen-DiarioHorario-Solar'!AD2123 -> 366.10833 | AG97: ='Resumen-DiarioHorario-Solar'!AD2201 -> 273.5 | AH97: ='Resumen-DiarioHorario-Solar'!AD2279 -> 218.787 | AI97: =+'Resumen-DiarioHorario-Solar'!AD2357 -> 68.773833 | AK97: =SUM(E97:AI97) -> 8992.1912
B98: PFV-JAMA-1 | E98: ='Resumen-DiarioHorario-Solar'!AD18 -> 76.559333 | F98: ='Resumen-DiarioHorario-Solar'!AD96 -> 147.02317 | G98: ='Resumen-DiarioHorario-Solar'!AD174 -> 97.6955 | H98: ='Resumen-DiarioHorario-Solar'!AD252 -> 142.28467 | I98: ='Resumen-DiarioHorario-Solar'!AD330 -> 78.268 | J98: ='Resumen-DiarioHorario-Solar'!AD408 -> 0 | K98: ='Resumen-DiarioHorario-Solar'!AD486 -> 0 | L98: ='Resumen-DiarioHorario-Solar'!AD564 -> 79.962833 | M98: ='Resumen-DiarioHorario-Solar'!AD642 -> 0 | N98: ='Resumen-DiarioHorario-Solar'!AD720 -> 0 | O98: ='Resumen-DiarioHorario-Solar'!AD798 -> 0 | P98: ='Resumen-DiarioHorario-Solar'!AD876 -> 0 | Q98: ='Resumen-DiarioHorario-Solar'!AD954 -> 0 | R98: ='Resumen-DiarioHorario-Solar'!AD1032 -> 0 | S98: ='Resumen-DiarioHorario-Solar'!AD1110 -> 0 | T98: ='Resumen-DiarioHorario-Solar'!AD1188 -> 0 | U98: ='Resumen-DiarioHorario-Solar'!AD1266 -> 0 | V98: ='Resumen-DiarioHorario-Solar'!AD1344 -> 0 | W98: ='Resumen-DiarioHorario-Solar'!AD1422 -> 0 | X98: ='Resumen-DiarioHorario-Solar'!AD1500 -> 71.495333 | Y98: ='Resumen-DiarioHorario-Solar'!AD1578 -> 214.7985 | Z98: ='Resumen-DiarioHorario-Solar'!AD1656 -> 203.12567 | AA98: ='Resumen-DiarioHorario-Solar'!AD1734 -> 125.89333 | AB98: ='Resumen-DiarioHorario-Solar'!AD1812 -> 175.17383 | AC98: ='Resumen-DiarioHorario-Solar'!AD1890 -> 0 | AD98: ='Resumen-DiarioHorario-Solar'!AD1968 -> 157.1065 | AE98: ='Resumen-DiarioHorario-Solar'!AD2046 -> 0 | AF98: ='Resumen-DiarioHorario-Solar'!AD2124 -> 0 | AG98: ='Resumen-DiarioHorario-Solar'!AD2202 -> 0 | AH98: ='Resumen-DiarioHorario-Solar'!AD2280 -> 0 | AI98: =+'Resumen-DiarioHorario-Solar'!AD2358 -> 0 | AK98: =SUM(E98:AI98) -> 1569.3867
B99: PFV-JAMA-2 | E99: ='Resumen-DiarioHorario-Solar'!AD19 -> 129.164 | F99: ='Resumen-DiarioHorario-Solar'!AD97 -> 0 | G99: ='Resumen-DiarioHorario-Solar'!AD175 -> 174.3245 | H99: ='Resumen-DiarioHorario-Solar'!AD253 -> 0 | I99: ='Resumen-DiarioHorario-Solar'!AD331 -> 213.91367 | J99: ='Resumen-DiarioHorario-Solar'!AD409 -> 0 | K99: ='Resumen-DiarioHorario-Solar'!AD487 -> 0 | L99: ='Resumen-DiarioHorario-Solar'!AD565 -> 198.5755 | M99: ='Resumen-DiarioHorario-Solar'!AD643 -> 0 | N99: ='Resumen-DiarioHorario-Solar'!AD721 -> 0 | O99: ='Resumen-DiarioHorario-Solar'!AD799 -> 0 | P99: ='Resumen-DiarioHorario-Solar'!AD877 -> 0 | Q99: ='Resumen-DiarioHorario-Solar'!AD955 -> 0 | R99: ='Resumen-DiarioHorario-Solar'!AD1033 -> 0 | S99: ='Resumen-DiarioHorario-Solar'!AD1111 -> 0 | T99: ='Resumen-DiarioHorario-Solar'!AD1189 -> 0 | U99: ='Resumen-DiarioHorario-Solar'!AD1267 -> 0 | V99: ='Resumen-DiarioHorario-Solar'!AD1345 -> 0 | W99: ='Resumen-DiarioHorario-Solar'!AD1423 -> 0 | X99: ='Resumen-DiarioHorario-Solar'!AD1501 -> 104.87933 | Y99: ='Resumen-DiarioHorario-Solar'!AD1579 -> 153.38433 | Z99: ='Resumen-DiarioHorario-Solar'!AD1657 -> 146.89433 | AA99: ='Resumen-DiarioHorario-Solar'!AD1735 -> 118.64983 | AB99: ='Resumen-DiarioHorario-Solar'!AD1813 -> 132.13967 | AC99: ='Resumen-DiarioHorario-Solar'!AD1891 -> 0 | AD99: ='Resumen-DiarioHorario-Solar'!AD1969 -> 121.44233 | AE99: ='Resumen-DiarioHorario-Solar'!AD2047 -> 0 | AF99: ='Resumen-DiarioHorario-Solar'!AD2125 -> 0 | AG99: ='Resumen-DiarioHorario-Solar'!AD2203 -> 0 | AH99: ='Resumen-DiarioHorario-Solar'!AD2281 -> 0 | AI99: =+'Resumen-DiarioHorario-Solar'!AD2359 -> 0 | AK99: =SUM(E99:AI99) -> 1493.3675
B100: PFV-SOLDELDESIERTO | E100: ='Resumen-DiarioHorario-Solar'!AD20 -> 0 | F100: ='Resumen-DiarioHorario-Solar'!AD98 -> 0 | G100: ='Resumen-DiarioHorario-Solar'!AD176 -> 0 | H100: ='Resumen-DiarioHorario-Solar'!AD254 -> 751.29183 | I100: ='Resumen-DiarioHorario-Solar'!AD332 -> 543.02317 | J100: ='Resumen-DiarioHorario-Solar'!AD410 -> 400.55783 | K100: ='Resumen-DiarioHorario-Solar'!AD488 -> 588.09 | L100: ='Resumen-DiarioHorario-Solar'!AD566 -> 647.40817 | M100: ='Resumen-DiarioHorario-Solar'!AD644 -> 405.20067 | N100: ='Resumen-DiarioHorario-Solar'!AD722 -> 353.56 | O100: ='Resumen-DiarioHorario-Solar'!AD800 -> 363.3715 | P100: ='Resumen-DiarioHorario-Solar'!AD878 -> 295.64417 | Q100: ='Resumen-DiarioHorario-Solar'!AD956 -> 360.93867 | R100: ='Resumen-DiarioHorario-Solar'!AD1034 -> 326.79683 | S100: ='Resumen-DiarioHorario-Solar'!AD1112 -> 249.24717 | T100: ='Resumen-DiarioHorario-Solar'!AD1190 -> 201.00633 | U100: ='Resumen-DiarioHorario-Solar'!AD1268 -> 848.57051 | V100: ='Resumen-DiarioHorario-Solar'!AD1346 -> 1372.12 | W100: ='Resumen-DiarioHorario-Solar'!AD1424 -> 1172.0536 | X100: ='Resumen-DiarioHorario-Solar'!AD1502 -> 941.79333 | Y100: ='Resumen-DiarioHorario-Solar'!AD1580 -> 889.4105 | Z100: ='Resumen-DiarioHorario-Solar'!AD1658 -> 975.444 | AA100: ='Resumen-DiarioHorario-Solar'!AD1736 -> 1058.006 | AB100: ='Resumen-DiarioHorario-Solar'!AD1814 -> 985.0865 | AC100: ='Resumen-DiarioHorario-Solar'!AD1892 -> 913.96 | AD100: ='Resumen-DiarioHorario-Solar'!AD1970 -> 842.81067 | AE100: ='Resumen-DiarioHorario-Solar'!AD2048 -> 1100.9153 | AF100: ='Resumen-DiarioHorario-Solar'!AD2126 -> 860.97867 | AG100: ='Resumen-DiarioHorario-Solar'!AD2204 -> 494.386 | AH100: ='Resumen-DiarioHorario-Solar'!AD2282 -> 376.83107 | AI100: =+'Resumen-DiarioHorario-Solar'!AD2360 -> 101.56847 | AK100: =SUM(E100:AI100) -> 18420.071
B101: PFV-MARIAELENA | E101: ='Resumen-DiarioHorario-Solar'!AD21 -> 154.50683 | F101: ='Resumen-DiarioHorario-Solar'!AD99 -> 87.192333 | G101: ='Resumen-DiarioHorario-Solar'!AD177 -> 95.4095 | H101: ='Resumen-DiarioHorario-Solar'!AD255 -> 92.7505 | I101: ='Resumen-DiarioHorario-Solar'!AD333 -> 72.266833 | J101: ='Resumen-DiarioHorario-Solar'!AD411 -> 84.991 | K101: ='Resumen-DiarioHorario-Solar'!AD489 -> 55.6 | L101: ='Resumen-DiarioHorario-Solar'!AD567 -> 47.030333 | M101: ='Resumen-DiarioHorario-Solar'!AD645 -> 58.016 | N101: ='Resumen-DiarioHorario-Solar'!AD723 -> 68.125333 | O101: ='Resumen-DiarioHorario-Solar'!AD801 -> 101.52933 | P101: ='Resumen-DiarioHorario-Solar'!AD879 -> 91.58 | Q101: ='Resumen-DiarioHorario-Solar'!AD957 -> 60.609167 | R101: ='Resumen-DiarioHorario-Solar'!AD1035 -> 87.543667 | S101: ='Resumen-DiarioHorario-Solar'!AD1113 -> 81.261833 | T101: ='Resumen-DiarioHorario-Solar'!AD1191 -> 49.913833 | U101: ='Resumen-DiarioHorario-Solar'!AD1269 -> 108.69267 | V101: ='Resumen-DiarioHorario-Solar'!AD1347 -> 112.55533 | W101: ='Resumen-DiarioHorario-Solar'!AD1425 -> 98.884833 | X101: ='Resumen-DiarioHorario-Solar'!AD1503 -> 99.03 | Y101: ='Resumen-DiarioHorario-Solar'!AD1581 -> 134.293 | Z101: ='Resumen-DiarioHorario-Solar'!AD1659 -> 129.93483 | AA101: ='Resumen-DiarioHorario-Solar'!AD1737 -> 144.32383 | AB101: ='Resumen-DiarioHorario-Solar'!AD1815 -> 156.11083 | AC101: ='Resumen-DiarioHorario-Solar'!AD1893 -> 152.50267 | AD101: ='Resumen-DiarioHorario-Solar'!AD1971 -> 171.425 | AE101: ='Resumen-DiarioHorario-Solar'!AD2049 -> 227.3225 | AF101: ='Resumen-DiarioHorario-Solar'!AD2127 -> 166.70433 | AG101: ='Resumen-DiarioHorario-Solar'!AD2205 -> 146.124 | AH101: ='Resumen-DiarioHorario-Solar'!AD2283 -> 173.93133 | AI101: =+'Resumen-DiarioHorario-Solar'!AD2361 -> 76.866667 | AK101: =SUM(E101:AI101) -> 3387.0283
B102: PFV-LACRUZSOLAR | E102: ='Resumen-DiarioHorario-Solar'!AD22 -> 140.92 | F102: ='Resumen-DiarioHorario-Solar'!AD100 -> 54.061 | G102: ='Resumen-DiarioHorario-Solar'!AD178 -> 71.5785 | H102: ='Resumen-DiarioHorario-Solar'!AD256 -> 73.343167 | I102: ='Resumen-DiarioHorario-Solar'!AD334 -> 54.406167 | J102: ='Resumen-DiarioHorario-Solar'!AD412 -> 37.923333 | K102: ='Resumen-DiarioHorario-Solar'!AD490 -> 65.08 | L102: ='Resumen-DiarioHorario-Solar'!AD568 -> 3.2433333 | M102: ='Resumen-DiarioHorario-Solar'!AD646 -> 381.65 | N102: ='Resumen-DiarioHorario-Solar'!AD724 -> 49.495 | O102: ='Resumen-DiarioHorario-Solar'!AD802 -> 50.655167 | P102: ='Resumen-DiarioHorario-Solar'!AD880 -> 35.564333 | Q102: ='Resumen-DiarioHorario-Solar'!AD958 -> 44.383833 | R102: ='Resumen-DiarioHorario-Solar'!AD1036 -> 52.443833 | S102: ='Resumen-DiarioHorario-Solar'!AD1114 -> 33.706 | T102: ='Resumen-DiarioHorario-Solar'!AD1192 -> 8.5995 | U102: ='Resumen-DiarioHorario-Solar'!AD1270 -> 103.67733 | V102: ='Resumen-DiarioHorario-Solar'!AD1348 -> 185.45267 | W102: ='Resumen-DiarioHorario-Solar'!AD1426 -> 154.0495 | X102: ='Resumen-DiarioHorario-Solar'!AD1504 -> 142.53067 | Y102: ='Resumen-DiarioHorario-Solar'!AD1582 -> 213.13917 | Z102: ='Resumen-DiarioHorario-Solar'!AD1660 -> 169.28383 | AA102: ='Resumen-DiarioHorario-Solar'!AD1738 -> 180.1655 | AB102: ='Resumen-DiarioHorario-Solar'!AD1816 -> 175.2175 | AC102: ='Resumen-DiarioHorario-Solar'!AD1894 -> 143.09633 | AD102: ='Resumen-DiarioHorario-Solar'!AD1972 -> 94.8155 | AE102: ='Resumen-DiarioHorario-Solar'!AD2050 -> 160.8895 | AF102: ='Resumen-DiarioHorario-Solar'!AD2128 -> 120.40417 | AG102: ='Resumen-DiarioHorario-Solar'!AD2206 -> 71.7285 | AH102: ='Resumen-DiarioHorario-Solar'!AD2284 -> 35.044333 | AI102: =+'Resumen-DiarioHorario-Solar'!AD2362 -> 4.2416667 | AK102: =SUM(E102:AI102) -> 3110.7893
B103: PFV-FINISTERRAE | E103: ='Resumen-DiarioHorario-Solar'!AD23 -> 1047.1307 | F103: ='Resumen-DiarioHorario-Solar'!AD101 -> 448.883 | G103: ='Resumen-DiarioHorario-Solar'!AD179 -> 608.88367 | H103: ='Resumen-DiarioHorario-Solar'!AD257 -> 646.92433 | I103: ='Resumen-DiarioHorario-Solar'!AD335 -> 480.44283 | J103: ='Resumen-DiarioHorario-Solar'!AD413 -> 390.29917 | K103: ='Resumen-DiarioHorario-Solar'!AD491 -> 541.54 | L103: ='Resumen-DiarioHorario-Solar'!AD569 -> 695.64833 | M103: ='Resumen-DiarioHorario-Solar'!AD647 -> 371.56233 | N103: ='Resumen-DiarioHorario-Solar'!AD725 -> 389.552 | O103: ='Resumen-DiarioHorario-Solar'!AD803 -> 369.99167 | P103: ='Resumen-DiarioHorario-Solar'!AD881 -> 298.02183 | Q103: ='Resumen-DiarioHorario-Solar'!AD959 -> 409.0615 | R103: ='Resumen-DiarioHorario-Solar'!AD1037 -> 402.56617 | S103: ='Resumen-DiarioHorario-Solar'!AD1115 -> 239.724 | T103: ='Resumen-DiarioHorario-Solar'!AD1193 -> 59.537333 | U103: ='Resumen-DiarioHorario-Solar'!AD1271 -> 965.2445 | V103: ='Resumen-DiarioHorario-Solar'!AD1349 -> 1027.1108 | W103: ='Resumen-DiarioHorario-Solar'!AD1427 -> 771.14133 | X103: ='Resumen-DiarioHorario-Solar'!AD1505 -> 775.44983 | Y103: ='Resumen-DiarioHorario-Solar'!AD1583 -> 1153.9038 | Z103: ='Resumen-DiarioHorario-Solar'!AD1661 -> 720.37167 | AA103: ='Resumen-DiarioHorario-Solar'!AD1739 -> 665.99233 | AB103: ='Resumen-DiarioHorario-Solar'!AD1817 -> 992.114 | AC103: ='Resumen-DiarioHorario-Solar'!AD1895 -> 860.76667 | AD103: ='Resumen-DiarioHorario-Solar'!AD1973 -> 542.06167 | AE103: ='Resumen-DiarioHorario-Solar'!AD2051 -> 1162.2438 | AF103: ='Resumen-DiarioHorario-Solar'!AD2129 -> 983.0335 | AG103: ='Resumen-DiarioHorario-Solar'!AD2207 -> 718.57433 | AH103: ='Resumen-DiarioHorario-Solar'!AD2285 -> 393.75967 | AI103: =+'Resumen-DiarioHorario-Solar'!AD2363 -> 154.32067 | AK103: =SUM(E103:AI103) -> 19285.858
B104: PFV-AZABACHE | E104: ='Resumen-DiarioHorario-Solar'!AD24 -> 258.704 | F104: ='Resumen-DiarioHorario-Solar'!AD102 -> 148.018 | G104: ='Resumen-DiarioHorario-Solar'!AD180 -> 142.945 | H104: ='Resumen-DiarioHorario-Solar'!AD258 -> 152.52267 | I104: ='Resumen-DiarioHorario-Solar'!AD336 -> 120.787 | J104: ='Resumen-DiarioHorario-Solar'!AD414 -> 75.0295 | K104: ='Resumen-DiarioHorario-Solar'!AD492 -> 105.42 | L104: ='Resumen-DiarioHorario-Solar'!AD570 -> 154.879 | M104: ='Resumen-DiarioHorario-Solar'!AD648 -> 90.445667 | N104: ='Resumen-DiarioHorario-Solar'!AD726 -> 92.7875 | O104: ='Resumen-DiarioHorario-Solar'!AD804 -> 112.1585 | P104: ='Resumen-DiarioHorario-Solar'!AD882 -> 46.097333 | Q104: ='Resumen-DiarioHorario-Solar'!AD960 -> 33.573833 | R104: ='Resumen-DiarioHorario-Solar'!AD1038 -> 78.993333 | S104: ='Resumen-DiarioHorario-Solar'!AD1116 -> 17.570333 | T104: ='Resumen-DiarioHorario-Solar'!AD1194 -> 15.9875 | U104: ='Resumen-DiarioHorario-Solar'!AD1272 -> 184.6525 | V104: ='Resumen-DiarioHorario-Solar'!AD1350 -> 214.09667 | W104: ='Resumen-DiarioHorario-Solar'!AD1428 -> 169.28283 | X104: ='Resumen-DiarioHorario-Solar'!AD1506 -> 174.22667 | Y104: ='Resumen-DiarioHorario-Solar'!AD1584 -> 232.0405 | Z104: ='Resumen-DiarioHorario-Solar'!AD1662 -> 190.239 | AA104: ='Resumen-DiarioHorario-Solar'!AD1740 -> 201.84333 | AB104: ='Resumen-DiarioHorario-Solar'!AD1818 -> 193.8245 | AC104: ='Resumen-DiarioHorario-Solar'!AD1896 -> 142.84617 | AD104: ='Resumen-DiarioHorario-Solar'!AD1974 -> 126.23817 | AE104: ='Resumen-DiarioHorario-Solar'!AD2052 -> 163.87033 | AF104: ='Resumen-DiarioHorario-Solar'!AD2130 -> 134.212 | AG104: ='Resumen-DiarioHorario-Solar'!AD2208 -> 76.455167 | AH104: ='Resumen-DiarioHorario-Solar'!AD2286 -> 113.61467 | AI104: =+'Resumen-DiarioHorario-Solar'!AD2364 -> 26.218 | AK104: =SUM(E104:AI104) -> 3989.5797
B105: PFV-TAMAYA | E105: ='Resumen-DiarioHorario-Solar'!AD25 -> 0 | F105: ='Resumen-DiarioHorario-Solar'!AD103 -> 0 | G105: ='Resumen-DiarioHorario-Solar'!AD181 -> 0 | H105: ='Resumen-DiarioHorario-Solar'!AD259 -> 0 | I105: ='Resumen-DiarioHorario-Solar'!AD337 -> 0 | J105: ='Resumen-DiarioHorario-Solar'!AD415 -> 0 | K105: ='Resumen-DiarioHorario-Solar'!AD493 -> 0 | L105: ='Resumen-DiarioHorario-Solar'!AD571 -> 0 | M105: ='Resumen-DiarioHorario-Solar'!AD649 -> 0 | N105: ='Resumen-DiarioHorario-Solar'!AD727 -> 0 | O105: ='Resumen-DiarioHorario-Solar'!AD805 -> 0 | P105: ='Resumen-DiarioHorario-Solar'!AD883 -> 0 | Q105: ='Resumen-DiarioHorario-Solar'!AD961 -> 0 | R105: ='Resumen-DiarioHorario-Solar'!AD1039 -> 0 | S105: ='Resumen-DiarioHorario-Solar'!AD1117 -> 0 | T105: ='Resumen-DiarioHorario-Solar'!AD1195 -> 0 | U105: ='Resumen-DiarioHorario-Solar'!AD1273 -> 0 | V105: ='Resumen-DiarioHorario-Solar'!AD1351 -> 0 | W105: ='Resumen-DiarioHorario-Solar'!AD1429 -> 0 | X105: ='Resumen-DiarioHorario-Solar'!AD1507 -> 0 | Y105: ='Resumen-DiarioHorario-Solar'!AD1585 -> 0 | Z105: ='Resumen-DiarioHorario-Solar'!AD1663 -> 0 | AA105: ='Resumen-DiarioHorario-Solar'!AD1741 -> 0 | AB105: ='Resumen-DiarioHorario-Solar'!AD1819 -> 0 | AC105: ='Resumen-DiarioHorario-Solar'!AD1897 -> 0 | AD105: ='Resumen-DiarioHorario-Solar'!AD1975 -> 0 | AE105: ='Resumen-DiarioHorario-Solar'!AD2053 -> 0 | AF105: ='Resumen-DiarioHorario-Solar'!AD2131 -> 0 | AG105: ='Resumen-DiarioHorario-Solar'!AD2209 -> 0 | AH105: ='Resumen-DiarioHorario-Solar'!AD2287 -> 0 | AI105: =+'Resumen-DiarioHorario-Solar'!AD2365 -> 0 | AK105: =SUM(E105:AI105) -> 0
B106: PFV-CERRODOMINADOR | E106: ='Resumen-DiarioHorario-Solar'!AD26 -> 99.043833 | F106: ='Resumen-DiarioHorario-Solar'!AD104 -> 8.7351667 | G106: ='Resumen-DiarioHorario-Solar'!AD182 -> 11.518667 | H106: ='Resumen-DiarioHorario-Solar'!AD260 -> 23.685167 | I106: ='Resumen-DiarioHorario-Solar'!AD338 -> 12.703833 | J106: ='Resumen-DiarioHorario-Solar'!AD416 -> 1.061 | K106: ='Resumen-DiarioHorario-Solar'!AD494 -> 20.09 | L106: ='Resumen-DiarioHorario-Solar'!AD572 -> 45.559833 | M106: ='Resumen-DiarioHorario-Solar'!AD650 -> 14.960833 | N106: ='Resumen-DiarioHorario-Solar'!AD728 -> 6.1936667 | O106: ='Resumen-DiarioHorario-Solar'!AD806 -> 5.6781667 | P106: ='Resumen-DiarioHorario-Solar'!AD884 -> 16.470167 | Q106: ='Resumen-DiarioHorario-Solar'!AD962 -> 164.58017 | R106: ='Resumen-DiarioHorario-Solar'!AD1040 -> 148.53117 | S106: ='Resumen-DiarioHorario-Solar'!AD1118 -> 9.616 | T106: ='Resumen-DiarioHorario-Solar'!AD1196 -> 9.3815 | U106: ='Resumen-DiarioHorario-Solar'!AD1274 -> 401.18217 | V106: ='Resumen-DiarioHorario-Solar'!AD1352 -> 424.30367 | W106: ='Resumen-DiarioHorario-Solar'!AD1430 -> 335.84283 | X106: ='Resumen-DiarioHorario-Solar'!AD1508 -> 311.4805 | Y106: ='Resumen-DiarioHorario-Solar'!AD1586 -> 473.6375 | Z106: ='Resumen-DiarioHorario-Solar'!AD1664 -> 436.19717 | AA106: ='Resumen-DiarioHorario-Solar'!AD1742 -> 460.4235 | AB106: ='Resumen-DiarioHorario-Solar'!AD1820 -> 426.23017 | AC106: ='Resumen-DiarioHorario-Solar'!AD1898 -> 350.4215 | AD106: ='Resumen-DiarioHorario-Solar'!AD1976 -> 356.67533 | AE106: ='Resumen-DiarioHorario-Solar'!AD2054 -> 423.72767 | AF106: ='Resumen-DiarioHorario-Solar'!AD2132 -> 5.835 | AG106: ='Resumen-DiarioHorario-Solar'!AD2210 -> 260.79867 | AH106: ='Resumen-DiarioHorario-Solar'!AD2288 -> 125.63267 | AI106: =+'Resumen-DiarioHorario-Solar'!AD2366 -> 33.551667 | AK106: =SUM(E106:AI106) -> 5423.7492
... B120: PFV-CHANARES | E120: ='Resumen-DiarioHorario-Solar'!AD40 -> 25.2985 | F120: ='Resumen-DiarioHorario-Solar'!AD118 -> 1.826 | G120: ='Resumen-DiarioHorario-Solar'!AD196 -> 5.4345 | H120: ='Resumen-DiarioHorario-Solar'!AD274 -> 6.3408333 | I120: ='Resumen-DiarioHorario-Solar'!AD352 -> 5.0276667 | J120: ='Resumen-DiarioHorario-Solar'!AD430 -> 1.2766667 | K120: ='Resumen-DiarioHorario-Solar'!AD508 -> 3 | L120: ='Resumen-DiarioHorario-Solar'!AD586 -> 6.1861667 | M120: ='Resumen-DiarioHorario-Solar'!AD664 -> 2.3676667 | N120: ='Resumen-DiarioHorario-Solar'!AD742 -> 11.257167 | O120: ='Resumen-DiarioHorario-Solar'!AD820 -> 3.6671667 | P120: ='Resumen-DiarioHorario-Solar'!AD898 -> 1.6523333 | Q120: ='Resumen-DiarioHorario-Solar'!AD976 -> 38.573667 | R120: ='Resumen-DiarioHorario-Solar'!AD1054 -> 38.768 | S120: ='Resumen-DiarioHorario-Solar'!AD1132 -> 15.868667 | T120: ='Resumen-DiarioHorario-Solar'!AD1210 -> 6.8438333 | U120: ='Resumen-DiarioHorario-Solar'!AD1288 -> 108.4235 | V120: ='Resumen-DiarioHorario-Solar'!AD1366 -> 115.17967 | W120: ='Resumen-DiarioHorario-Solar'!AD1444 -> 76.307167 | X120: ='Resumen-DiarioHorario-Solar'!AD1522 -> 72.019833 | Y120: ='Resumen-DiarioHorario-Solar'!AD1600 -> 121.89683 | Z120: ='Resumen-DiarioHorario-Solar'!AD1678 -> 104.36183 | AA120: ='Resumen-DiarioHorario-Solar'!AD1756 -> 135.57783 | AB120: ='Resumen-DiarioHorario-Solar'!AD1834 -> 193.63783 | AC120: ='Resumen-DiarioHorario-Solar'!AD1912 -> 110.02983 | AD120: ='Resumen-DiarioHorario-Solar'!AD1990 -> 108.22933 | AE120: ='Resumen-DiarioHorario-Solar'!AD2068 -> 122.20917 | AF120: ='Resumen-DiarioHorario-Solar'!AD2146 -> 110.378 | AG120: ='Resumen-DiarioHorario-Solar'!AD2224 -> 44.769167 | AH120: ='Resumen-DiarioHorario-Solar'!AD2302 -> 97.614167 | AI120: =+'Resumen-DiarioHorario-Solar'!AD2380 -> 10.364 | AK120: =SUM(E120:AI120) -> 1704.387
B121: PFV-SALVADOR | D121: † | E121: ='Resumen-DiarioHorario-Solar'!AD41 -> 0 | F121: ='Resumen-DiarioHorario-Solar'!AD119 -> 0 | G121: ='Resumen-DiarioHorario-Solar'!AD197 -> 0 | H121: ='Resumen-DiarioHorario-Solar'!AD275 -> 0 | I121: ='Resumen-DiarioHorario-Solar'!AD353 -> 0 | J121: ='Resumen-DiarioHorario-Solar'!AD431 -> 0 | K121: ='Resumen-DiarioHorario-Solar'!AD509 -> 0 | L121: ='Resumen-DiarioHorario-Solar'!AD587 -> 0 | M121: ='Resumen-DiarioHorario-Solar'!AD665 -> 0 | N121: ='Resumen-DiarioHorario-Solar'!AD743 -> 0 | O121: ='Resumen-DiarioHorario-Solar'!AD821 -> 0 | P121: ='Resumen-DiarioHorario-Solar'!AD899 -> 0 | Q121: ='Resumen-DiarioHorario-Solar'!AD977 -> 0 | R121: ='Resumen-DiarioHorario-Solar'!AD1055 -> 0 | S121: ='Resumen-DiarioHorario-Solar'!AD1133 -> 0 | T121: ='Resumen-DiarioHorario-Solar'!AD1211 -> 0 | U121: ='Resumen-DiarioHorario-Solar'!AD1289 -> 0 | V121: ='Resumen-DiarioHorario-Solar'!AD1367 -> 0 | W121: ='Resumen-DiarioHorario-Solar'!AD1445 -> 0 | X121: ='Resumen-DiarioHorario-Solar'!AD1523 -> 0 | Y121: ='Resumen-DiarioHorario-Solar'!AD1601 -> 0 | Z121: ='Resumen-DiarioHorario-Solar'!AD1679 -> 0 | AA121: ='Resumen-DiarioHorario-Solar'!AD1757 -> 0 | AB121: ='Resumen-DiarioHorario-Solar'!AD1835 -> 0 | AC121: ='Resumen-DiarioHorario-Solar'!AD1913 -> 0 | AD121: ='Resumen-DiarioHorario-Solar'!AD1991 -> 0 | AE121: ='Resumen-DiarioHorario-Solar'!AD2069 -> 0 | AF121: ='Resumen-DiarioHorario-Solar'!AD2147 -> 0 | AG121: ='Resumen-DiarioHorario-Solar'!AD2225 -> 0 | AH121: ='Resumen-DiarioHorario-Solar'!AD2303 -> 0 | AI121: =+'Resumen-DiarioHorario-Solar'!AD2381 -> 0 | AK121: =SUM(E121:AI121) -> 0
B122: PFV-DIEGODEALMAGRO | E122: ='Resumen-DiarioHorario-Solar'!AD42 -> 0.111 | F122: ='Resumen-DiarioHorario-Solar'!AD120 -> 0.216 | G122: ='Resumen-DiarioHorario-Solar'!AD198 -> 0.23533333 | H122: ='Resumen-DiarioHorario-Solar'!AD276 -> 0.12933333 | I122: ='Resumen-DiarioHorario-Solar'!AD354 -> 0.14016667 | J122: ='Resumen-DiarioHorario-Solar'!AD432 -> 0.228 | K122: ='Resumen-DiarioHorario-Solar'!AD510 -> 0.1 | L122: ='Resumen-DiarioHorario-Solar'!AD588 -> 0.051333333 | M122: ='Resumen-DiarioHorario-Solar'!AD666 -> 0 | N122: ='Resumen-DiarioHorario-Solar'!AD744 -> 0.16216667 | O122: ='Resumen-DiarioHorario-Solar'!AD822 -> 0.23883333 | P122: ='Resumen-DiarioHorario-Solar'!AD900 -> 0.36466667 | Q122: ='Resumen-DiarioHorario-Solar'!AD978 -> 0.331 | R122: ='Resumen-DiarioHorario-Solar'!AD1056 -> 0.3615 | S122: ='Resumen-DiarioHorario-Solar'!AD1134 -> 0.3975 | T122: ='Resumen-DiarioHorario-Solar'!AD1212 -> 0.25116667 | U122: ='Resumen-DiarioHorario-Solar'!AD1290 -> 0.299 | V122: ='Resumen-DiarioHorario-Solar'!AD1368 -> 0.21366667 | W122: ='Resumen-DiarioHorario-Solar'!AD1446 -> 0.22766667 | X122: ='Resumen-DiarioHorario-Solar'!AD1524 -> 0.21583333 | Y122: ='Resumen-DiarioHorario-Solar'!AD1602 -> 0.29116667 | Z122: ='Resumen-DiarioHorario-Solar'!AD1680 -> 0.2535 | AA122: ='Resumen-DiarioHorario-Solar'!AD1758 -> 0.237 | AB122: ='Resumen-DiarioHorario-Solar'!AD1836 -> 0.259 | AC122: ='Resumen-DiarioHorario-Solar'!AD1914 -> 0.2995 | AD122: ='Resumen-DiarioHorario-Solar'!AD1992 -> 0.20483333 | AE122: ='Resumen-DiarioHorario-Solar'!AD2070 -> 0.45433333 | AF122: ='Resumen-DiarioHorario-Solar'!AD2148 -> 0.352 | AG122: ='Resumen-DiarioHorario-Solar'!AD2226 -> 0.209 | AH122: ='Resumen-DiarioHorario-Solar'!AD2304 -> 0.16666667 | AI122: =+'Resumen-DiarioHorario-Solar'!AD2382 -> 0.077333333 | AK122: =SUM(E122:AI122) -> 7.0785
B123: PFV-CAMPOSDELSOL | E123: ='Resumen-DiarioHorario-Solar'!AD43 -> 1222.3837 | F123: ='Resumen-DiarioHorario-Solar'!AD121 -> 605.41067 | G123: ='Resumen-DiarioHorario-Solar'!AD199 -> 617.766 | H123: ='Resumen-DiarioHorario-Solar'!AD277 -> 523.51417 | I123: ='Resumen-DiarioHorario-Solar'!AD355 -> 573.26683 | J123: ='Resumen-DiarioHorario-Solar'!AD433 -> 440.23567 | K123: ='Resumen-DiarioHorario-Solar'!AD511 -> 597.39 | L123: ='Resumen-DiarioHorario-Solar'!AD589 -> 640.435 | M123: ='Resumen-DiarioHorario-Solar'!AD667 -> 460.07033 | N123: ='Resumen-DiarioHorario-Solar'!AD745 -> 524.46267 | O123: ='Resumen-DiarioHorario-Solar'!AD823 -> 429.23433 | P123: ='Resumen-DiarioHorario-Solar'!AD901 -> 372.3225 | Q123: ='Resumen-DiarioHorario-Solar'!AD979 -> 473.90417 | R123: ='Resumen-DiarioHorario-Solar'!AD1057 -> 481.01867 | S123: ='Resumen-DiarioHorario-Solar'!AD1135 -> 354.3645 | T123: ='Resumen-DiarioHorario-Solar'!AD1213 -> 268.1805 | U123: ='Resumen-DiarioHorario-Solar'!AD1291 -> 1588.1077 | V123: ='Resumen-DiarioHorario-Solar'!AD1369 -> 1739.4523 | W123: ='Resumen-DiarioHorario-Solar'!AD1447 -> 1385.5402 | X123: ='Resumen-DiarioHorario-Solar'!AD1525 -> 1322.3392 | Y123: ='Resumen-DiarioHorario-Solar'!AD1603 -> 1627.821 | Z123: ='Resumen-DiarioHorario-Solar'!AD1681 -> 1860.5908 | AA123: ='Resumen-DiarioHorario-Solar'!AD1759 -> 1780.969 | AB123: ='Resumen-DiarioHorario-Solar'!AD1837 -> 1683.5438 | AC123: ='Resumen-DiarioHorario-Solar'!AD1915 -> 1497.7317 | AD123: ='Resumen-DiarioHorario-Solar'!AD1993 -> 1147.8118 | AE123: ='Resumen-DiarioHorario-Solar'!AD2071 -> 1333.3868 | AF123: ='Resumen-DiarioHorario-Solar'!AD2149 -> 1504.1483 | AG123: ='Resumen-DiarioHorario-Solar'!AD2227 -> 900.605 | AH123: ='Resumen-DiarioHorario-Solar'!AD2305 -> 362.54617 | AI123: =+'Resumen-DiarioHorario-Solar'!AD2383 -> 1057.9897 | AK123: =SUM(E123:AI123) -> 29376.543
B124: PFV-CARRERAPINTO | E124: ='Resumen-DiarioHorario-Solar'!AD44 -> 329.52367 | F124: ='Resumen-DiarioHorario-Solar'!AD122 -> 464.31267 | G124: ='Resumen-DiarioHorario-Solar'!AD200 -> 472.35633 | H124: ='Resumen-DiarioHorario-Solar'!AD278 -> 527.6545 | I124: ='Resumen-DiarioHorario-Solar'!AD356 -> 573.523 | J124: ='Resumen-DiarioHorario-Solar'!AD434 -> 569.54183 | K124: ='Resumen-DiarioHorario-Solar'!AD512 -> 17.32 | L124: ='Resumen-DiarioHorario-Solar'!AD590 -> 24.6655 | M124: ='Resumen-DiarioHorario-Solar'!AD668 -> 17.0995 | N124: ='Resumen-DiarioHorario-Solar'!AD746 -> 17.656833 | O124: ='Resumen-DiarioHorario-Solar'!AD824 -> 17.7265 | P124: ='Resumen-DiarioHorario-Solar'!AD902 -> 14.951 | Q124: ='Resumen-DiarioHorario-Solar'!AD980 -> 18.475833 | R124: ='Resumen-DiarioHorario-Solar'!AD1058 -> 15.759333 | S124: ='Resumen-DiarioHorario-Solar'!AD1136 -> 13.375 | T124: ='Resumen-DiarioHorario-Solar'!AD1214 -> 14.2305 | U124: ='Resumen-DiarioHorario-Solar'!AD1292 -> 18.749 | V124: ='Resumen-DiarioHorario-Solar'!AD1370 -> 20.021333 | W124: ='Resumen-DiarioHorario-Solar'!AD1448 -> 0 | X124: ='Resumen-DiarioHorario-Solar'!AD1526 -> 0 | Y124: ='Resumen-DiarioHorario-Solar'!AD1604 -> 306.71017 | Z124: ='Resumen-DiarioHorario-Solar'!AD1682 -> 20.2285 | AA124: ='Resumen-DiarioHorario-Solar'!AD1760 -> 17.719167 | AB124: ='Resumen-DiarioHorario-Solar'!AD1838 -> 17.579667 | AC124: ='Resumen-DiarioHorario-Solar'!AD1916 -> 19.437333 | AD124: ='Resumen-DiarioHorario-Solar'!AD1994 -> 16.664667 | AE124: ='Resumen-DiarioHorario-Solar'!AD2072 -> 20.985 | AF124: ='Resumen-DiarioHorario-Solar'!AD2150 -> 19.759833 | AG124: ='Resumen-DiarioHorario-Solar'!AD2228 -> 30.8 | AH124: ='Resumen-DiarioHorario-Solar'!AD2306 -> 27.014667 | AI124: =+'Resumen-DiarioHorario-Solar'!AD2384 -> 10.587 | AK124: =SUM(E124:AI124) -> 3654.4283
B125: PFV-LUZDELNORTE | E125: ='Resumen-DiarioHorario-Solar'!AD45 -> 116.447 | F125: ='Resumen-DiarioHorario-Solar'!AD123 -> 50.366667 | G125: ='Resumen-DiarioHorario-Solar'!AD201 -> 111.3125 | H125: ='Resumen-DiarioHorario-Solar'!AD279 -> 116.92817 | I125: ='Resumen-DiarioHorario-Solar'!AD357 -> 649.33 | J125: ='Resumen-DiarioHorario-Solar'!AD435 -> 881.80067 | K125: ='Resumen-DiarioHorario-Solar'!AD513 -> 123.14 | L125: ='Resumen-DiarioHorario-Solar'!AD591 -> 56.579333 | M125: ='Resumen-DiarioHorario-Solar'!AD669 -> 191.7525 | N125: ='Resumen-DiarioHorario-Solar'!AD747 -> 277.0245 | O125: ='Resumen-DiarioHorario-Solar'!AD825 -> 229.897 | P125: ='Resumen-DiarioHorario-Solar'!AD903 -> 218.54033 | Q125: ='Resumen-DiarioHorario-Solar'!AD981 -> 239.63417 | R125: ='Resumen-DiarioHorario-Solar'!AD1059 -> 409.52917 | S125: ='Resumen-DiarioHorario-Solar'!AD1137 -> 295.52283 | T125: ='Resumen-DiarioHorario-Solar'!AD1215 -> 393.849 | U125: ='Resumen-DiarioHorario-Solar'!AD1293 -> 622.70417 | V125: ='Resumen-DiarioHorario-Solar'!AD1371 -> 633.63017 | W125: ='Resumen-DiarioHorario-Solar'!AD1449 -> 607.8155 | X125: ='Resumen-DiarioHorario-Solar'!AD1527 -> 578.99933 | Y125: ='Resumen-DiarioHorario-Solar'!AD1605 -> 604.41667 | Z125: ='Resumen-DiarioHorario-Solar'!AD1683 -> 428.65433 | AA125: ='Resumen-DiarioHorario-Solar'!AD1761 -> 459.495 | AB125: ='Resumen-DiarioHorario-Solar'!AD1839 -> 538.42717 | AC125: ='Resumen-DiarioHorario-Solar'!AD1917 -> 504.85433 | AD125: ='Resumen-DiarioHorario-Solar'!AD1995 -> 523.17 | AE125: ='Resumen-DiarioHorario-Solar'!AD2073 -> 611.84133 | AF125: ='Resumen-DiarioHorario-Solar'!AD2151 -> 597.60717 | AG125: ='Resumen-DiarioHorario-Solar'!AD2229 -> 832.2195 | AH125: ='Resumen-DiarioHorario-Solar'!AD2307 -> 256.548 | AI125: =+'Resumen-DiarioHorario-Solar'!AD2385 -> 155.043 | AK125: =SUM(E125:AI125) -> 12317.079
B126: PFV-LLANODELLAMPOS | E126: ='Resumen-DiarioHorario-Solar'!AD46 -> 110.3745 | F126: ='Resumen-DiarioHorario-Solar'!AD124 -> 11.451 | G126: ='Resumen-DiarioHorario-Solar'!AD202 -> 18.5785 | H126: ='Resumen-DiarioHorario-Solar'!AD280 -> 21.989833 | I126: ='Resumen-DiarioHorario-Solar'!AD358 -> 5.1605 | J126: ='Resumen-DiarioHorario-Solar'!AD436 -> 2.9083333 | K126: ='Resumen-DiarioHorario-Solar'!AD514 -> 25.36 | L126: ='Resumen-DiarioHorario-Solar'!AD592 -> 53.357333 | M126: ='Resumen-DiarioHorario-Solar'!AD670 -> 5.8228333 | N126: ='Resumen-DiarioHorario-Solar'!AD748 -> 6.4153333 | O126: ='Resumen-DiarioHorario-Solar'!AD826 -> 2.2298333 | P126: ='Resumen-DiarioHorario-Solar'!AD904 -> 1.4858333 | Q126: ='Resumen-DiarioHorario-Solar'!AD982 -> 4.695 | R126: ='Resumen-DiarioHorario-Solar'!AD1060 -> 16.850167 | S126: ='Resumen-DiarioHorario-Solar'!AD1138 -> 8.2643333 | T126: ='Resumen-DiarioHorario-Solar'!AD1216 -> 0 | U126: ='Resumen-DiarioHorario-Solar'!AD1294 -> 144.7775 | V126: ='Resumen-DiarioHorario-Solar'!AD1372 -> 207.11067 | W126: ='Resumen-DiarioHorario-Solar'!AD1450 -> 119.8905 | X126: ='Resumen-DiarioHorario-Solar'!AD1528 -> 127.65733 | Y126: ='Resumen-DiarioHorario-Solar'!AD1606 -> 251.47083 | Z126: ='Resumen-DiarioHorario-Solar'!AD1684 -> 193.30667 | AA126: ='Resumen-DiarioHorario-Solar'!AD1762 -> 251.40483 | AB126: ='Resumen-DiarioHorario-Solar'!AD1840 -> 196.71817 | AC126: ='Resumen-DiarioHorario-Solar'!AD1918 -> 173.506 | AD126: ='Resumen-DiarioHorario-Solar'!AD1996 -> 149.46733 | AE126: ='Resumen-DiarioHorario-Solar'!AD2074 -> 174.07133 | AF126: ='Resumen-DiarioHorario-Solar'!AD2152 -> 65.816 | AG126: ='Resumen-DiarioHorario-Solar'!AD2230 -> 15.2035 | AH126: ='Resumen-DiarioHorario-Solar'!AD2308 -> 0 | AI126: =+'Resumen-DiarioHorario-Solar'!AD2386 -> 0 | AK126: =SUM(E126:AI126) -> 2365.344
B127: PFV-SANANDRES | E127: ='Resumen-DiarioHorario-Solar'!AD47 -> 131.71983 | F127: ='Resumen-DiarioHorario-Solar'!AD125 -> 0 | G127: ='Resumen-DiarioHorario-Solar'!AD203 -> 0 | H127: ='Resumen-DiarioHorario-Solar'!AD281 -> 0 | I127: ='Resumen-DiarioHorario-Solar'!AD359 -> 0.0665 | J127: ='Resumen-DiarioHorario-Solar'!AD437 -> 0 | K127: ='Resumen-DiarioHorario-Solar'!AD515 -> 0 | L127: ='Resumen-DiarioHorario-Solar'!AD593 -> 0 | M127: ='Resumen-DiarioHorario-Solar'!AD671 -> 0 | N127: ='Resumen-DiarioHorario-Solar'!AD749 -> 0 | O127: ='Resumen-DiarioHorario-Solar'!AD827 -> 0 | P127: ='Resumen-DiarioHorario-Solar'!AD905 -> 0 | Q127: ='Resumen-DiarioHorario-Solar'!AD983 -> 0 | R127: ='Resumen-DiarioHorario-Solar'!AD1061 -> 0 | S127: ='Resumen-DiarioHorario-Solar'!AD1139 -> 0 | T127: ='Resumen-DiarioHorario-Solar'!AD1217 -> 0 | U127: ='Resumen-DiarioHorario-Solar'!AD1295 -> 0 | V127: ='Resumen-DiarioHorario-Solar'!AD1373 -> 0 | W127: ='Resumen-DiarioHorario-Solar'!AD1451 -> 0 | X127: ='Resumen-DiarioHorario-Solar'!AD1529 -> 0 | Y127: ='Resumen-DiarioHorario-Solar'!AD1607 -> 0 | Z127: ='Resumen-DiarioHorario-Solar'!AD1685 -> 0 | AA127: ='Resumen-DiarioHorario-Solar'!AD1763 -> 0 | AB127: ='Resumen-DiarioHorario-Solar'!AD1841 -> 0 | AC127: ='Resumen-DiarioHorario-Solar'!AD1919 -> 0 | AD127: ='Resumen-DiarioHorario-Solar'!AD1997 -> 0 | AE127: ='Resumen-DiarioHorario-Solar'!AD2075 -> 0 | AF127: ='Resumen-DiarioHorario-Solar'!AD2153 -> 0 | AG127: ='Resumen-DiarioHorario-Solar'!AD2231 -> 0 | AH127: ='Resumen-DiarioHorario-Solar'!AD2309 -> 0 | AI127: =+'Resumen-DiarioHorario-Solar'!AD2387 -> 0 | AK127: =SUM(E127:AI127) -> 131.78633
B128: PFV-RIOESCONDIDO | E128: ='Resumen-DiarioHorario-Solar'!AD48 -> 106.64083 | F128: ='Resumen-DiarioHorario-Solar'!AD126 -> 11.866333 | G128: ='Resumen-DiarioHorario-Solar'!AD204 -> 11.163 | H128: ='Resumen-DiarioHorario-Solar'!AD282 -> 21.042833 | I128: ='Resumen-DiarioHorario-Solar'!AD360 -> 21.650167 | J128: ='Resumen-DiarioHorario-Solar'!AD438 -> 12.293333 | K128: ='Resumen-DiarioHorario-Solar'!AD516 -> 29.63 | L128: ='Resumen-DiarioHorario-Solar'!AD594 -> 215.37817 | M128: ='Resumen-DiarioHorario-Solar'!AD672 -> 75.766167 | N128: ='Resumen-DiarioHorario-Solar'!AD750 -> 148.51567 | O128: ='Resumen-DiarioHorario-Solar'!AD828 -> 303.59033 | P128: ='Resumen-DiarioHorario-Solar'!AD906 -> 70.481 | Q128: ='Resumen-DiarioHorario-Solar'!AD984 -> 145.08783 | R128: ='Resumen-DiarioHorario-Solar'!AD1062 -> 53.1905 | S128: ='Resumen-DiarioHorario-Solar'!AD1140 -> 42.803333 | T128: ='Resumen-DiarioHorario-Solar'!AD1218 -> 3.154 | U128: ='Resumen-DiarioHorario-Solar'!AD1296 -> 285.20017 | V128: ='Resumen-DiarioHorario-Solar'!AD1374 -> 315.06183 | W128: ='Resumen-DiarioHorario-Solar'!AD1452 -> 99.858333 | X128: ='Resumen-DiarioHorario-Solar'!AD1530 -> 24.476833 | Y128: ='Resumen-DiarioHorario-Solar'!AD1608 -> 142.63483 | Z128: ='Resumen-DiarioHorario-Solar'!AD1686 -> 106.14433 | AA128: ='Resumen-DiarioHorario-Solar'!AD1764 -> 85.264667 | AB128: ='Resumen-DiarioHorario-Solar'!AD1842 -> 454.31467 | AC128: ='Resumen-DiarioHorario-Solar'!AD1920 -> 114.25883 | AD128: ='Resumen-DiarioHorario-Solar'!AD1998 -> 60.377333 | AE128: ='Resumen-DiarioHorario-Solar'!AD2076 -> 93.043167 | AF128: ='Resumen-DiarioHorario-Solar'!AD2154 -> 43.766 | AG128: ='Resumen-DiarioHorario-Solar'!AD2232 -> 8.861 | AH128: ='Resumen-DiarioHorario-Solar'!AD2310 -> 34.408167 | AI128: =+'Resumen-DiarioHorario-Solar'!AD2388 -> 0 | AK128: =SUM(E128:AI128) -> 3139.9237
B129: PFV-LOSLOROS | E129: ='Resumen-DiarioHorario-Solar'!AD49 -> 33.059033 | F129: ='Resumen-DiarioHorario-Solar'!AD127 -> 29.036033 | G129: ='Resumen-DiarioHorario-Solar'!AD205 -> 44.266533 | H129: ='Resumen-DiarioHorario-Solar'!AD283 -> 236.49937 | I129: ='Resumen-DiarioHorario-Solar'!AD361 -> 213.91833 | J129: ='Resumen-DiarioHorario-Solar'!AD439 -> 120.4547 | K129: ='Resumen-DiarioHorario-Solar'!AD517 -> 206.96 | L129: ='Resumen-DiarioHorario-Solar'!AD595 -> 242.6512 | M129: ='Resumen-DiarioHorario-Solar'!AD673 -> 218.79203 | N129: ='Resumen-DiarioHorario-Solar'!AD751 -> 130.02333 | O129: ='Resumen-DiarioHorario-Solar'!AD829 -> 34.703 | P129: ='Resumen-DiarioHorario-Solar'!AD907 -> 40.151833 | Q129: ='Resumen-DiarioHorario-Solar'!AD985 -> 16.480833 | R129: ='Resumen-DiarioHorario-Solar'!AD1063 -> 14.419667 | S129: ='Resumen-DiarioHorario-Solar'!AD1141 -> 14.207167 | T129: ='Resumen-DiarioHorario-Solar'!AD1219 -> 39.6912 | U129: ='Resumen-DiarioHorario-Solar'!AD1297 -> 68.177533 | V129: ='Resumen-DiarioHorario-Solar'!AD1375 -> 216.18917 | W129: ='Resumen-DiarioHorario-Solar'!AD1453 -> 140.52767 | X129: ='Resumen-DiarioHorario-Solar'!AD1531 -> 213.07433 | Y129: ='Resumen-DiarioHorario-Solar'!AD1609 -> 216.00353 | Z129: ='Resumen-DiarioHorario-Solar'!AD1687 -> 206.937 | AA129: ='Resumen-DiarioHorario-Solar'!AD1765 -> 280.51403 | AB129: ='Resumen-DiarioHorario-Solar'!AD1843 -> 247.37367 | AC129: ='Resumen-DiarioHorario-Solar'!AD1921 -> 43.918667 | AD129: ='Resumen-DiarioHorario-Solar'!AD1999 -> 53.006167 | AE129: ='Resumen-DiarioHorario-Solar'!AD2077 -> 29.258667 | AF129: ='Resumen-DiarioHorario-Solar'!AD2155 -> 40.571667 | AG129: ='Resumen-DiarioHorario-Solar'!AD2233 -> 274.094 | AH129: ='Resumen-DiarioHorario-Solar'!AD2311 -> 51.3155 | AI129: =+'Resumen-DiarioHorario-Solar'!AD2389 -> 9.4875 | AK129: =SUM(E129:AI129) -> 3725.7634
B130: PFV-ELROMERO | E130: ='Resumen-DiarioHorario-Solar'!AD50 -> 133.03433 | F130: ='Resumen-DiarioHorario-Solar'!AD128 -> 35.285333 | G130: ='Resumen-DiarioHorario-Solar'!AD206 -> 122.73583 | H130: ='Resumen-DiarioHorario-Solar'!AD284 -> 342.389 | I130: ='Resumen-DiarioHorario-Solar'!AD362 -> 138.11467 | J130: ='Resumen-DiarioHorario-Solar'!AD440 -> 25.524833 | K130: ='Resumen-DiarioHorario-Solar'!AD518 -> 63.36 | L130: ='Resumen-DiarioHorario-Solar'!AD596 -> 120.39033 | M130: ='Resumen-DiarioHorario-Solar'!AD674 -> 28.544167 | N130: ='Resumen-DiarioHorario-Solar'!AD752 -> 78.087667 | O130: ='Resumen-DiarioHorario-Solar'!AD830 -> 162.65667 | P130: ='Resumen-DiarioHorario-Solar'!AD908 -> 83.332833 | Q130: ='Resumen-DiarioHorario-Solar'!AD986 -> 240.50517 | R130: ='Resumen-DiarioHorario-Solar'!AD1064 -> 326.71383 | S130: ='Resumen-DiarioHorario-Solar'!AD1142 -> 386.88917 | T130: ='Resumen-DiarioHorario-Solar'!AD1220 -> 258.68133 | U130: ='Resumen-DiarioHorario-Solar'!AD1298 -> 75.889833 | V130: ='Resumen-DiarioHorario-Solar'!AD1376 -> 124.84783 | W130: ='Resumen-DiarioHorario-Solar'!AD1454 -> 90.334167 | X130: ='Resumen-DiarioHorario-Solar'!AD1532 -> 129.00833 | Y130: ='Resumen-DiarioHorario-Solar'!AD1610 -> 52.23 | Z130: ='Resumen-DiarioHorario-Solar'!AD1688 -> 72.269833 | AA130: ='Resumen-DiarioHorario-Solar'!AD1766 -> 142.759 | AB130: ='Resumen-DiarioHorario-Solar'!AD1844 -> 85.043167 | AC130: ='Resumen-DiarioHorario-Solar'!AD1922 -> 228.762 | AD130: ='Resumen-DiarioHorario-Solar'!AD2000 -> 130.3325 | AE130: ='Resumen-DiarioHorario-Solar'!AD2078 -> 86.565833 | AF130: ='Resumen-DiarioHorario-Solar'!AD2156 -> 25.600167 | AG130: ='Resumen-DiarioHorario-Solar'!AD2234 -> 334.31967 | AH130: ='Resumen-DiarioHorario-Solar'!AD2312 -> 131.491 | AI130: =+'Resumen-DiarioHorario-Solar'!AD2390 -> 85.586833 | AK130: =SUM(E130:AI130) -> 4341.2853
B131: PFV-ELPELICANO | E131: ='Resumen-DiarioHorario-Solar'!AD51 -> 362.09533 | F131: ='Resumen-DiarioHorario-Solar'!AD129 -> 164.5715 | G131: ='Resumen-DiarioHorario-Solar'!AD207 -> 302.40783 | H131: ='Resumen-DiarioHorario-Solar'!AD285 -> 276.616 | I131: ='Resumen-DiarioHorario-Solar'!AD363 -> 273.06433 | J131: ='Resumen-DiarioHorario-Solar'!AD441 -> 200.2855 | K131: ='Resumen-DiarioHorario-Solar'!AD519 -> 234.26 | L131: ='Resumen-DiarioHorario-Solar'!AD597 -> 319.8035 | M131: ='Resumen-DiarioHorario-Solar'!AD675 -> 187.74267 | N131: ='Resumen-DiarioHorario-Solar'!AD753 -> 191.101 | O131: ='Resumen-DiarioHorario-Solar'!AD831 -> 200.8285 | P131: ='Resumen-DiarioHorario-Solar'!AD909 -> 153.35483 | Q131: ='Resumen-DiarioHorario-Solar'!AD987 -> 189.41267 | R131: ='Resumen-DiarioHorario-Solar'!AD1065 -> 145.03583 | S131: ='Resumen-DiarioHorario-Solar'!AD1143 -> 115.12167 | T131: ='Resumen-DiarioHorario-Solar'!AD1221 -> 96.956 | U131: ='Resumen-DiarioHorario-Solar'!AD1299 -> 386.12533 | V131: ='Resumen-DiarioHorario-Solar'!AD1377 -> 407.05033 | W131: ='Resumen-DiarioHorario-Solar'!AD1455 -> 318.43233 | X131: ='Resumen-DiarioHorario-Solar'!AD1533 -> 319.34133 | Y131: ='Resumen-DiarioHorario-Solar'!AD1611 -> 457.38783 | Z131: ='Resumen-DiarioHorario-Solar'!AD1689 -> 387.844 | AA131: ='Resumen-DiarioHorario-Solar'!AD1767 -> 470.3175 | AB131: ='Resumen-DiarioHorario-Solar'!AD1845 -> 414.3865 | AC131: ='Resumen-DiarioHorario-Solar'!AD1923 -> 535.57067 | AD131: ='Resumen-DiarioHorario-Solar'!AD2001 -> 382.112 | AE131: ='Resumen-DiarioHorario-Solar'!AD2079 -> 406.32667 | AF131: ='Resumen-DiarioHorario-Solar'!AD2157 -> 344.8185 | AG131: ='Resumen-DiarioHorario-Solar'!AD2235 -> 199.1655 | AH131: ='Resumen-DiarioHorario-Solar'!AD2313 -> 126.7185 | AI131: =+'Resumen-DiarioHorario-Solar'!AD2391 -> 62.739333 | AK131: =SUM(E131:AI131) -> 8630.9935
B132: PFV-LAHUELLA | E132: ='Resumen-DiarioHorario-Solar'!AD52 -> 10.121833 | F132: ='Resumen-DiarioHorario-Solar'!AD130 -> 4.4045 | G132: ='Resumen-DiarioHorario-Solar'!AD208 -> 6.3325 | H132: ='Resumen-DiarioHorario-Solar'!AD286 -> 3.0021667 | I132: ='Resumen-DiarioHorario-Solar'!AD364 -> 36.189333 | J132: ='Resumen-DiarioHorario-Solar'!AD442 -> 2.1835 | K132: ='Resumen-DiarioHorario-Solar'!AD520 -> 7.89 | L132: ='Resumen-DiarioHorario-Solar'!AD598 -> 2.078 | M132: ='Resumen-DiarioHorario-Solar'!AD676 -> 3.8185 | N132: ='Resumen-DiarioHorario-Solar'!AD754 -> 18.343667 | O132: ='Resumen-DiarioHorario-Solar'!AD832 -> 28.9085 | P132: ='Resumen-DiarioHorario-Solar'!AD910 -> 98.691167 | Q132: ='Resumen-DiarioHorario-Solar'!AD988 -> 136.41183 | R132: ='Resumen-DiarioHorario-Solar'!AD1066 -> 35.260667 | S132: ='Resumen-DiarioHorario-Solar'!AD1144 -> 38.633 | T132: ='Resumen-DiarioHorario-Solar'!AD1222 -> 62.3485 | U132: ='Resumen-DiarioHorario-Solar'!AD1300 -> 134.80067 | V132: ='Resumen-DiarioHorario-Solar'!AD1378 -> 113.40967 | W132: ='Resumen-DiarioHorario-Solar'!AD1456 -> 114.40633 | X132: ='Resumen-DiarioHorario-Solar'!AD1534 -> 165.88233 | Y132: ='Resumen-DiarioHorario-Solar'!AD1612 -> 156.246 | Z132: ='Resumen-DiarioHorario-Solar'!AD1690 -> 157.365 | AA132: ='Resumen-DiarioHorario-Solar'!AD1768 -> 197.71533 | AB132: ='Resumen-DiarioHorario-Solar'!AD1846 -> 273.88817 | AC132: ='Resumen-DiarioHorario-Solar'!AD1924 -> 148.10467 | AD132: ='Resumen-DiarioHorario-Solar'!AD2002 -> 205.75217 | AE132: ='Resumen-DiarioHorario-Solar'!AD2080 -> 247.35233 | AF132: ='Resumen-DiarioHorario-Solar'!AD2158 -> 150.15517 | AG132: ='Resumen-DiarioHorario-Solar'!AD2236 -> 110.269 | AH132: ='Resumen-DiarioHorario-Solar'!AD2314 -> 91.253167 | AI132: =+'Resumen-DiarioHorario-Solar'!AD2392 -> 49.744333 | AK132: =SUM(E132:AI132) -> 2810.962
B133: PFV-DONACARMEN | E133: ='Resumen-DiarioHorario-Solar'!AD53 -> 30.292 | F133: ='Resumen-DiarioHorario-Solar'!AD131 -> 27.155667 | G133: ='Resumen-DiarioHorario-Solar'!AD209 -> 27.033333 | H133: ='Resumen-DiarioHorario-Solar'!AD287 -> 32.593833 | I133: ='Resumen-DiarioHorario-Solar'!AD365 -> 40.689333 | J133: ='Resumen-DiarioHorario-Solar'!AD443 -> 34.270833 | K133: ='Resumen-DiarioHorario-Solar'!AD521 -> 69.06 | L133: ='Resumen-DiarioHorario-Solar'!AD599 -> 18.637333 | M133: ='Resumen-DiarioHorario-Solar'!AD677 -> 29.020833 | N133: ='Resumen-DiarioHorario-Solar'!AD755 -> 132.7765 | O133: ='Resumen-DiarioHorario-Solar'!AD833 -> 47.354667 | P133: ='Resumen-DiarioHorario-Solar'!AD911 -> 19.683333 | Q133: ='Resumen-DiarioHorario-Solar'!AD989 -> 52.739167 | R133: ='Resumen-DiarioHorario-Solar'!AD1067 -> 30.849333 | S133: ='Resumen-DiarioHorario-Solar'!AD1145 -> 0 | T133: ='Resumen-DiarioHorario-Solar'!AD1223 -> 0 | U133: ='Resumen-DiarioHorario-Solar'!AD1301 -> 0 | V133: ='Resumen-DiarioHorario-Solar'!AD1379 -> 0 | W133: ='Resumen-DiarioHorario-Solar'!AD1457 -> 0 | X133: ='Resumen-DiarioHorario-Solar'!AD1535 -> 106.829 | Y133: ='Resumen-DiarioHorario-Solar'!AD1613 -> 51.387667 | Z133: ='Resumen-DiarioHorario-Solar'!AD1691 -> 5.6938333 | AA133: ='Resumen-DiarioHorario-Solar'!AD1769 -> 67.126333 | AB133: ='Resumen-DiarioHorario-Solar'!AD1847 -> 39.310333 | AC133: ='Resumen-DiarioHorario-Solar'!AD1925 -> 20.0055 | AD133: ='Resumen-DiarioHorario-Solar'!AD2003 -> 32.581167 | AE133: ='Resumen-DiarioHorario-Solar'!AD2081 -> 33.8875 | AF133: ='Resumen-DiarioHorario-Solar'!AD2159 -> 44.390333 | AG133: ='Resumen-DiarioHorario-Solar'!AD2237 -> 7.7563333 | AH133: ='Resumen-DiarioHorario-Solar'!AD2315 -> 115.1675 | AI133: =+'Resumen-DiarioHorario-Solar'!AD2393 -> 5.5521667 | AK133: =SUM(E133:AI133) -> 1121.8438
... B141: PFV-VALLEDELSOL | E141: ='Resumen-DiarioHorario-Solar'!AD61 -> 186.1605 | F141: ='Resumen-DiarioHorario-Solar'!AD139 -> 8.0491667 | G141: ='Resumen-DiarioHorario-Solar'!AD217 -> 16.199167 | H141: ='Resumen-DiarioHorario-Solar'!AD295 -> 19.047833 | I141: ='Resumen-DiarioHorario-Solar'!AD373 -> 22.491833 | J141: ='Resumen-DiarioHorario-Solar'!AD451 -> 16.0535 | K141: ='Resumen-DiarioHorario-Solar'!AD529 -> 63.93 | L141: ='Resumen-DiarioHorario-Solar'!AD607 -> 97.919667 | M141: ='Resumen-DiarioHorario-Solar'!AD685 -> 32.7785 | N141: ='Resumen-DiarioHorario-Solar'!AD763 -> 20.542 | O141: ='Resumen-DiarioHorario-Solar'!AD841 -> 27.902667 | P141: ='Resumen-DiarioHorario-Solar'!AD919 -> 16.425667 | Q141: ='Resumen-DiarioHorario-Solar'!AD997 -> 22.171167 | R141: ='Resumen-DiarioHorario-Solar'!AD1075 -> 36.646833 | S141: ='Resumen-DiarioHorario-Solar'!AD1153 -> 6.2633333 | T141: ='Resumen-DiarioHorario-Solar'!AD1231 -> 5.1018333 | U141: ='Resumen-DiarioHorario-Solar'!AD1309 -> 315.7605 | V141: ='Resumen-DiarioHorario-Solar'!AD1387 -> 376.0225 | W141: ='Resumen-DiarioHorario-Solar'!AD1465 -> 272.86033 | X141: ='Resumen-DiarioHorario-Solar'!AD1543 -> 283.0835 | Y141: ='Resumen-DiarioHorario-Solar'!AD1621 -> 402.83983 | Z141: ='Resumen-DiarioHorario-Solar'!AD1699 -> 299.77833 | AA141: ='Resumen-DiarioHorario-Solar'!AD1777 -> 425.6915 | AB141: ='Resumen-DiarioHorario-Solar'!AD1855 -> 429.11 | AC141: ='Resumen-DiarioHorario-Solar'!AD1933 -> 0 | AD141: ='Resumen-DiarioHorario-Solar'!AD2011 -> 267.07983 | AE141: ='Resumen-DiarioHorario-Solar'!AD2089 -> 0 | AF141: ='Resumen-DiarioHorario-Solar'!AD2167 -> 0 | AG141: ='Resumen-DiarioHorario-Solar'!AD2245 -> 0 | AH141: ='Resumen-DiarioHorario-Solar'!AD2323 -> 0 | AI141: =+'Resumen-DiarioHorario-Solar'!AD2401 -> 0 | AK141: =SUM(E141:AI141) -> 3669.91
B142: PFV-COYA | D142: † | E142: ='Resumen-DiarioHorario-Solar'!AD62 -> 0 | F142: ='Resumen-DiarioHorario-Solar'!AD140 -> 0 | G142: ='Resumen-DiarioHorario-Solar'!AD218 -> 0 | H142: ='Resumen-DiarioHorario-Solar'!AD296 -> 0 | I142: ='Resumen-DiarioHorario-Solar'!AD374 -> 0 | J142: ='Resumen-DiarioHorario-Solar'!AD452 -> 0 | K142: ='Resumen-DiarioHorario-Solar'!AD530 -> 0 | L142: ='Resumen-DiarioHorario-Solar'!AD608 -> 0 | M142: ='Resumen-DiarioHorario-Solar'!AD686 -> 0 | N142: ='Resumen-DiarioHorario-Solar'!AD764 -> 0 | O142: ='Resumen-DiarioHorario-Solar'!AD842 -> 0 | P142: ='Resumen-DiarioHorario-Solar'!AD920 -> 0 | Q142: ='Resumen-DiarioHorario-Solar'!AD998 -> 0 | R142: ='Resumen-DiarioHorario-Solar'!AD1076 -> 0 | S142: ='Resumen-DiarioHorario-Solar'!AD1154 -> 0 | T142: ='Resumen-DiarioHorario-Solar'!AD1232 -> 0 | U142: ='Resumen-DiarioHorario-Solar'!AD1310 -> 0 | V142: ='Resumen-DiarioHorario-Solar'!AD1388 -> 0 | W142: ='Resumen-DiarioHorario-Solar'!AD1466 -> 0 | X142: ='Resumen-DiarioHorario-Solar'!AD1544 -> 0 | Y142: ='Resumen-DiarioHorario-Solar'!AD1622 -> 0 | Z142: ='Resumen-DiarioHorario-Solar'!AD1700 -> 0 | AA142: ='Resumen-DiarioHorario-Solar'!AD1778 -> 0 | AB142: ='Resumen-DiarioHorario-Solar'!AD1856 -> 0 | AC142: ='Resumen-DiarioHorario-Solar'!AD1934 -> 0 | AD142: ='Resumen-DiarioHorario-Solar'!AD2012 -> 0 | AE142: ='Resumen-DiarioHorario-Solar'!AD2090 -> 0 | AF142: ='Resumen-DiarioHorario-Solar'!AD2168 -> 0 | AG142: ='Resumen-DiarioHorario-Solar'!AD2246 -> 0 | AH142: ='Resumen-DiarioHorario-Solar'!AD2324 -> 0 | AI142: =+'Resumen-DiarioHorario-Solar'!AD2402 -> 0 | AK142: =SUM(E142:AI142) -> 0
B143: PFV-GUANCHOI | E143: ='Resumen-DiarioHorario-Solar'!AD63 -> 740.2085 | F143: ='Resumen-DiarioHorario-Solar'!AD141 -> 238.06717 | G143: ='Resumen-DiarioHorario-Solar'!AD219 -> 71.865667 | H143: ='Resumen-DiarioHorario-Solar'!AD297 -> 968.74417 | I143: ='Resumen-DiarioHorario-Solar'!AD375 -> 883.44617 | J143: ='Resumen-DiarioHorario-Solar'!AD453 -> 545.45883 | K143: ='Resumen-DiarioHorario-Solar'!AD531 -> 132.18 | L143: ='Resumen-DiarioHorario-Solar'!AD609 -> 372.82817 | M143: ='Resumen-DiarioHorario-Solar'!AD687 -> 205.991 | N143: ='Resumen-DiarioHorario-Solar'!AD765 -> 381.03667 | O143: ='Resumen-DiarioHorario-Solar'!AD843 -> 501.706 | P143: ='Resumen-DiarioHorario-Solar'!AD921 -> 379.77567 | Q143: ='Resumen-DiarioHorario-Solar'!AD999 -> 112.76967 | R143: ='Resumen-DiarioHorario-Solar'!AD1077 -> 150.40817 | S143: ='Resumen-DiarioHorario-Solar'!AD1155 -> 77.302 | T143: ='Resumen-DiarioHorario-Solar'!AD1233 -> 23.278333 | U143: ='Resumen-DiarioHorario-Solar'!AD1311 -> 857.12283 | V143: ='Resumen-DiarioHorario-Solar'!AD1389 -> 1105.7177 | W143: ='Resumen-DiarioHorario-Solar'!AD1467 -> 894.656 | X143: ='Resumen-DiarioHorario-Solar'!AD1545 -> 1124.0873 | Y143: ='Resumen-DiarioHorario-Solar'!AD1623 -> 1315.7553 | Z143: ='Resumen-DiarioHorario-Solar'!AD1701 -> 1189.8378 | AA143: ='Resumen-DiarioHorario-Solar'!AD1779 -> 947.09 | AB143: ='Resumen-DiarioHorario-Solar'!AD1857 -> 999.12133 | AC143: ='Resumen-DiarioHorario-Solar'!AD1935 -> 848.14417 | AD143: ='Resumen-DiarioHorario-Solar'!AD2013 -> 764.04633 | AE143: ='Resumen-DiarioHorario-Solar'!AD2091 -> 814.31067 | AF143: ='Resumen-DiarioHorario-Solar'!AD2169 -> 734.96333 | AG143: ='Resumen-DiarioHorario-Solar'!AD2247 -> 129.48467 | AH143: ='Resumen-DiarioHorario-Solar'!AD2325 -> 49.161167 | AI143: =+'Resumen-DiarioHorario-Solar'!AD2403 -> 133.542 | AK143: =SUM(E143:AI143) -> 17692.107
B144: PFV-ANDES2B | D144: † | E144: ='Resumen-DiarioHorario-Solar'!AD64 -> 0 | F144: ='Resumen-DiarioHorario-Solar'!AD142 -> 0 | G144: ='Resumen-DiarioHorario-Solar'!AD220 -> 0 | H144: ='Resumen-DiarioHorario-Solar'!AD298 -> 0 | I144: ='Resumen-DiarioHorario-Solar'!AD376 -> 0 | J144: ='Resumen-DiarioHorario-Solar'!AD454 -> 0 | K144: ='Resumen-DiarioHorario-Solar'!AD532 -> 0 | L144: ='Resumen-DiarioHorario-Solar'!AD610 -> 0 | M144: ='Resumen-DiarioHorario-Solar'!AD688 -> 0 | N144: ='Resumen-DiarioHorario-Solar'!AD766 -> 0 | O144: ='Resumen-DiarioHorario-Solar'!AD844 -> 0 | P144: ='Resumen-DiarioHorario-Solar'!AD922 -> 0 | Q144: ='Resumen-DiarioHorario-Solar'!AD1000 -> 0 | R144: ='Resumen-DiarioHorario-Solar'!AD1078 -> 0 | S144: ='Resumen-DiarioHorario-Solar'!AD1156 -> 0 | T144: ='Resumen-DiarioHorario-Solar'!AD1234 -> 0 | U144: ='Resumen-DiarioHorario-Solar'!AD1312 -> 0 | V144: ='Resumen-DiarioHorario-Solar'!AD1390 -> 0 | W144: ='Resumen-DiarioHorario-Solar'!AD1468 -> 0 | X144: ='Resumen-DiarioHorario-Solar'!AD1546 -> 0 | Y144: ='Resumen-DiarioHorario-Solar'!AD1624 -> 0 | Z144: ='Resumen-DiarioHorario-Solar'!AD1702 -> 0 | AA144: ='Resumen-DiarioHorario-Solar'!AD1780 -> 0 | AB144: ='Resumen-DiarioHorario-Solar'!AD1858 -> 0 | AC144: ='Resumen-DiarioHorario-Solar'!AD1936 -> 0 | AD144: ='Resumen-DiarioHorario-Solar'!AD2014 -> 0 | AE144: ='Resumen-DiarioHorario-Solar'!AD2092 -> 0 | AF144: ='Resumen-DiarioHorario-Solar'!AD2170 -> 0 | AG144: ='Resumen-DiarioHorario-Solar'!AD2248 -> 0 | AH144: ='Resumen-DiarioHorario-Solar'!AD2326 -> 0 | AI144: =+'Resumen-DiarioHorario-Solar'!AD2404 -> 0 | AK144: =SUM(E144:AI144) -> 0
B145: PFV-MESETADELOSANDES | E145: ='Resumen-DiarioHorario-Solar'!AD65 -> 154.07933 | F145: ='Resumen-DiarioHorario-Solar'!AD143 -> 35.901 | G145: ='Resumen-DiarioHorario-Solar'!AD221 -> 71.880167 | H145: ='Resumen-DiarioHorario-Solar'!AD299 -> 117.67983 | I145: ='Resumen-DiarioHorario-Solar'!AD377 -> 73.46 | J145: ='Resumen-DiarioHorario-Solar'!AD455 -> 42.761833 | K145: ='Resumen-DiarioHorario-Solar'!AD533 -> 78.69 | L145: ='Resumen-DiarioHorario-Solar'!AD611 -> 13.487167 | M145: ='Resumen-DiarioHorario-Solar'!AD689 -> 8.9398333 | N145: ='Resumen-DiarioHorario-Solar'!AD767 -> 11.293833 | O145: ='Resumen-DiarioHorario-Solar'!AD845 -> 9.8876667 | P145: ='Resumen-DiarioHorario-Solar'!AD923 -> 31.1045 | Q145: ='Resumen-DiarioHorario-Solar'!AD1001 -> 190.10517 | R145: ='Resumen-DiarioHorario-Solar'!AD1079 -> 5.6366667 | S145: ='Resumen-DiarioHorario-Solar'!AD1157 -> 41.722167 | T145: ='Resumen-DiarioHorario-Solar'!AD1235 -> 45.202333 | U145: ='Resumen-DiarioHorario-Solar'!AD1313 -> 1.3201667 | V145: ='Resumen-DiarioHorario-Solar'!AD1391 -> 6.04 | W145: ='Resumen-DiarioHorario-Solar'!AD1469 -> 1.0521667 | X145: ='Resumen-DiarioHorario-Solar'!AD1547 -> 0.9655 | Y145: ='Resumen-DiarioHorario-Solar'!AD1625 -> 86.007333 | Z145: ='Resumen-DiarioHorario-Solar'!AD1703 -> 0.562 | AA145: ='Resumen-DiarioHorario-Solar'!AD1781 -> 0 | AB145: ='Resumen-DiarioHorario-Solar'!AD1859 -> 0 | AC145: ='Resumen-DiarioHorario-Solar'!AD1937 -> 11.5355 | AD145: ='Resumen-DiarioHorario-Solar'!AD2015 -> 0 | AE145: ='Resumen-DiarioHorario-Solar'!AD2093 -> 8.9598333 | AF145: ='Resumen-DiarioHorario-Solar'!AD2171 -> 8.3631667 | AG145: ='Resumen-DiarioHorario-Solar'!AD2249 -> 18.67 | AH145: ='Resumen-DiarioHorario-Solar'!AD2327 -> 23.122667 | AI145: =+'Resumen-DiarioHorario-Solar'!AD2405 -> 2.0468333 | AK145: =SUM(E145:AI145) -> 1100.4767
B146: PFV-MANZANO | E146: ='Resumen-DiarioHorario-Solar'!AD66 -> 0 | F146: ='Resumen-DiarioHorario-Solar'!AD144 -> 0 | G146: ='Resumen-DiarioHorario-Solar'!AD222 -> 0 | H146: ='Resumen-DiarioHorario-Solar'!AD300 -> 0 | I146: ='Resumen-DiarioHorario-Solar'!AD378 -> 0 | J146: ='Resumen-DiarioHorario-Solar'!AD456 -> 0 | K146: ='Resumen-DiarioHorario-Solar'!AD534 -> 0 | L146: ='Resumen-DiarioHorario-Solar'!AD612 -> 0 | M146: ='Resumen-DiarioHorario-Solar'!AD690 -> 0 | N146: ='Resumen-DiarioHorario-Solar'!AD768 -> 0 | O146: ='Resumen-DiarioHorario-Solar'!AD846 -> 0 | P146: ='Resumen-DiarioHorario-Solar'!AD924 -> 0 | Q146: ='Resumen-DiarioHorario-Solar'!AD1002 -> 0 | R146: ='Resumen-DiarioHorario-Solar'!AD1080 -> 0 | S146: ='Resumen-DiarioHorario-Solar'!AD1158 -> 0 | T146: ='Resumen-DiarioHorario-Solar'!AD1236 -> 0 | U146: ='Resumen-DiarioHorario-Solar'!AD1314 -> 0 | V146: ='Resumen-DiarioHorario-Solar'!AD1392 -> 0 | W146: ='Resumen-DiarioHorario-Solar'!AD1470 -> 0 | X146: ='Resumen-DiarioHorario-Solar'!AD1548 -> 0 | Y146: ='Resumen-DiarioHorario-Solar'!AD1626 -> 0 | Z146: ='Resumen-DiarioHorario-Solar'!AD1704 -> 0 | AA146: ='Resumen-DiarioHorario-Solar'!AD1782 -> 0 | AB146: ='Resumen-DiarioHorario-Solar'!AD1860 -> 0 | AC146: ='Resumen-DiarioHorario-Solar'!AD1938 -> 0 | AD146: ='Resumen-DiarioHorario-Solar'!AD2016 -> 0 | AE146: ='Resumen-DiarioHorario-Solar'!AD2094 -> 0 | AF146: ='Resumen-DiarioHorario-Solar'!AD2172 -> 0 | AG146: ='Resumen-DiarioHorario-Solar'!AD2250 -> 0 | AH146: ='Resumen-DiarioHorario-Solar'!AD2328 -> 0 | AI146: =+'Resumen-DiarioHorario-Solar'!AD2406 -> 0 | AK146: =SUM(E146:AI146) -> 0
B147: PFV-ELENA | E147: ='Resumen-DiarioHorario-Solar'!AD67 -> 0 | F147: ='Resumen-DiarioHorario-Solar'!AD145 -> 0 | G147: ='Resumen-DiarioHorario-Solar'!AD223 -> 0 | H147: ='Resumen-DiarioHorario-Solar'!AD301 -> 0 | I147: ='Resumen-DiarioHorario-Solar'!AD379 -> 0 | J147: ='Resumen-DiarioHorario-Solar'!AD457 -> 0 | K147: ='Resumen-DiarioHorario-Solar'!AD535 -> 0 | L147: ='Resumen-DiarioHorario-Solar'!AD613 -> 0 | M147: ='Resumen-DiarioHorario-Solar'!AD691 -> 0 | N147: ='Resumen-DiarioHorario-Solar'!AD769 -> 0 | O147: ='Resumen-DiarioHorario-Solar'!AD847 -> 0 | P147: ='Resumen-DiarioHorario-Solar'!AD925 -> 0 | Q147: ='Resumen-DiarioHorario-Solar'!AD1003 -> 0 | R147: ='Resumen-DiarioHorario-Solar'!AD1081 -> 0 | S147: ='Resumen-DiarioHorario-Solar'!AD1159 -> 0 | T147: ='Resumen-DiarioHorario-Solar'!AD1237 -> 0 | U147: ='Resumen-DiarioHorario-Solar'!AD1315 -> 0 | V147: ='Resumen-DiarioHorario-Solar'!AD1393 -> 0 | W147: ='Resumen-DiarioHorario-Solar'!AD1471 -> 0 | X147: ='Resumen-DiarioHorario-Solar'!AD1549 -> 0 | Y147: ='Resumen-DiarioHorario-Solar'!AD1627 -> 0 | Z147: ='Resumen-DiarioHorario-Solar'!AD1705 -> 0 | AA147: ='Resumen-DiarioHorario-Solar'!AD1783 -> 0 | AB147: ='Resumen-DiarioHorario-Solar'!AD1861 -> 0 | AC147: ='Resumen-DiarioHorario-Solar'!AD1939 -> 0 | AD147: ='Resumen-DiarioHorario-Solar'!AD2017 -> 0 | AE147: ='Resumen-DiarioHorario-Solar'!AD2095 -> 0 | AF147: ='Resumen-DiarioHorario-Solar'!AD2173 -> 0 | AG147: ='Resumen-DiarioHorario-Solar'!AD2251 -> 0 | AH147: ='Resumen-DiarioHorario-Solar'!AD2329 -> 0 | AI147: =+'Resumen-DiarioHorario-Solar'!AD2407 -> 0 | AK147: =SUM(E147:AI147) -> 0
B148: PFV-WILLKA | E148: ='Resumen-DiarioHorario-Solar'!AD68 -> 430.2965 | F148: ='Resumen-DiarioHorario-Solar'!AD146 -> 233.93917 | G148: ='Resumen-DiarioHorario-Solar'!AD224 -> 294.98517 | H148: ='Resumen-DiarioHorario-Solar'!AD302 -> 310.9175 | I148: ='Resumen-DiarioHorario-Solar'!AD380 -> 217.93417 | J148: ='Resumen-DiarioHorario-Solar'!AD458 -> 148.63133 | K148: ='Resumen-DiarioHorario-Solar'!AD536 -> 191.2 | L148: ='Resumen-DiarioHorario-Solar'!AD614 -> 230.61667 | M148: ='Resumen-DiarioHorario-Solar'!AD692 -> 115.0035 | N148: ='Resumen-DiarioHorario-Solar'!AD770 -> 88.490333 | O148: ='Resumen-DiarioHorario-Solar'!AD848 -> 119.3895 | P148: ='Resumen-DiarioHorario-Solar'!AD926 -> 103.39367 | Q148: ='Resumen-DiarioHorario-Solar'!AD1004 -> 125.31167 | R148: ='Resumen-DiarioHorario-Solar'!AD1082 -> 186.5635 | S148: ='Resumen-DiarioHorario-Solar'!AD1160 -> 102.39667 | T148: ='Resumen-DiarioHorario-Solar'!AD1238 -> 94.1815 | U148: ='Resumen-DiarioHorario-Solar'!AD1316 -> 336.82267 | V148: ='Resumen-DiarioHorario-Solar'!AD1394 -> 346.64783 | W148: ='Resumen-DiarioHorario-Solar'!AD1472 -> 236.551 | X148: ='Resumen-DiarioHorario-Solar'!AD1550 -> 425.91633 | Y148: ='Resumen-DiarioHorario-Solar'!AD1628 -> 412.96583 | Z148: ='Resumen-DiarioHorario-Solar'!AD1706 -> 350.2 | AA148: ='Resumen-DiarioHorario-Solar'!AD1784 -> 427.2865 | AB148: ='Resumen-DiarioHorario-Solar'!AD1862 -> 336.44567 | AC148: ='Resumen-DiarioHorario-Solar'!AD1940 -> 347.07733 | AD148: ='Resumen-DiarioHorario-Solar'!AD2018 -> 402.885 | AE148: ='Resumen-DiarioHorario-Solar'!AD2096 -> 331.5625 | AF148: ='Resumen-DiarioHorario-Solar'!AD2174 -> 247.20283 | AG148: ='Resumen-DiarioHorario-Solar'!AD2252 -> 193.37567 | AH148: ='Resumen-DiarioHorario-Solar'!AD2330 -> 63.6765 | AI148: =+'Resumen-DiarioHorario-Solar'!AD2408 -> 33.604333 | AK148: =SUM(E148:AI148) -> 7485.4708
B149: PFV-LASSALINAS | E149: ='Resumen-DiarioHorario-Solar'!AD69 -> 300.3045 | F149: ='Resumen-DiarioHorario-Solar'!AD147 -> 40.81 | G149: ='Resumen-DiarioHorario-Solar'!AD225 -> 117.06533 | H149: ='Resumen-DiarioHorario-Solar'!AD303 -> 155.104 | I149: ='Resumen-DiarioHorario-Solar'!AD381 -> 43 | J149: ='Resumen-DiarioHorario-Solar'!AD459 -> 47.76 | K149: ='Resumen-DiarioHorario-Solar'!AD537 -> 47.87 | L149: ='Resumen-DiarioHorario-Solar'!AD615 -> 170.14 | M149: ='Resumen-DiarioHorario-Solar'!AD693 -> 79.32 | N149: ='Resumen-DiarioHorario-Solar'!AD771 -> 63.1 | O149: ='Resumen-DiarioHorario-Solar'!AD849 -> 66.24 | P149: ='Resumen-DiarioHorario-Solar'!AD927 -> 43.08 | Q149: ='Resumen-DiarioHorario-Solar'!AD1005 -> 68.89 | R149: ='Resumen-DiarioHorario-Solar'!AD1083 -> 51.269 | S149: ='Resumen-DiarioHorario-Solar'!AD1161 -> 64.99 | T149: ='Resumen-DiarioHorario-Solar'!AD1239 -> 36.92 | U149: ='Resumen-DiarioHorario-Solar'!AD1317 -> 516.72917 | V149: ='Resumen-DiarioHorario-Solar'!AD1395 -> 702.01933 | W149: ='Resumen-DiarioHorario-Solar'!AD1473 -> 522.93 | X149: ='Resumen-DiarioHorario-Solar'!AD1551 -> 233.94 | Y149: ='Resumen-DiarioHorario-Solar'!AD1629 -> 749.0325 | Z149: ='Resumen-DiarioHorario-Solar'!AD1707 -> 661.53333 | AA149: ='Resumen-DiarioHorario-Solar'!AD1785 -> 625.8 | AB149: ='Resumen-DiarioHorario-Solar'!AD1863 -> 581.67117 | AC149: ='Resumen-DiarioHorario-Solar'!AD1941 -> 478.50017 | AD149: ='Resumen-DiarioHorario-Solar'!AD2019 -> 479.58 | AE149: ='Resumen-DiarioHorario-Solar'!AD2097 -> 527.96833 | AF149: ='Resumen-DiarioHorario-Solar'!AD2175 -> 0 | AG149: ='Resumen-DiarioHorario-Solar'!AD2253 -> 190.94 | AH149: ='Resumen-DiarioHorario-Solar'!AD2331 -> 72.6 | AI149: =+'Resumen-DiarioHorario-Solar'!AD2409 -> 0 | AK149: =SUM(E149:AI149) -> 7739.1068
B150: PFV-LALACKAMA-2 | E150: ='Resumen-DiarioHorario-Solar'!AD70 -> 11.125333 | F150: ='Resumen-DiarioHorario-Solar'!AD148 -> 1.7455 | G150: ='Resumen-DiarioHorario-Solar'!AD226 -> 1.8345 | H150: ='Resumen-DiarioHorario-Solar'!AD304 -> 2.8005 | I150: ='Resumen-DiarioHorario-Solar'!AD382 -> 0.90233333 | J150: ='Resumen-DiarioHorario-Solar'!AD460 -> 1.865 | K150: ='Resumen-DiarioHorario-Solar'!AD538 -> 3.22 | L150: ='Resumen-DiarioHorario-Solar'!AD616 -> 8.3231667 | M150: ='Resumen-DiarioHorario-Solar'!AD694 -> 3.0553333 | N150: ='Resumen-DiarioHorario-Solar'!AD772 -> 1.6496667 | O150: ='Resumen-DiarioHorario-Solar'!AD850 -> 1.5863333 | P150: ='Resumen-DiarioHorario-Solar'!AD928 -> 0.56216667 | Q150: ='Resumen-DiarioHorario-Solar'!AD1006 -> 2.1071667 | R150: ='Resumen-DiarioHorario-Solar'!AD1084 -> 2.467 | S150: ='Resumen-DiarioHorario-Solar'!AD1162 -> 1.2081667 | T150: ='Resumen-DiarioHorario-Solar'!AD1240 -> 0.33966667 | U150: ='Resumen-DiarioHorario-Solar'!AD1318 -> 22.143 | V150: ='Resumen-DiarioHorario-Solar'!AD1396 -> 33.348167 | W150: ='Resumen-DiarioHorario-Solar'!AD1474 -> 18.895167 | X150: ='Resumen-DiarioHorario-Solar'!AD1552 -> 20.759 | Y150: ='Resumen-DiarioHorario-Solar'!AD1630 -> 31.2575 | Z150: ='Resumen-DiarioHorario-Solar'!AD1708 -> 28.572667 | AA150: ='Resumen-DiarioHorario-Solar'!AD1786 -> 33.092833 | AB150: ='Resumen-DiarioHorario-Solar'!AD1864 -> 30.613667 | AC150: ='Resumen-DiarioHorario-Solar'!AD1942 -> 23.973167 | AD150: ='Resumen-DiarioHorario-Solar'!AD2020 -> 19.744 | AE150: ='Resumen-DiarioHorario-Solar'!AD2098 -> 25.313667 | AF150: ='Resumen-DiarioHorario-Solar'!AD2176 -> 14.580667 | AG150: ='Resumen-DiarioHorario-Solar'!AD2254 -> 3.3186667 | AH150: ='Resumen-DiarioHorario-Solar'!AD2332 -> 3.0763333 | AI150: =+'Resumen-DiarioHorario-Solar'!AD2410 -> 0.024 | AK150: =SUM(E150:AI150) -> 353.50433
B151: PFV-CEME1 | E151: ='Resumen-DiarioHorario-Solar'!AD71 -> 827.04467 | F151: ='Resumen-DiarioHorario-Solar'!AD149 -> 314.0585 | G151: ='Resumen-DiarioHorario-Solar'!AD227 -> 559.75517 | H151: ='Resumen-DiarioHorario-Solar'!AD305 -> 547.08167 | I151: ='Resumen-DiarioHorario-Solar'!AD383 -> 281.09533 | J151: ='Resumen-DiarioHorario-Solar'!AD461 -> 177.91 | K151: ='Resumen-DiarioHorario-Solar'!AD539 -> 367.02 | L151: ='Resumen-DiarioHorario-Solar'!AD617 -> 622.273 | M151: ='Resumen-DiarioHorario-Solar'!AD695 -> 172.11017 | N151: ='Resumen-DiarioHorario-Solar'!AD773 -> 86.7135 | O151: ='Resumen-DiarioHorario-Solar'!AD851 -> 282.04117 | P151: ='Resumen-DiarioHorario-Solar'!AD929 -> 143.31267 | Q151: ='Resumen-DiarioHorario-Solar'!AD1007 -> 258.108 | R151: ='Resumen-DiarioHorario-Solar'!AD1085 -> 208.38233 | S151: ='Resumen-DiarioHorario-Solar'!AD1163 -> 104.18533 | T151: ='Resumen-DiarioHorario-Solar'!AD1241 -> 45.7115 | U151: ='Resumen-DiarioHorario-Solar'!AD1319 -> 851.35017 | V151: ='Resumen-DiarioHorario-Solar'!AD1397 -> 818.59333 | W151: ='Resumen-DiarioHorario-Solar'!AD1475 -> 580.92217 | X151: ='Resumen-DiarioHorario-Solar'!AD1553 -> 539.338 | Y151: ='Resumen-DiarioHorario-Solar'!AD1631 -> 963.14267 | Z151: ='Resumen-DiarioHorario-Solar'!AD1709 -> 923.22083 | AA151: ='Resumen-DiarioHorario-Solar'!AD1787 -> 935.44117 | AB151: ='Resumen-DiarioHorario-Solar'!AD1865 -> 852.71767 | AC151: ='Resumen-DiarioHorario-Solar'!AD1943 -> 729.566 | AD151: ='Resumen-DiarioHorario-Solar'!AD2021 -> 1017.9077 | AE151: ='Resumen-DiarioHorario-Solar'!AD2099 -> 1153.4963 | AF151: ='Resumen-DiarioHorario-Solar'!AD2177 -> 448.73533 | AG151: ='Resumen-DiarioHorario-Solar'!AD2255 -> 386.69117 | AH151: ='Resumen-DiarioHorario-Solar'!AD2333 -> 114.24717 | AI151: =+'Resumen-DiarioHorario-Solar'!AD2411 -> 47.1765 | AK151: =SUM(E151:AI151) -> 15359.349
B152: PFV TAMANGO | E152: ='Resumen-DiarioHorario-Solar'!AD72 -> 151.817 | F152: ='Resumen-DiarioHorario-Solar'!AD150 -> 3.0823333 | G152: ='Resumen-DiarioHorario-Solar'!AD228 -> 98.797 | H152: ='Resumen-DiarioHorario-Solar'!AD306 -> 26.555833 | I152: ='Resumen-DiarioHorario-Solar'!AD384 -> 18.5695 | J152: ='Resumen-DiarioHorario-Solar'!AD462 -> 68.544 | K152: ='Resumen-DiarioHorario-Solar'!AD540 -> 81.99 | L152: ='Resumen-DiarioHorario-Solar'!AD618 -> 86.867667 | M152: ='Resumen-DiarioHorario-Solar'!AD696 -> 44.192333 | N152: ='Resumen-DiarioHorario-Solar'!AD774 -> 62.406833 | O152: ='Resumen-DiarioHorario-Solar'!AD852 -> 23.1375 | P152: ='Resumen-DiarioHorario-Solar'!AD930 -> 48.8865 | Q152: ='Resumen-DiarioHorario-Solar'!AD1008 -> 2.3288333 | R152: ='Resumen-DiarioHorario-Solar'!AD1086 -> 99.583333 | S152: ='Resumen-DiarioHorario-Solar'!AD1164 -> 21.953667 | T152: ='Resumen-DiarioHorario-Solar'!AD1242 -> 85.389833 | U152: ='Resumen-DiarioHorario-Solar'!AD1320 -> 0.45333333 | V152: ='Resumen-DiarioHorario-Solar'!AD1398 -> 1.287 | W152: ='Resumen-DiarioHorario-Solar'!AD1476 -> 0.76766667 | X152: ='Resumen-DiarioHorario-Solar'!AD1554 -> 3.3133333 | Y152: ='Resumen-DiarioHorario-Solar'!AD1632 -> 80.904167 | Z152: ='Resumen-DiarioHorario-Solar'!AD1710 -> 0.705 | AA152: ='Resumen-DiarioHorario-Solar'!AD1788 -> 0 | AB152: ='Resumen-DiarioHorario-Solar'!AD1866 -> 0 | AC152: ='Resumen-DiarioHorario-Solar'!AD1944 -> 0 | AD152: ='Resumen-DiarioHorario-Solar'!AD2022 -> 0 | AE152: ='Resumen-DiarioHorario-Solar'!AD2100 -> 146.97317 | AF152: ='Resumen-DiarioHorario-Solar'!AD2178 -> 152.94283 | AG152: ='Resumen-DiarioHorario-Solar'!AD2256 -> 0 | AH152: ='Resumen-DiarioHorario-Solar'!AD2334 -> 68.938333 | AI152: =+'Resumen-DiarioHorario-Solar'!AD2412 -> 95.296333 | AK152: =SUM(E152:AI152) -> 1475.6833
B153: PFV-DONAANTONIA | E153: ='Resumen-DiarioHorario-Solar'!AD73 -> 270.71233 | F153: ='Resumen-DiarioHorario-Solar'!AD151 -> 1.686 | G153: ='Resumen-DiarioHorario-Solar'!AD229 -> 273.94667 | H153: ='Resumen-DiarioHorario-Solar'!AD307 -> 13.139333 | I153: ='Resumen-DiarioHorario-Solar'!AD385 -> 8.6385 | J153: ='Resumen-DiarioHorario-Solar'!AD463 -> 333.76117 | K153: ='Resumen-DiarioHorario-Solar'!AD541 -> 229.4 | L153: ='Resumen-DiarioHorario-Solar'!AD619 -> 117.18933 | M153: ='Resumen-DiarioHorario-Solar'!AD697 -> 388.50467 | N153: ='Resumen-DiarioHorario-Solar'!AD775 -> 375.77667 | O153: ='Resumen-DiarioHorario-Solar'!AD853 -> 393.828 | P153: ='Resumen-DiarioHorario-Solar'!AD931 -> 414.17433 | Q153: ='Resumen-DiarioHorario-Solar'!AD1009 -> 341.66733 | R153: ='Resumen-DiarioHorario-Solar'!AD1087 -> 334.76 | S153: ='Resumen-DiarioHorario-Solar'!AD1165 -> 346.51533 | T153: ='Resumen-DiarioHorario-Solar'!AD1243 -> 212.7165 | U153: ='Resumen-DiarioHorario-Solar'!AD1321 -> 0.0995 | V153: ='Resumen-DiarioHorario-Solar'!AD1399 -> 364.5245 | W153: ='Resumen-DiarioHorario-Solar'!AD1477 -> 327.46617 | X153: ='Resumen-DiarioHorario-Solar'!AD1555 -> 271.6235 | Y153: ='Resumen-DiarioHorario-Solar'!AD1633 -> 338.67833 | Z153: ='Resumen-DiarioHorario-Solar'!AD1711 -> 269.34733 | AA153: ='Resumen-DiarioHorario-Solar'!AD1789 -> 357.37317 | AB153: ='Resumen-DiarioHorario-Solar'!AD1867 -> 299.74083 | AC153: ='Resumen-DiarioHorario-Solar'!AD1945 -> 321.05883 | AD153: ='Resumen-DiarioHorario-Solar'!AD2023 -> 282.73467 | AE153: ='Resumen-DiarioHorario-Solar'!AD2101 -> 246.50667 | AF153: ='Resumen-DiarioHorario-Solar'!AD2179 -> 256.0285 | AG153: ='Resumen-DiarioHorario-Solar'!AD2257 -> 285.618 | AH153: ='Resumen-DiarioHorario-Solar'!AD2335 -> 286.34983 | AI153: =+'Resumen-DiarioHorario-Solar'!AD2413 -> 244.39633 | AK153: =SUM(E153:AI153) -> 8207.9623
B154: PFV-DONHUMBERTO | D154: † | E154: ='Resumen-DiarioHorario-Solar'!AD74 -> 0 | F154: ='Resumen-DiarioHorario-Solar'!AD152 -> 0 | G154: ='Resumen-DiarioHorario-Solar'!AD230 -> 0 | H154: ='Resumen-DiarioHorario-Solar'!AD308 -> 0 | I154: ='Resumen-DiarioHorario-Solar'!AD386 -> 0 | J154: ='Resumen-DiarioHorario-Solar'!AD464 -> 0 | K154: ='Resumen-DiarioHorario-Solar'!AD542 -> 0 | L154: ='Resumen-DiarioHorario-Solar'!AD620 -> 0 | M154: ='Resumen-DiarioHorario-Solar'!AD698 -> 0 | N154: ='Resumen-DiarioHorario-Solar'!AD776 -> 0 | O154: ='Resumen-DiarioHorario-Solar'!AD854 -> 0 | P154: ='Resumen-DiarioHorario-Solar'!AD932 -> 0 | Q154: ='Resumen-DiarioHorario-Solar'!AD1010 -> 234.421 | R154: ='Resumen-DiarioHorario-Solar'!AD1088 -> 0 | S154: ='Resumen-DiarioHorario-Solar'!AD1166 -> 0 | T154: ='Resumen-DiarioHorario-Solar'!AD1244 -> 0 | U154: ='Resumen-DiarioHorario-Solar'!AD1322 -> 0 | V154: ='Resumen-DiarioHorario-Solar'!AD1400 -> 0 | W154: ='Resumen-DiarioHorario-Solar'!AD1478 -> 0 | X154: ='Resumen-DiarioHorario-Solar'!AD1556 -> 0 | Y154: ='Resumen-DiarioHorario-Solar'!AD1634 -> 0 | Z154: ='Resumen-DiarioHorario-Solar'!AD1712 -> 0 | AA154: ='Resumen-DiarioHorario-Solar'!AD1790 -> 0 | AB154: ='Resumen-DiarioHorario-Solar'!AD1868 -> 0 | AC154: ='Resumen-DiarioHorario-Solar'!AD1946 -> 0 | AD154: ='Resumen-DiarioHorario-Solar'!AD2024 -> 0 | AE154: ='Resumen-DiarioHorario-Solar'!AD2102 -> 0 | AF154: ='Resumen-DiarioHorario-Solar'!AD2180 -> 0 | AG154: ='Resumen-DiarioHorario-Solar'!AD2258 -> 0 | AH154: ='Resumen-DiarioHorario-Solar'!AD2336 -> 0 | AI154: =+'Resumen-DiarioHorario-Solar'!AD2414 -> 0 | AK154: =SUM(E154:AI154) -> 234.421
B155: PFV-GRANTENO | E155: ='Resumen-DiarioHorario-Solar'!AD75 -> 533.548 | F155: ='Resumen-DiarioHorario-Solar'!AD153 -> 248.68567 | G155: ='Resumen-DiarioHorario-Solar'!AD231 -> 468.0585 | H155: ='Resumen-DiarioHorario-Solar'!AD309 -> 402.23673 | I155: ='Resumen-DiarioHorario-Solar'!AD387 -> 326.846 | J155: ='Resumen-DiarioHorario-Solar'!AD465 -> 207.03083 | K155: ='Resumen-DiarioHorario-Solar'!AD543 -> 318 | L155: ='Resumen-DiarioHorario-Solar'!AD621 -> 184.42733 | M155: ='Resumen-DiarioHorario-Solar'!AD699 -> 51.143 | N155: ='Resumen-DiarioHorario-Solar'!AD777 -> 54.0095 | O155: ='Resumen-DiarioHorario-Solar'!AD855 -> 49.440167 | P155: ='Resumen-DiarioHorario-Solar'!AD933 -> 133.75517 | Q155: ='Resumen-DiarioHorario-Solar'!AD1011 -> 275.62733 | R155: ='Resumen-DiarioHorario-Solar'!AD1089 -> 222.1765 | S155: ='Resumen-DiarioHorario-Solar'!AD1167 -> 307.45867 | T155: ='Resumen-DiarioHorario-Solar'!AD1245 -> 0.47 | U155: ='Resumen-DiarioHorario-Solar'!AD1323 -> 1.3763333 | V155: ='Resumen-DiarioHorario-Solar'!AD1401 -> 3.8263333 | W155: ='Resumen-DiarioHorario-Solar'!AD1479 -> 4.9736667 | X155: ='Resumen-DiarioHorario-Solar'!AD1557 -> 16.978667 | Y155: ='Resumen-DiarioHorario-Solar'!AD1635 -> 423.65445 | Z155: ='Resumen-DiarioHorario-Solar'!AD1713 -> 1.636 | AA155: ='Resumen-DiarioHorario-Solar'!AD1791 -> 0 | AB155: ='Resumen-DiarioHorario-Solar'!AD1869 -> 0 | AC155: ='Resumen-DiarioHorario-Solar'!AD1947 -> 103.56267 | AD155: ='Resumen-DiarioHorario-Solar'!AD2025 -> 0 | AE155: ='Resumen-DiarioHorario-Solar'!AD2103 -> 9.0455 | AF155: ='Resumen-DiarioHorario-Solar'!AD2181 -> 55.037667 | AG155: ='Resumen-DiarioHorario-Solar'!AD2259 -> 238.3478 | AH155: ='Resumen-DiarioHorario-Solar'!AD2337 -> 86.363457 | AI155: =+'Resumen-DiarioHorario-Solar'!AD2415 -> 57.861307 | AK155: =SUM(E155:AI155) -> 4785.5773
B156: PFV-ANDESIV | D156: † | E156: ='Resumen-DiarioHorario-Solar'!AD76 -> 0 | F156: ='Resumen-DiarioHorario-Solar'!AD154 -> 0 | G156: ='Resumen-DiarioHorario-Solar'!AD232 -> 0 | H156: ='Resumen-DiarioHorario-Solar'!AD310 -> 0 | I156: ='Resumen-DiarioHorario-Solar'!AD388 -> 0 | J156: ='Resumen-DiarioHorario-Solar'!AD466 -> 0 | K156: ='Resumen-DiarioHorario-Solar'!AD544 -> 0 | L156: ='Resumen-DiarioHorario-Solar'!AD622 -> 0 | M156: ='Resumen-DiarioHorario-Solar'!AD700 -> 0 | N156: ='Resumen-DiarioHorario-Solar'!AD778 -> 0 | O156: ='Resumen-DiarioHorario-Solar'!AD856 -> 0 | P156: ='Resumen-DiarioHorario-Solar'!AD934 -> 0 | Q156: ='Resumen-DiarioHorario-Solar'!AD1012 -> 298.974 | R156: ='Resumen-DiarioHorario-Solar'!AD1090 -> 0 | S156: ='Resumen-DiarioHorario-Solar'!AD1168 -> 0 | T156: ='Resumen-DiarioHorario-Solar'!AD1246 -> 0 | U156: ='Resumen-DiarioHorario-Solar'!AD1324 -> 0 | V156: ='Resumen-DiarioHorario-Solar'!AD1402 -> 0 | W156: ='Resumen-DiarioHorario-Solar'!AD1480 -> 0 | X156: ='Resumen-DiarioHorario-Solar'!AD1558 -> 0 | Y156: ='Resumen-DiarioHorario-Solar'!AD1636 -> 0 | Z156: ='Resumen-DiarioHorario-Solar'!AD1714 -> 0 | AA156: ='Resumen-DiarioHorario-Solar'!AD1792 -> 0 | AB156: ='Resumen-DiarioHorario-Solar'!AD1870 -> 0 | AC156: ='Resumen-DiarioHorario-Solar'!AD1948 -> 0 | AD156: ='Resumen-DiarioHorario-Solar'!AD2026 -> 0 | AE156: ='Resumen-DiarioHorario-Solar'!AD2104 -> 0 | AF156: ='Resumen-DiarioHorario-Solar'!AD2182 -> 0 | AG156: ='Resumen-DiarioHorario-Solar'!AD2260 -> 0 | AH156: ='Resumen-DiarioHorario-Solar'!AD2338 -> 0 | AI156: =+'Resumen-DiarioHorario-Solar'!AD2416 -> 0 | AK156: =SUM(E156:AI156) -> 298.974
B157: PFV-TAMARICO | E157: ='Resumen-DiarioHorario-Solar'!AD77 -> 6.413 | F157: ='Resumen-DiarioHorario-Solar'!AD155 -> 25.248667 | G157: ='Resumen-DiarioHorario-Solar'!AD233 -> 0 | H157: ='Resumen-DiarioHorario-Solar'!AD311 -> 39.3815 | I157: ='Resumen-DiarioHorario-Solar'!AD389 -> 1.5683333 | J157: ='Resumen-DiarioHorario-Solar'!AD467 -> 25.535833 | K157: ='Resumen-DiarioHorario-Solar'!AD545 -> 16.99 | L157: ='Resumen-DiarioHorario-Solar'!AD623 -> 0.074666667 | M157: ='Resumen-DiarioHorario-Solar'!AD701 -> 39.236167 | N157: ='Resumen-DiarioHorario-Solar'!AD779 -> 44.054333 | O157: ='Resumen-DiarioHorario-Solar'!AD857 -> 53.356667 | P157: ='Resumen-DiarioHorario-Solar'!AD935 -> 43.488833 | Q157: ='Resumen-DiarioHorario-Solar'!AD1013 -> 168.589 | R157: ='Resumen-DiarioHorario-Solar'!AD1091 -> 160.96133 | S157: ='Resumen-DiarioHorario-Solar'!AD1169 -> 25.6235 | T157: ='Resumen-DiarioHorario-Solar'!AD1247 -> 22.252 | U157: ='Resumen-DiarioHorario-Solar'!AD1325 -> 20.593333 | V157: ='Resumen-DiarioHorario-Solar'!AD1403 -> 255.5685 | W157: ='Resumen-DiarioHorario-Solar'!AD1481 -> 212.8555 | X157: ='Resumen-DiarioHorario-Solar'!AD1559 -> 313.40617 | Y157: ='Resumen-DiarioHorario-Solar'!AD1637 -> 40.128333 | Z157: ='Resumen-DiarioHorario-Solar'!AD1715 -> 19.803833 | AA157: ='Resumen-DiarioHorario-Solar'!AD1793 -> 9.9118333 | AB157: ='Resumen-DiarioHorario-Solar'!AD1871 -> 114.5915 | AC157: ='Resumen-DiarioHorario-Solar'!AD1949 -> 50.008167 | AD157: ='Resumen-DiarioHorario-Solar'!AD2027 -> 14.8435 | AE157: ='Resumen-DiarioHorario-Solar'!AD2105 -> 162.09583 | AF157: ='Resumen-DiarioHorario-Solar'!AD2183 -> 96.6815 | AG157: ='Resumen-DiarioHorario-Solar'!AD2261 -> 15.451 | AH157: ='Resumen-DiarioHorario-Solar'!AD2339 -> 0 | AI157: =+'Resumen-DiarioHorario-Solar'!AD2417 -> 0 | AK157: =SUM(E157:AI157) -> 1998.7128
B158: PFV-TAIRA | E158: ='Resumen-DiarioHorario-Solar'!AD78 -> 702.06417 | F158: ='Resumen-DiarioHorario-Solar'!AD156 -> 581.78383 | G158: ='Resumen-DiarioHorario-Solar'!AD234 -> 406.11983 | H158: ='Resumen-DiarioHorario-Solar'!AD312 -> 518.36033 | I158: ='Resumen-DiarioHorario-Solar'!AD390 -> 426.37283 | J158: ='Resumen-DiarioHorario-Solar'!AD468 -> 846.306 | K158: ='Resumen-DiarioHorario-Solar'!AD546 -> 944.36 | L158: ='Resumen-DiarioHorario-Solar'!AD624 -> 507.94867 | M158: ='Resumen-DiarioHorario-Solar'!AD702 -> 739.52783 | N158: ='Resumen-DiarioHorario-Solar'!AD780 -> 525.84383 | O158: ='Resumen-DiarioHorario-Solar'!AD858 -> 571.83417 | P158: ='Resumen-DiarioHorario-Solar'!AD936 -> 516.4165 | Q158: ='Resumen-DiarioHorario-Solar'!AD1014 -> 521.98 | R158: ='Resumen-DiarioHorario-Solar'!AD1092 -> 474.12817 | S158: ='Resumen-DiarioHorario-Solar'!AD1170 -> 347.1005 | T158: ='Resumen-DiarioHorario-Solar'!AD1248 -> 495.6665 | U158: ='Resumen-DiarioHorario-Solar'!AD1326 -> 1418.8048 | V158: ='Resumen-DiarioHorario-Solar'!AD1404 -> 1085.406 | W158: ='Resumen-DiarioHorario-Solar'!AD1482 -> 1063.6015 | X158: ='Resumen-DiarioHorario-Solar'!AD1560 -> 931.40067 | Y158: ='Resumen-DiarioHorario-Solar'!AD1638 -> 1173.9462 | Z158: ='Resumen-DiarioHorario-Solar'!AD1716 -> 1038.205 | AA158: ='Resumen-DiarioHorario-Solar'!AD1794 -> 537.22483 | AB158: ='Resumen-DiarioHorario-Solar'!AD1872 -> 1091.6252 | AC158: ='Resumen-DiarioHorario-Solar'!AD1950 -> 1037.4847 | AD158: ='Resumen-DiarioHorario-Solar'!AD2028 -> 573.317 | AE158: ='Resumen-DiarioHorario-Solar'!AD2106 -> 1105.9747 | AF158: ='Resumen-DiarioHorario-Solar'!AD2184 -> 1263.51 | AG158: ='Resumen-DiarioHorario-Solar'!AD2262 -> 682.05467 | AH158: ='Resumen-DiarioHorario-Solar'!AD2340 -> 592.36133 | AI158: =+'Resumen-DiarioHorario-Solar'!AD2418 -> 194.282 | AK158: =SUM(E158:AI158) -> 22915.012
B159: PFV-LEYDA | E159: ='Resumen-DiarioHorario-Solar'!AD79 -> 459.2675 | F159: ='Resumen-DiarioHorario-Solar'!AD157 -> 314.5925 | G159: ='Resumen-DiarioHorario-Solar'!AD235 -> 262.89717 | H159: ='Resumen-DiarioHorario-Solar'!AD313 -> 154.235 | I159: ='Resumen-DiarioHorario-Solar'!AD391 -> 132.57267 | J159: ='Resumen-DiarioHorario-Solar'!AD469 -> 134.09383 | K159: ='Resumen-DiarioHorario-Solar'!AD547 -> 321.38 | L159: ='Resumen-DiarioHorario-Solar'!AD625 -> 298.0165 | M159: ='Resumen-DiarioHorario-Solar'!AD703 -> 162.24267 | N159: ='Resumen-DiarioHorario-Solar'!AD781 -> 117.167 | O159: ='Resumen-DiarioHorario-Solar'!AD859 -> 161.36017 | P159: ='Resumen-DiarioHorario-Solar'!AD937 -> 171.969 | Q159: ='Resumen-DiarioHorario-Solar'!AD1015 -> 380.47933 | R159: ='Resumen-DiarioHorario-Solar'!AD1093 -> 343.4235 | S159: ='Resumen-DiarioHorario-Solar'!AD1171 -> 152.325 | T159: ='Resumen-DiarioHorario-Solar'!AD1249 -> 117.88283 | U159: ='Resumen-DiarioHorario-Solar'!AD1327 -> 1.3903333 | V159: ='Resumen-DiarioHorario-Solar'!AD1405 -> 4.675 | W159: ='Resumen-DiarioHorario-Solar'!AD1483 -> 0.95616667 | X159: ='Resumen-DiarioHorario-Solar'!AD1561 -> 4.6601667 | Y159: ='Resumen-DiarioHorario-Solar'!AD1639 -> 247.54783 | Z159: ='Resumen-DiarioHorario-Solar'!AD1717 -> 12.8325 | AA159: ='Resumen-DiarioHorario-Solar'!AD1795 -> 0 | AB159: ='Resumen-DiarioHorario-Solar'!AD1873 -> 0 | AC159: ='Resumen-DiarioHorario-Solar'!AD1951 -> 47.679 | AD159: ='Resumen-DiarioHorario-Solar'!AD2029 -> 0 | AE159: ='Resumen-DiarioHorario-Solar'!AD2107 -> 13.0225 | AF159: ='Resumen-DiarioHorario-Solar'!AD2185 -> 87.605167 | AG159: ='Resumen-DiarioHorario-Solar'!AD2263 -> 333.46217 | AH159: ='Resumen-DiarioHorario-Solar'!AD2341 -> 149.461 | AI159: =+'Resumen-DiarioHorario-Solar'!AD2419 -> 98.205667 | AK159: =SUM(E159:AI159) -> 4685.4022
B162: DESGLOSE DIARIO DE CURTAILMENTS DE HIDROELÉCTRICAS DE PASADA
B164: Central / Día | E164: =E86 -> 46082 | F164: =F86 -> 46083 | G164: =G86 -> 46084 | H164: =H86 -> 46085 | I164: =I86 -> 46086 | J164: =J86 -> 46087 | K164: =K86 -> 46088 | L164: =L86 -> 46089 | ... AI164: =AI86 -> 46112 | AJ164: Total
B165: Total | E165: =SUM(E166:E303) -> 113.93129 | F165: =SUM(F166:F303) -> 22.132676 | G165: =SUM(G166:G303) -> 14.281027 | H165: =SUM(H166:H303) -> 115.19075 | I165: =SUM(I166:I303) -> 205.83477 | J165: =SUM(J166:J303) -> 0.84970306 | K165: =SUM(K166:K303) -> 3.6363435 | L165: =SUM(L166:L303) -> 61.427822 | ... AI165: =SUM(AI166:AI303) -> 6.5062072 | AK165: =SUM(AK166:AK303) -> 1908.0195
B166: ABANICO-1 | E166: =+'Resumen-DiarioHorario-HP'!AD8 -> 28.482823 | F166: =+'Resumen-DiarioHorario-HP'!AD152 -> 5.5331689 | G166: =+'Resumen-DiarioHorario-HP'!AD296 -> 3.5702569 | H166: =+'Resumen-DiarioHorario-HP'!AD440 -> 28.797688 | I166: =+'Resumen-DiarioHorario-HP'!AD584 -> 27.620979 | J166: =+'Resumen-DiarioHorario-HP'!AD728 -> 0.21242577 | K166: =+'Resumen-DiarioHorario-HP'!AD872 -> 0.90908587 | L166: =+'Resumen-DiarioHorario-HP'!AD1016 -> 15.352627 | M166: =+'Resumen-DiarioHorario-HP'!AD1160 -> 4.4229847 | N166: =+'Resumen-DiarioHorario-HP'!AD1304 -> 0 | O166: =+'Resumen-DiarioHorario-HP'!AD1448 -> 0.65727652 | P166: =+'Resumen-DiarioHorario-HP'!AD1592 -> 10.817279 | Q166: =+'Resumen-DiarioHorario-HP'!AD1736 -> 30.638058 | R166: =+'Resumen-DiarioHorario-HP'!AD1880 -> 0.0036995232 | S166: =+'Resumen-DiarioHorario-HP'!AD2024 -> 1.3642874 | T166: =+'Resumen-DiarioHorario-HP'!AD2168 -> 1.0299516 | U166: =+'Resumen-DiarioHorario-HP'!AD2312 -> 0 | V166: =+'Resumen-DiarioHorario-HP'!AD2456 -> 12.365259 | W166: =+'Resumen-DiarioHorario-HP'!AD2600 -> 0 | X166: =+'Resumen-DiarioHorario-HP'!AD2744 -> 0 | Y166: =+'Resumen-DiarioHorario-HP'!AD2888 -> 5.8748288 | Z166: =+'Resumen-DiarioHorario-HP'!AD3032 -> 0 | AA166: =+'Resumen-DiarioHorario-HP'!AD3176 -> 31.534922 | AB166: =+'Resumen-DiarioHorario-HP'!AD3320 -> 0 | AC166: =+'Resumen-DiarioHorario-HP'!AD3464 -> 28.39606 | AD166: =+'Resumen-DiarioHorario-HP'!AD3608 -> 28.009944 | AE166: =+'Resumen-DiarioHorario-HP'!AD3752 -> 8.1880337 | AF166: =+'Resumen-DiarioHorario-HP'!AD3896 -> 2.5037201 | AG166: =+'Resumen-DiarioHorario-HP'!AD4040 -> 37.92699 | AH166: =+'Resumen-DiarioHorario-HP'!AD4184 -> 18.213995 | AI166: =+'Resumen-DiarioHorario-HP'!AD4328 -> 0.17664729 | AK166: =SUM(E166:AI166) -> 332.60299
B167: ABANICO-3 | E167: =+'Resumen-DiarioHorario-HP'!AD9 -> 28.482823 | F167: =+'Resumen-DiarioHorario-HP'!AD153 -> 5.5331689 | G167: =+'Resumen-DiarioHorario-HP'!AD297 -> 3.5702569 | H167: =+'Resumen-DiarioHorario-HP'!AD441 -> 28.797688 | I167: =+'Resumen-DiarioHorario-HP'!AD585 -> 27.620979 | J167: =+'Resumen-DiarioHorario-HP'!AD729 -> 0.21242577 | K167: =+'Resumen-DiarioHorario-HP'!AD873 -> 0.90908587 | L167: =+'Resumen-DiarioHorario-HP'!AD1017 -> 15.352627 | M167: =+'Resumen-DiarioHorario-HP'!AD1161 -> 4.4229847 | N167: =+'Resumen-DiarioHorario-HP'!AD1305 -> 0 | O167: =+'Resumen-DiarioHorario-HP'!AD1449 -> 0.65727652 | P167: =+'Resumen-DiarioHorario-HP'!AD1593 -> 10.817279 | Q167: =+'Resumen-DiarioHorario-HP'!AD1737 -> 30.638058 | R167: =+'Resumen-DiarioHorario-HP'!AD1881 -> 0.0036995232 | S167: =+'Resumen-DiarioHorario-HP'!AD2025 -> 1.3642874 | T167: =+'Resumen-DiarioHorario-HP'!AD2169 -> 1.0299516 | U167: =+'Resumen-DiarioHorario-HP'!AD2313 -> 0 | V167: =+'Resumen-DiarioHorario-HP'!AD2457 -> 12.365259 | W167: =+'Resumen-DiarioHorario-HP'!AD2601 -> 0 | X167: =+'Resumen-DiarioHorario-HP'!AD2745 -> 0 | Y167: =+'Resumen-DiarioHorario-HP'!AD2889 -> 5.8748288 | Z167: =+'Resumen-DiarioHorario-HP'!AD3033 -> 0 | AA167: =+'Resumen-DiarioHorario-HP'!AD3177 -> 31.534922 | AB167: =+'Resumen-DiarioHorario-HP'!AD3321 -> 0 | AC167: =+'Resumen-DiarioHorario-HP'!AD3465 -> 28.39606 | AD167: =+'Resumen-DiarioHorario-HP'!AD3609 -> 28.009944 | AE167: =+'Resumen-DiarioHorario-HP'!AD3753 -> 8.1880337 | AF167: =+'Resumen-DiarioHorario-HP'!AD3897 -> 2.5037201 | AG167: =+'Resumen-DiarioHorario-HP'!AD4041 -> 37.92699 | AH167: =+'Resumen-DiarioHorario-HP'!AD4185 -> 18.213995 | AI167: =+'Resumen-DiarioHorario-HP'!AD4329 -> 0.17664729 | AK167: =SUM(E167:AI167) -> 332.60299
...

Sheet Resumen-DiarioHorario-Eólico
B2: CURTAILMENTS EÓLICAS POR CENTRALES EN FORMA DIARIA/HORARIA
B5: ='Resumen-Mensual'!$E$26 -> 46082
B7: Central/Hora | E7: 1 | F7: 2 | G7: 3 | H7: 4 | I7: 5 | J7: 6 | K7: 7 | L7: 8 | M7: 9 | N7: 10 | O7: 11 | P7: 12 | Q7: 13 | R7: 14 | S7: 15 | T7: 16 | U7: 17 | V7: 18 | W7: 19 | X7: 20 | Y7: 21 | Z7: 22 | AA7: 23 | AB7: 24 | AC7: Total
B8: PE-TCHAMMA | E8: 0 | F8: 0 | G8: 0 | H8: 0 | I8: 0 | J8: 0 | K8: 0 | L8: 0 | M8: 11.385333 | N8: 16.1985 | O8: 8.582 | P8: 7.1731667 | Q8: 12.561167 | R8: 8.0171667 | S8: 1.4533333 | T8: 1.7538333 | U8: 1.468 | V8: 7.4921667 | W8: 19.396 | X8: 11.308333 | Y8: 0 | Z8: 0 | AA8: 0 | AB8: 0 | AD8: =SUM(E8:AB8) -> 106.789
B9: PE-SIERRAGORDA | E9: 0 | F9: 0 | G9: 0 | H9: 0 | I9: 0 | J9: 0 | K9: 0 | L9: 0 | M9: 2.2606667 | N9: 1.2808333 | O9: 4.4693333 | P9: 2.5383333 | Q9: 1.5736667 | R9: 0.69183333 | S9: 0.2415 | T9: 0 | U9: 1.8455 | V9: 4.809 | W9: 23.4045 | X9: 13.207 | Y9: 0 | Z9: 0 | AA9: 0 | AB9: 0 | AD9: =SUM(E9:AB9) -> 56.322167
B10: PE-VALLEDELOSVIENTOS | E10: 0 | F10: 0 | G10: 0 | H10: 0 | I10: 0 | J10: 0 | K10: 0 | L10: 0 | M10: 0.050833333 | N10: 0 | O10: 0.80816667 | P10: 4.065 | Q10: 12.350833 | R10: 12.768167 | S10: 35.023667 | T10: 43.901167 | U10: 45.6 | V10: 45.298667 | W10: 44.136167 | X10: 5.8941667 | Y10: 0 | Z10: 0 | AA10: 0 | AB10: 0 | AD10: =SUM(E10:AB10) -> 249.89683
B11: PE-CERROTIGRE | E11: 0 | F11: 0 | G11: 0 | H11: 0 | I11: 0 | J11: 0 | K11: 0 | L11: 0 | M11: 0.3 | N11: 0.1 | O11: 0 | P11: 2.8 | Q11: 15.409667 | R11: 44.068167 | S11: 16.375833 | T11: 7.9548333 | U11: 15.297833 | V11: 44.566667 | W11: 81.022667 | X11: 22.775333 | Y11: 0 | Z11: 0 | AA11: 0 | AB11: 0 | AD11: =SUM(E11:AB11) -> 250.671
B12: PE-CALAMA | E12: 0 | F12: 0 | G12: 0 | H12: 0 | I12: 0 | J12: 0 | K12: 0 | L12: 0 | M12: 0 | N12: 0 | O12: 0 | P12: 0 | Q12: 0 | R12: 0 | S12: 0 | T12: 23.197333 | U12: 45.910333 | V12: 53.4245 | W12: 44.916833 | X12: 3.7281667 | Y12: 0 | Z12: 0 | AA12: 0 | AB12: 0 | AD12: =SUM(E12:AB12) -> 171.17717
B13: PE-TALTAL | E13: 0 | F13: 0 | G13: 0 | H13: 0 | I13: 0 | J13: 0 | K13: 0 | L13: 0 | M13: 0 | N13: 0 | O13: 0 | P13: 0 | Q13: 0 | R13: 0 | S13: 0 | T13: 0 | U13: 0 | V13: 0 | W13: 0 | X13: 0 | Y13: 0 | Z13: 0 | AA13: 0 | AB13: 0 | AD13: =SUM(E13:AB13) -> 0
B14: PE-SARCO | E14: 0 | F14: 0 | G14: 0 | H14: 0 | I14: 0 | J14: 0 | K14: 0 | L14: 0 | M14: 10.185333 | N14: 9.1436667 | O14: 3.781 | P14: 0.55716667 | Q14: 0.415 | R14: 3.3853333 | S14: 11.450167 | T14: 18.782333 | U14: 33.324 | V14: 15.645833 | W14: 18.408333 | X14: 22.65 | Y14: 0 | Z14: 0 | AA14: 0 | AB14: 0 | AD14: =SUM(E14:AB14) -> 147.72817
B15: PE-CABOLEONES-1 | E15: 0 | F15: 0 | G15: 0 | H15: 0 | I15: 0 | J15: 0 | K15: 0 | L15: 0 | M15: 6.0661667 | N15: 5.2036667 | O15: 2.3253333 | P15: 2.7258333 | Q15: 4.5538333 | R15: 6.8456667 | S15: 4.9528333 | T15: 7.1245 | U15: 0 | V15: 0 | W15: 0 | X15: 11.878667 | Y15: 0 | Z15: 0 | AA15: 0 | AB15: 0 | AD15: =SUM(E15:AB15) -> 51.6765
B16: PE-CABOLEONES-2 | E16: 0 | F16: 0 | G16: 0 | H16: 0 | I16: 0 | J16: 0 | K16: 0 | L16: 0 | M16: 0 | N16: 0 | O16: 0 | P16: 0 | Q16: 0.53283333 | R16: 1.2368333 | S16: 0 | T16: 0 | U16: 0 | V16: 0 | W16: 0 | X16: 0 | Y16: 0 | Z16: 0 | AA16: 0 | AB16: 0 | AD16: =SUM(E16:AB16) -> 1.7696667
B17: PE-CABOLEONES-3 | E17: 0 | F17: 0 | G17: 0 | H17: 0 | I17: 0 | J17: 0 | K17: 0 | L17: 0 | M17: 0.0028333333 | N17: 0 | O17: 0.0025 | P17: 0.015 | Q17: 0.006 | R17: 0 | S17: 0 | T17: 0 | U17: 0 | V17: 0 | W17: 0 | X17: 0 | Y17: 0 | Z17: 0 | AA17: 0 | AB17: 0 | AD17: =SUM(E17:AB17) -> 0.026333333
B18: PE-SANJUAN | E18: 0 | F18: 0 | G18: 0 | H18: 0 | I18: 0 | J18: 0 | K18: 0 | L18: 0 | M18: 9.45 | N18: 10.61 | O18: 10.717833 | P18: 11 | Q18: 11.292333 | R18: 12.906 | S18: 16.239667 | T18: 32.212667 | U18: 60.008667 | V18: 62.278833 | W18: 77.961333 | X18: 2.8983333 | Y18: 0 | Z18: 0 | AA18: 0 | AB18: 0 | AD18: =SUM(E18:AB18) -> 317.57567
B19: PE-PUNTACOLORADA | E19: 0 | F19: 0 | G19: 0 | H19: 0 | I19: 0 | J19: 0 | K19: 0 | L19: 0 | M19: 0 | N19: 0 | O19: 0 | P19: 0 | Q19: 0 | R19: 0 | S19: 0 | T19: 0 | U19: 0 | V19: 0 | W19: 0 | X19: 0 | Y19: 0 | Z19: 0 | AA19: 0 | AB19: 0 | AD19: =SUM(E19:AB19) -> 0
... B61: PE-PUNTADETALCA | E61: 0 | F61: 0 | G61: 0 | H61: 0 | I61: 0 | J61: 0 | K61: 0 | L61: 0 | M61: 3.7006667 | N61: 2.6741667 | O61: 3.74 | P61: 3.3721667 | Q61: 2.3498333 | R61: 0 | S61: 0 | T61: 0.233 | U61: 0.72266667 | V61: 0 | W61: 0.35716667 | X61: 1.45 | Y61: 0 | Z61: 0 | AA61: 0 | AB61: 0 | AD61: =SUM(E61:AB61) -> 18.599667
B62: Total | E62: =SUM(E8:E61) -> 0 | F62: =SUM(F8:F61) -> 0 | G62: =SUM(G8:G61) -> 0 | H62: =SUM(H8:H61) -> 0 | I62: =SUM(I8:I61) -> 0 | J62: =SUM(J8:J61) -> 0 | K62: =SUM(K8:K61) -> 0 | L62: =SUM(L8:L61) -> 0 | ... AB62: =SUM(AB8:AB61) -> 0 | AC62: =SUM(AC8:AE61) -> 4699.0964
B65: ='Resumen-Mensual'!$F$26 -> 46083
B67: Central/Hora | E67: 1 | F67: 2 | G67: 3 | H67: 4 | I67: 5 | J67: 6 | K67: 7 | L67: 8 | M67: 9 | N67: 10 | O67: 11 | P67: 12 | Q67: 13 | R67: 14 | S67: 15 | T67: 16 | U67: 17 | V67: 18 | W67: 19 | X67: 20 | Y67: 21 | Z67: 22 | AA67: 23 | AB67: 24 | AC67: Total
B68: PE-TCHAMMA | E68: 0 | F68: 0 | G68: 0 | H68: 0 | I68: 0 | J68: 0 | K68: 0 | L68: 0 | M68: 4.8541667 | N68: 10.254333 | O68: 8.667 | P68: 8.103 | Q68: 11.285667 | R68: 4.7145 | S68: 9.8903333 | T68: 3.462 | U68: 11.390833 | V68: 20.301 | W68: 22.5865 | X68: 6.4516667 | Y68: 0 | Z68: 0 | AA68: 0 | AB68: 0 | AD68: =SUM(E68:AB68) -> 121.961
B69: PE-SIERRAGORDA | E69: 0 | F69: 0 | G69: 0 | H69: 0 | I69: 0 | J69: 0 | K69: 0 | L69: 0 | M69: 0.94316667 | N69: 2.942 | O69: 6.1 | P69: 5.845 | Q69: 4.668 | R69: 3.8481667 | S69: 9.9228333 | T69: 0 | U69: 0 | V69: 0.12166667 | W69: 13.814667 | X69: 7.4506667 | Y69: 0 | Z69: 0 | AA69: 0 | AB69: 0 | AD69: =SUM(E69:AB69) -> 55.656167
B70: PE-VALLEDELOSVIENTOS | E70: 0 | F70: 0 | G70: 0 | H70: 0 | I70: 0 | J70: 0 | K70: 0 | L70: 0 | M70: 0.4955 | N70: 1.817 | O70: 1.4808333 | P70: 5.65 | Q70: 11.943667 | R70: 11.2135 | S70: 19.793 | T70: 24.100167 | U70: 36.422833 | V70: 37.010167 | W70: 34.7385 | X70: 7.8106667 | Y70: 0 | Z70: 0 | AA70: 0 | AB70: 0 | AD70: =SUM(E70:AB70) -> 192.47583
B71: PE-CERROTIGRE | E71: 0 | F71: 0 | G71: 0 | H71: 0 | I71: 0 | J71: 0 | K71: 0 | L71: 0 | M71: 0.046666667 | N71: 0 | O71: 0.1765 | P71: 2.4408333 | Q71: 14.767833 | R71: 49.4 | S71: 9 | T71: 50.05 | U71: 75.05 | V71: 6.6 | W71: 116.7 | X71: 33.493333 | Y71: 0 | Z71: 0 | AA71: 0 | AB71: 0 | AD71: =SUM(E71:AB71) -> 357.72517
B72: PE-CALAMA | E72: 0 | F72: 0 | G72: 0 | H72: 0 | I72: 0 | J72: 0 | K72: 0 | L72: 0 | M72: 2.9315 | N72: 3.784 | O72: 0.55516667 | P72: 6.2401667 | Q72: 16.255 | R72: 18.591833 | S72: 15.049 | T72: 1.9808333 | U72: 18.193667 | V72: 48.19 | W72: 53.516 | X72: 20.559833 | Y72: 0 | Z72: 0 | AA72: 0 | AB72: 0 | AD72: =SUM(E72:AB72) -> 205.847
B73: PE-TALTAL | E73: 0 | F73: 0 | G73: 0 | H73: 0 | I73: 0 | J73: 0 | K73: 0 | L73: 0 | M73: 0 | N73: 0 | O73: 0 | P73: 0 | Q73: 0 | R73: 0 | S73: 0 | T73: 0 | U73: 0 | V73: 0 | W73: 0 | X73: 0 | Y73: 0 | Z73: 0 | AA73: 0 | AB73: 0 | AD73: =SUM(E73:AB73) -> 0
B74: PE-SARCO | E74: 0 | F74: 0 | G74: 0 | H74: 0 | I74: 0 | J74: 0 | K74: 0 | L74: 0 | M74: 0 | N74: 0.93883333 | O74: 3.8558333 | P74: 1.8431667 | Q74: 3.95 | R74: 7.2523333 | S74: 8.9853333 | T74: 0 | U74: 0 | V74: 0 | W74: 18.773333 | X74: 14.367667 | Y74: 0 | Z74: 0 | AA74: 0 | AB74: 0 | AD74: =SUM(E74:AB74) -> 59.9665
B75: PE-CABOLEONES-1 | E75: 0 | F75: 0 | G75: 0 | H75: 0 | I75: 0 | J75: 0 | K75: 0 | L75: 0 | M75: 0.0845 | N75: 1.5965 | O75: 9.613 | P75: 9.4413333 | Q75: 9.7278333 | R75: 12.921333 | S75: 6.518 | T75: 1.915 | U75: 0 | V75: 0 | W75: 1.1903333 | X75: 4.4188333 | Y75: 0 | Z75: 0 | AA75: 0 | AB75: 0 | AD75: =SUM(E75:AB75) -> 57.426667
B76: PE-CABOLEONES-2 | E76: 0 | F76: 0 | G76: 0 | H76: 0 | I76: 0 | J76: 0 | K76: 0 | L76: 0 | M76: 0.0081666667 | N76: 7.9143333 | O76: 9.0998333 | P76: 4.7475 | Q76: 6.615 | R76: 11.501667 | S76: 9.768 | T76: 0.080666667 | U76: 0 | V76: 0 | W76: 10.149167 | X76: 4.2625 | Y76: 0 | Z76: 0 | AA76: 0 | AB76: 0 | AD76: =SUM(E76:AB76) -> 64.146833
B77: PE-CABOLEONES-3 | E77: 0 | F77: 0 | G77: 0 | H77: 0 | I77: 0 | J77: 0 | K77: 0 | L77: 0 | M77: 0.031166667 | N77: 0.0055 | O77: 3.793 | P77: 1.4611667 | Q77: 4.185 | R77: 8.5235 | S77: 6.877 | T77: 0.016666667 | U77: 0 | V77: 0.68433333 | W77: 16.369167 | X77: 7.5876667 | Y77: 0 | Z77: 0 | AA77: 0 | AB77: 0 | AD77: =SUM(E77:AB77) -> 49.534167
B78: PE-SANJUAN | E78: 0 | F78: 0 | G78: 0 | H78: 0 | I78: 0 | J78: 0 | K78: 0 | L78: 0 | M78: 0 | N78: 0.183 | O78: 11.1615 | P78: 10.072833 | Q78: 9.9713333 | R78: 21.7725 | S78: 20.235167 | T78: 5.3513333 | U78: 2.9491667 | V78: 22.0455 | W78: 3.3406667 | X78: 2.3315 | Y78: 0 | Z78: 0 | AA78: 0 | AB78: 0 | AD78: =SUM(E78:AB78) -> 109.4145
B79: PE-PUNTACOLORADA | E79: 0 | F79: 0 | G79: 0 | H79: 0 | I79: 0 | J79: 0 | K79: 0 | L79: 0 | M79: 0 | N79: 0 | O79: 0 | P79: 0 | Q79: 0 | R79: 0 | S79: 0 | T79: 0 | U79: 0 | V79: 0 | W79: 0 | X79: 0 | Y79: 0 | Z79: 0 | AA79: 0 | AB79: 0 | AD79: =SUM(E79:AB79) -> 0
... B121: PE-PUNTADETALCA | E121: 0 | F121: 0 | G121: 0 | H121: 0 | I121: 0 | J121: 0 | K121: 0 | L121: 0 | M121: 0 | N121: 0 | O121: 0 | P121: 0 | Q121: 0 | R121: 0 | S121: 0 | T121: 0 | U121: 0 | V121: 0 | W121: 54.9355 | X121: 15.163 | Y121: 0 | Z121: 0 | AA121: 0 | AB121: 0 | AD121: =SUM(E121:AB121) -> 70.0985
B122: Total | E122: =SUM(E68:E121) -> 0 | F122: =SUM(F68:F121) -> 0 | G122: =SUM(G68:G121) -> 0 | H122: =SUM(H68:H121) -> 0 | I122: =SUM(I68:I121) -> 0 | J122: =SUM(J68:J121) -> 0 | K122: =SUM(K68:K121) -> 0 | L122: =SUM(L68:L121) -> 0 | ... AB122: =SUM(AB68:AB121) -> 0 | AC122: =SUM(AC68:AE121) -> 3036.5574
B125: ='Resumen-Mensual'!$G$26 -> 46084
B127: Central/Hora | E127: 1 | F127: 2 | G127: 3 | H127: 4 | I127: 5 | J127: 6 | K127: 7 | L127: 8 | M127: 9 | N127: 10 | O127: 11 | P127: 12 | Q127: 13 | R127: 14 | S127: 15 | T127: 16 | U127: 17 | V127: 18 | W127: 19 | X127: 20 | Y127: 21 | Z127: 22 | AA127: 23 | AB127: 24 | AC127: Total
B128: PE-TCHAMMA | E128: 0 | F128: 0 | G128: 0 | H128: 0 | I128: 0 | J128: 0 | K128: 0 | L128: 0 | M128: 19.1815 | N128: 9.6355 | O128: 14.128667 | P128: 11.436833 | Q128: 11.456 | R128: 14.354333 | S128: 20.614 | T128: 6.6526667 | U128: 10.105 | V128: 10.1595 | W128: 15.243 | X128: 2.6601667 | Y128: 0 | Z128: 0 | AA128: 0 | AB128: 0 | AD128: =SUM(E128:AB128) -> 145.62717
B129: PE-SIERRAGORDA | E129: 0 | F129: 0 | G129: 0 | H129: 0 | I129: 0 | J129: 0 | K129: 0 | L129: 0 | M129: 0 | N129: 1.6913333 | O129: 4.9685 | P129: 4.943 | Q129: 1.3635 | R129: 7.0876667 | S129: 11.519333 | T129: 0 | U129: 0 | V129: 1.9316667 | W129: 2.1796667 | X129: 5.6936667 | Y129: 0 | Z129: 0 | AA129: 0 | AB129: 0 | AD129: =SUM(E129:AB129) -> 41.378333
B130: PE-VALLEDELOSVIENTOS | E130: 0 | F130: 0 | G130: 0 | H130: 0 | I130: 0 | J130: 0 | K130: 0 | L130: 0 | M130: 1.5456667 | N130: 0.036166667 | O130: 0.675 | P130: 4.1086667 | Q130: 15.169667 | R130: 39.68 | S130: 55.719 | T130: 28.0355 | U130: 34.367833 | V130: 41.5135 | W130: 46.871 | X130: 15.6565 | Y130: 0 | Z130: 0 | AA130: 0 | AB130: 0 | AD130: =SUM(E130:AB130) -> 283.3785
B131: PE-CERROTIGRE | E131: 0 | F131: 0 | G131: 0 | H131: 0 | I131: 0 | J131: 0 | K131: 0 | L131: 0 | M131: 0 | N131: 0 | O131: 0 | P131: 0 | Q131: 10.5 | R131: 28.634167 | S131: 19.567 | T131: 14.312667 | U131: 27.9265 | V131: 39.087833 | W131: 51.249333 | X131: 7.0911667 | Y131: 0 | Z131: 0 | AA131: 0 | AB131: 0 | AD131: =SUM(E131:AB131) -> 198.36867
B132: PE-CALAMA | E132: 0 | F132: 0 | G132: 0 | H132: 0 | I132: 0 | J132: 0 | K132: 0 | L132: 0 | M132: 0 | N132: 0.045333333 | O132: 0.86283333 | P132: 6.1123333 | Q132: 19.115833 | R132: 56.347833 | S132: 60.234833 | T132: 17.687333 | U132: 34.2495 | V132: 50.591167 | W132: 9.695 | X132: 0 | Y132: 0 | Z132: 0 | AA132: 0 | AB132: 0 | AD132: =SUM(E132:AB132) -> 254.942
B133: PE-TALTAL | E133: 0 | F133: 0 | G133: 0 | H133: 0 | I133: 0 | J133: 0 | K133: 0 | L133: 0 | M133: 0 | N133: 0 | O133: 0 | P133: 0 | Q133: 0 | R133: 0 | S133: 0 | T133: 0 | U133: 0 | V133: 0 | W133: 0 | X133: 0 | Y133: 0 | Z133: 0 | AA133: 0 | AB133: 0 | AD133: =SUM(E133:AB133) -> 0
B134: PE-SARCO | E134: 0 | F134: 0 | G134: 0 | H134: 0 | I134: 0 | J134: 0 | K134: 0 | L134: 0 | M134: 14.828 | N134: 0 | O134: 0 | P134: 0 | Q134: 0 | R134: 0 | S134: 0 | T134: 0 | U134: 0 | V134: 59.704667 | W134: 27.8875 | X134: 17.985833 | Y134: 0 | Z134: 0 | AA134: 0 | AB134: 0 | AD134: =SUM(E134:AB134) -> 120.406
B135: PE-CABOLEONES-1 | E135: 0 | F135: 0 | G135: 0 | H135: 0 | I135: 0 | J135: 0 | K135: 0 | L135: 0 | M135: 5.593 | N135: 8.3553333 | O135: 0.86883333 | P135: 0 | Q135: 0 | R135: 0 | S135: 0 | T135: 0 | U135: 0 | V135: 0.17483333 | W135: 7.5973333 | X135: 12.036833 | Y135: 0 | Z135: 0 | AA135: 0 | AB135: 0 | AD135: =SUM(E135:AB135) -> 34.626167
B136: PE-CABOLEONES-2 | E136: 0 | F136: 0 | G136: 0 | H136: 0 | I136: 0 | J136: 0 | K136: 0 | L136: 0 | M136: 6.9128333 | N136: 7.4158333 | O136: 4.5123333 | P136: 1.881 | Q136: 2.1246667 | R136: 2.1575 | S136: 0 | T136: 0 | U136: 0 | V136: 0 | W136: 16.885667 | X136: 10.8225 | Y136: 0 | Z136: 0 | AA136: 0 | AB136: 0 | AD136: =SUM(E136:AB136) -> 52.712333
B137: PE-CABOLEONES-3 | E137: 0 | F137: 0 | G137: 0 | H137: 0 | I137: 0 | J137: 0 | K137: 0 | L137: 0 | M137: 19.366667 | N137: 35.4 | O137: 34.4 | P137: 37.5 | Q137: 44.7 | R137: 54.7 | S137: 63.9 | T137: 72.5 | U137: 78.9 | V137: 82.1 | W137: 93.9 | X137: 44.811667 | Y137: 0 | Z137: 0 | AA137: 0 | AB137: 0 | AD137: =SUM(E137:AB137) -> 662.17833
B138: PE-SANJUAN | E138: 0 | F138: 0 | G138: 0 | H138: 0 | I138: 0 | J138: 0 | K138: 0 | L138: 0 | M138: 8.913 | N138: 14.943167 | O138: 5.207 | P138: 0 | Q138: 0 | R138: 0 | S138: 0 | T138: 0.020333333 | U138: 4.9993333 | V138: 20.7175 | W138: 79.62 | X138: 9.7556667 | Y138: 0 | Z138: 0 | AA138: 0 | AB138: 0 | AD138: =SUM(E138:AB138) -> 144.176
B139: PE-PUNTACOLORADA | E139: 0 | F139: 0 | G139: 0 | H139: 0 | I139: 0 | J139: 0 | K139: 0 | L139: 0 | M139: 0 | N139: 0 | O139: 0 | P139: 0 | Q139: 0 | R139: 0 | S139: 0 | T139: 0 | U139: 0 | V139: 0 | W139: 0 | X139: 0 | Y139: 0 | Z139: 0 | AA139: 0 | AB139: 0 | AD139: =SUM(E139:AB139) -> 0
... B181: PE-PUNTADETALCA | E181: 0 | F181: 0 | G181: 0 | H181: 0 | I181: 0 | J181: 0 | K181: 0 | L181: 0 | M181: 0 | N181: 0 | O181: 0 | P181: 0 | Q181: 0 | R181: 0 | S181: 0 | T181: 0 | U181: 0 | V181: 0 | W181: 74.47 | X181: 27.746333 | Y181: 0 | Z181: 0 | AA181: 0 | AB181: 0 | AD181: =SUM(E181:AB181) -> 102.21633
B182: Total | E182: =SUM(E128:E181) -> 0 | F182: =SUM(F128:F181) -> 0 | G182: =SUM(G128:G181) -> 0 | H182: =SUM(H128:H181) -> 0 | I182: =SUM(I128:I181) -> 0 | J182: =SUM(J128:J181) -> 0 | K182: =SUM(K128:K181) -> 0 | L182: =SUM(L128:L181) -> 0 | ... AB182: =SUM(AB128:AB181) -> 0 | AC182: =SUM(AC128:AE181) -> 5801.3038
B185: ='Resumen-Mensual'!$H$26 -> 46085
B187: Central/Hora | E187: 1 | F187: 2 | G187: 3 | H187: 4 | I187: 5 | J187: 6 | K187: 7 | L187: 8 | M187: 9 | N187: 10 | O187: 11 | P187: 12 | Q187: 13 | R187: 14 | S187: 15 | T187: 16 | U187: 17 | V187: 18 | W187: 19 | X187: 20 | Y187: 21 | Z187: 22 | AA187: 23 | AB187: 24 | AC187: Total
B188: PE-TCHAMMA | E188: 0 | F188: 0 | G188: 0 | H188: 0 | I188: 0 | J188: 0 | K188: 0 | L188: 0 | M188: 3.2886667 | N188: 1.6061667 | O188: 7.5338333 | P188: 8.164 | Q188: 16.328333 | R188: 4.5276667 | S188: 0.046666667 | T188: 1.6473333 | U188: 12.549833 | V188: 13.721 | W188: 15.000333 | X188: 0 | Y188: 0 | Z188: 0 | AA188: 0 | AB188: 0 | AD188: =SUM(E188:AB188) -> 84.413833
B189: PE-SIERRAGORDA | E189: 0 | F189: 0 | G189: 0 | H189: 0 | I189: 0 | J189: 0 | K189: 0 | L189: 0 | M189: 0 | N189: 0.21816667 | O189: 3.7823333 | P189: 8.1005 | Q189: 9.0465 | R189: 3.1846667 | S189: 0 | T189: 0 | U189: 0 | V189: 2.3341667 | W189: 3.0298333 | X189: 0.058333333 | Y189: 0 | Z189: 0 | AA189: 0 | AB189: 0 | AD189: =SUM(E189:AB189) -> 29.7545
B190: PE-VALLEDELOSVIENTOS | E190: 0 | F190: 0 | G190: 0 | H190: 0 | I190: 0 | J190: 0 | K190: 0 | L190: 0 | M190: 0.98933333 | N190: 0.0043333333 | O190: 1.4885 | P190: 5.65 | Q190: 17.500167 | R190: 9.887 | S190: 18.551 | T190: 29.411167 | U190: 34.5555 | V190: 41.5575 | W190: 47.176833 | X190: 2.6615 | Y190: 0 | Z190: 0 | AA190: 0 | AB190: 0 | AD190: =SUM(E190:AB190) -> 209.43283
B191: PE-CERROTIGRE | E191: 0 | F191: 0 | G191: 0 | H191: 0 | I191: 0 | J191: 0 | K191: 0 | L191: 0 | M191: 0.11883333 | N191: 0 | O191: 0.99733333 | P191: 3.5366667 | Q191: 12.594167 | R191: 4.412 | S191: 0 | T191: 10.898333 | U191: 26.061 | V191: 25.962 | W191: 9.0433333 | X191: 3.527 | Y191: 0 | Z191: 0 | AA191: 0 | AB191: 0 | AD191: =SUM(E191:AB191) -> 97.150667
B192: PE-CALAMA | E192: 0 | F192: 0 | G192: 0 | H192: 0 | I192: 0 | J192: 0 | K192: 0 | L192: 0 | M192: 0.37366667 | N192: 0 | O192: 0.2185 | P192: 7.1715 | Q192: 23.7705 | R192: 19.445833 | S192: 5.3868333 | T192: 21.508833 | U192: 38.276333 | V192: 49.606 | W192: 20.336667 | X192: 0 | Y192: 0 | Z192: 0 | AA192: 0 | AB192: 0 | AD192: =SUM(E192:AB192) -> 186.09467
B193: PE-TALTAL | E193: 0 | F193: 0 | G193: 0 | H193: 0 | I193: 0 | J193: 0 | K193: 0 | L193: 0 | M193: 0 | N193: 0 | O193: 0 | P193: 0 | Q193: 0 | R193: 0 | S193: 0 | T193: 0 | U193: 0 | V193: 0 | W193: 0 | X193: 0 | Y193: 0 | Z193: 0 | AA193: 0 | AB193: 0 | AD193: =SUM(E193:AB193) -> 0
B194: PE-SARCO | E194: 0 | F194: 0 | G194: 0 | H194: 0 | I194: 0 | J194: 0 | K194: 0 | L194: 0 | M194: 0.8945 | N194: 1.0975 | O194: 0.41483333 | P194: 2.8555 | Q194: 0 | R194: 0.62766667 | S194: 0.521 | T194: 1.355 | U194: 0.038666667 | V194: 4.9316667 | W194: 11.1875 | X194: 2.3155 | Y194: 0 | Z194: 0 | AA194: 0 | AB194: 0 | AD194: =SUM(E194:AB194) -> 26.239333
B195: PE-CABOLEONES-1 | E195: 0 | F195: 0 | G195: 0 | H195: 0 | I195: 0 | J195: 0 | K195: 0 | L195: 0 | M195: 1.1538333 | N195: 5.22 | O195: 9.0405 | P195: 7.2711667 | Q195: 5.8175 | R195: 1.121 | S195: 0 | T195: 0 | U195: 4.7776667 | V195: 10.649167 | W195: 10.831167 | X195: 1.647 | Y195: 0 | Z195: 0 | AA195: 0 | AB195: 0 | AD195: =SUM(E195:AB195) -> 57.529
B196: PE-CABOLEONES-2 | E196: 0 | F196: 0 | G196: 0 | H196: 0 | I196: 0 | J196: 0 | K196: 0 | L196: 0 | M196: 2.0836667 | N196: 4.1115 | O196: 5.7873333 | P196: 5.6523333 | Q196: 2.1968333 | R196: 0.90983333 | S196: 0 | T196: 0.011666667 | U196: 6.8126667 | V196: 13.019833 | W196: 14.365833 | X196: 1.9226667 | Y196: 0 | Z196: 0 | AA196: 0 | AB196: 0 | AD196: =SUM(E196:AB196) -> 56.874167
B197: PE-CABOLEONES-3 | E197: 0 | F197: 0 | G197: 0 | H197: 0 | I197: 0 | J197: 0 | K197: 0 | L197: 0 | M197: 0.84283333 | N197: 2.4551667 | O197: 7.5716667 | P197: 13.638167 | Q197: 12.720333 | R197: 2.0135 | S197: 0 | T197: 3.6483333 | U197: 7.694 | V197: 10.525833 | W197: 12.288167 | X197: 1.6503333 | Y197: 0 | Z197: 0 | AA197: 0 | AB197: 0 | AD197: =SUM(E197:AB197) -> 75.048333
B198: PE-SANJUAN | E198: 0 | F198: 0 | G198: 0 | H198: 0 | I198: 0 | J198: 0 | K198: 0 | L198: 0 | M198: 2.09 | N198: 3.8 | O198: 5.9751667 | P198: 9.2051667 | Q198: 1.1368333 | R198: 0.17283333 | S198: 0.68083333 | T198: 6.4185 | U198: 9.4758333 | V198: 18.112833 | W198: 22.5805 | X198: 3.0113333 | Y198: 0 | Z198: 0 | AA198: 0 | AB198: 0 | AD198: =SUM(E198:AB198) -> 82.659833
B199: PE-PUNTACOLORADA | E199: 0 | F199: 0 | G199: 0 | H199: 0 | I199: 0 | J199: 0 | K199: 0 | L199: 0 | M199: 0 | N199: 0 | O199: 0 | P199: 0 | Q199: 0 | R199: 0 | S199: 0 | T199: 0 | U199: 0 | V199: 0 | W199: 0 | X199: 0 | Y199: 0 | Z199: 0 | AA199: 0 | AB199: 0 | AD199: =SUM(E199:AB199) -> 0
... B241: PE-PUNTADETALCA | E241: 0 | F241: 0 | G241: 0 | H241: 0 | I241: 0 | J241: 0 | K241: 0 | L241: 0 | M241: 2.739 | N241: 4.9521667 | O241: 5.67 | P241: 5.93 | Q241: 7.09 | R241: 9.5 | S241: 12.06 | T241: 15.29 | U241: 18 | V241: 18.63 | W241: 19.604667 | X241: 2.155 | Y241: 0 | Z241: 0 | AA241: 0 | AB241: 0 | AD241: =SUM(E241:AB241) -> 121.62083
B242: Total | E242: =SUM(E188:E241) -> 0 | F242: =SUM(F188:F241) -> 0 | G242: =SUM(G188:G241) -> 0 | H242: =SUM(H188:H241) -> 0 | I242: =SUM(I188:I241) -> 0 | J242: =SUM(J188:J241) -> 0 | K242: =SUM(K188:K241) -> 0 | L242: =SUM(L188:L241) -> 0 | ... AB242: =SUM(AB188:AB241) -> 41.771667 | AC242: =SUM(AC188:AE241) -> 4772.9443
B245: ='Resumen-Mensual'!$I$26 -> 46086
B247: Central/Hora | E247: 1 | F247: 2 | G247: 3 | H247: 4 | I247: 5 | J247: 6 | K247: 7 | L247: 8 | M247: 9 | N247: 10 | O247: 11 | P247: 12 | Q247: 13 | R247: 14 | S247: 15 | T247: 16 | U247: 17 | V247: 18 | W247: 19 | X247: 20 | Y247: 21 | Z247: 22 | AA247: 23 | AB247: 24 | AC247: Total
B248: PE-TCHAMMA | E248: 0 | F248: 0 | G248: 0 | H248: 0 | I248: 0 | J248: 0 | K248: 0 | L248: 0 | M248: 31.548 | N248: 36.374667 | O248: 13.878 | P248: 9.9796667 | Q248: 15.8165 | R248: 12.631167 | S248: 16.653667 | T248: 5.4303333 | U248: 0.27266667 | V248: 7.1293333 | W248: 12.9435 | X248: 2.9938333 | Y248: 0 | Z248: 0 | AA248: 0 | AB248: 0 | AD248: =SUM(E248:AB248) -> 165.65133
B249: PE-SIERRAGORDA | E249: 0 | F249: 0 | G249: 0 | H249: 0 | I249: 0 | J249: 0 | K249: 0 | L249: 0 | M249: 3.9425 | N249: 6.1673333 | O249: 7 | P249: 1.8995 | Q249: 1.6436667 | R249: 4.7131667 | S249: 12.386667 | T249: 3.8218333 | U249: 0 | V249: 0.13033333 | W249: 3.4081667 | X249: 0 | Y249: 0 | Z249: 0 | AA249: 0 | AB249: 0 | AD249: =SUM(E249:AB249) -> 45.113167
B250: PE-VALLEDELOSVIENTOS | E250: 0 | F250: 0 | G250: 0 | H250: 0 | I250: 0 | J250: 0 | K250: 0 | L250: 0 | M250: 1.7911667 | N250: 1.9568333 | O250: 1.6981667 | P250: 3.2446667 | Q250: 5.7515 | R250: 12.772167 | S250: 37.9045 | T250: 24.51 | U250: 25.939333 | V250: 30.3665 | W250: 41.1395 | X250: 2.4678333 | Y250: 0 | Z250: 0 | AA250: 0 | AB250: 0 | AD250: =SUM(E250:AB250) -> 189.54217
B251: PE-CERROTIGRE | E251: 0 | F251: 0 | G251: 0 | H251: 0 | I251: 0 | J251: 0 | K251: 0 | L251: 0 | M251: 0.28 | N251: 0.1 | O251: 0 | P251: 1.2 | Q251: 9.8858333 | R251: 22.100667 | S251: 63.1945 | T251: 19.222667 | U251: 10.225667 | V251: 19.0185 | W251: 44.095333 | X251: 3.0006667 | Y251: 0 | Z251: 0 | AA251: 0 | AB251: 0 | AD251: =SUM(E251:AB251) -> 192.32383
B252: PE-CALAMA | E252: 0 | F252: 0 | G252: 0 | H252: 0 | I252: 0 | J252: 0 | K252: 0 | L252: 0 | M252: 2.8335 | N252: 0.571 | O252: 0.23883333 | P252: 5.8141667 | Q252: 11.865833 | R252: 34.686 | S252: 69.422667 | T252: 19.641667 | U252: 24.257167 | V252: 30.210833 | W252: 46.895333 | X252: 7.2533333 | Y252: 0 | Z252: 0 | AA252: 0 | AB252: 0 | AD252: =SUM(E252:AB252) -> 253.69033
B253: PE-TALTAL | E253: 0 | F253: 0 | G253: 0 | H253: 0 | I253: 0 | J253: 0 | K253: 0 | L253: 0 | M253: 0 | N253: 0 | O253: 0 | P253: 0 | Q253: 0 | R253: 0 | S253: 0 | T253: 0 | U253: 0 | V253: 0 | W253: 0 | X253: 0 | Y253: 0 | Z253: 0 | AA253: 0 | AB253: 0 | AD253: =SUM(E253:AB253) -> 0
B254: PE-SARCO | E254: 0 | F254: 0 | G254: 0 | H254: 0 | I254: 0 | J254: 0 | K254: 0 | L254: 0 | M254: 2.4361667 | N254: 1.2541667 | O254: 2.3273333 | P254: 3.8123333 | Q254: 1.3285 | R254: 3.2946667 | S254: 0.64916667 | T254: 0 | U254: 2.175 | V254: 12.655833 | W254: 27.936833 | X254: 7.1891667 | Y254: 0 | Z254: 0 | AA254: 0 | AB254: 0 | AD254: =SUM(E254:AB254) -> 65.059167
B255: PE-CABOLEONES-1 | E255: 0 | F255: 0 | G255: 0 | H255: 0 | I255: 0 | J255: 0 | K255: 0 | L255: 0 | M255: 2.7931667 | N255: 3.7015 | O255: 3.037 | P255: 4.5248333 | Q255: 2.5753333 | R255: 4.7641667 | S255: 4.1698333 | T255: 0.28166667 | U255: 0.0076666667 | V255: 2.6798333 | W255: 0 | X255: 0.035333333 | Y255: 0 | Z255: 0 | AA255: 0 | AB255: 0 | AD255: =SUM(E255:AB255) -> 28.570333
B256: PE-CABOLEONES-2 | E256: 0 | F256: 0 | G256: 0 | H256: 0 | I256: 0 | J256: 0 | K256: 0 | L256: 0 | M256: 2.4125 | N256: 3.1365 | O256: 3.3431667 | P256: 3.5801667 | Q256: 3.1791667 | R256: 6.9305 | S256: 5.049 | T256: 0.48116667 | U256: 0.61033333 | V256: 0.94366667 | W256: 2.0146667 | X256: 0.9305 | Y256: 0 | Z256: 0 | AA256: 0 | AB256: 0 | AD256: =SUM(E256:AB256) -> 32.611333
B257: PE-CABOLEONES-3 | E257: 0 | F257: 0 | G257: 0 | H257: 0 | I257: 0 | J257: 0 | K257: 0 | L257: 0 | M257: 1.9435 | N257: 2.3138333 | O257: 1.0716667 | P257: 3.5741667 | Q257: 2.0101667 | R257: 2.2893333 | S257: 0.92316667 | T257: 0.033833333 | U257: 0 | V257: 0.026833333 | W257: 0 | X257: 0 | Y257: 0 | Z257: 0 | AA257: 0 | AB257: 0 | AD257: =SUM(E257:AB257) -> 14.1865
B258: PE-SANJUAN | E258: 0 | F258: 0 | G258: 0 | H258: 0 | I258: 0 | J258: 0 | K258: 0 | L258: 0 | M258: 4.48 | N258: 7.8 | O258: 8.568 | P258: 7.5 | Q258: 5.6 | R258: 5.314 | S258: 3.6673333 | T258: 1.2363333 | U258: 3.6093333 | V258: 3.7188333 | W258: 0.6365 | X258: 1.0786667 | Y258: 0 | Z258: 0 | AA258: 0 | AB258: 0 | AD258: =SUM(E258:AB258) -> 53.209
B259: PE-PUNTACOLORADA | E259: 0 | F259: 0 | G259: 0 | H259: 0 | I259: 0 | J259: 0 | K259: 0 | L259: 0 | M259: 0 | N259: 0 | O259: 0 | P259: 0 | Q259: 0 | R259: 0 | S259: 0 | T259: 0 | U259: 0 | V259: 0 | W259: 0 | X259: 0 | Y259: 0 | Z259: 0 | AA259: 0 | AB259: 0 | AD259: =SUM(E259:AB259) -> 0
... B301: PE-PUNTADETALCA | E301: 0 | F301: 0 | G301: 0 | H301: 0 | I301: 0 | J301: 0 | K301: 0 | L301: 0 | M301: 0 | N301: 0 | O301: 0 | P301: 0 | Q301: 0 | R301: 0 | S301: 0 | T301: 0 | U301: 0 | V301: 0 | W301: 2.5456667 | X301: 0.25583333 | Y301: 0 | Z301: 0 | AA301: 0 | AB301: 0 | AD301: =SUM(E301:AB301) -> 2.8015
B302: Total | E302: =SUM(E248:E301) -> 70.107 | F302: =SUM(F248:F301) -> 241.27 | G302: =SUM(G248:G301) -> 240.69812 | H302: =SUM(H248:H301) -> 238.15135 | I302: =SUM(I248:I301) -> 215.81861 | J302: =SUM(J248:J301) -> 178.0356 | K302: =SUM(K248:K301) -> 89.625373 | L302: =SUM(L248:L301) -> 17.282412 | ... AB302: =SUM(AB248:AB301) -> 0 | AC302: =SUM(AC248:AE301) -> 5002.281
B305: ='Resumen-Mensual'!$J$26 -> 46087
B307: Central/Hora | E307: 1 | F307: 2 | G307: 3 | H307: 4 | I307: 5 | J307: 6 | K307: 7 | L307: 8 | M307: 9 | N307: 10 | O307: 11 | P307: 12 | Q307: 13 | R307: 14 | S307: 15 | T307: 16 | U307: 17 | V307: 18 | W307: 19 | X307: 20 | Y307: 21 | Z307: 22 | AA307: 23 | AB307: 24 | AC307: Total
B308: PE-TCHAMMA | E308: 0 | F308: 0 | G308: 0 | H308: 0 | I308: 0 | J308: 0 | K308: 0 | L308: 0 | M308: 10.987167 | N308: 20.085833 | O308: 15.386167 | P308: 6.8431667 | Q308: 9.7998333 | R308: 10.881 | S308: 10.154 | T308: 3.404 | U308: 0.067166667 | V308: 33.2915 | W308: 22.455333 | X308: 2.3945 | Y308: 0 | Z308: 0 | AA308: 0 | AB308: 0 | AD308: =SUM(E308:AB308) -> 145.74967
B309: PE-SIERRAGORDA | E309: 0 | F309: 0 | G309: 0 | H309: 0 | I309: 0 | J309: 0 | K309: 0 | L309: 0 | M309: 3.6745 | N309: 5.456 | O309: 5.0028333 | P309: 1.015 | Q309: 7.6045 | R309: 10.030333 | S309: 13.9935 | T309: 4.4925 | U309: 0 | V309: 0.20466667 | W309: 0.98183333 | X309: 0 | Y309: 0 | Z309: 0 | AA309: 0 | AB309: 0 | AD309: =SUM(E309:AB309) -> 52.455667
B310: PE-VALLEDELOSVIENTOS | E310: 0 | F310: 0 | G310: 0 | H310: 0 | I310: 0 | J310: 0 | K310: 0 | L310: 0 | M310: 0 | N310: 0.04 | O310: 0.84366667 | P310: 2.4633333 | Q310: 7.51 | R310: 11.047 | S310: 3.686 | T310: 8.2506667 | U310: 23.303333 | V310: 28.928 | W310: 45.3115 | X310: 0.736 | Y310: 0 | Z310: 0 | AA310: 0 | AB310: 0 | AD310: =SUM(E310:AB310) -> 132.1195
B311: PE-CERROTIGRE | E311: 0 | F311: 0 | G311: 0 | H311: 0 | I311: 0 | J311: 0 | K311: 0 | L311: 0 | M311: 0.33 | N311: 0.1 | O311: 0 | P311: 1.8501667 | Q311: 8.2705 | R311: 11.667167 | S311: 1.8796667 | T311: 7.8548333 | U311: 12.062667 | V311: 27.971167 | W311: 52.333333 | X311: 5.2793333 | Y311: 0 | Z311: 0 | AA311: 0 | AB311: 0 | AD311: =SUM(E311:AB311) -> 129.59883
B312: PE-CALAMA | E312: 0 | F312: 0 | G312: 0 | H312: 0 | I312: 0 | J312: 0 | K312: 0 | L312: 0 | M312: 2.8968333 | N312: 1.3725 | O312: 1.3305 | P312: 4.6673333 | Q312: 16.706333 | R312: 27.327167 | S312: 29.626667 | T312: 9.7756667 | U312: 19.538 | V312: 28.385667 | W312: 23.4745 | X312: 0 | Y312: 0 | Z312: 0 | AA312: 0 | AB312: 0 | AD312: =SUM(E312:AB312) -> 165.10117
B313: PE-TALTAL | E313: 0 | F313: 0 | G313: 0 | H313: 0 | I313: 0 | J313: 0 | K313: 0 | L313: 0 | M313: 0 | N313: 0 | O313: 0 | P313: 0 | Q313: 0 | R313: 0 | S313: 0 | T313: 0 | U313: 0 | V313: 0 | W313: 0 | X313: 0 | Y313: 0 | Z313: 0 | AA313: 0 | AB313: 0 | AD313: =SUM(E313:AB313) -> 0
B314: PE-SARCO | E314: 0 | F314: 0 | G314: 0 | H314: 0 | I314: 0 | J314: 0 | K314: 0 | L314: 0 | M314: 0.615 | N314: 4.65 | O314: 5.35 | P314: 6.85 | Q314: 2.75 | R314: 2.95 | S314: 0 | T314: 0 | U314: 0 | V314: 0 | W314: 0.65 | X314: 1.2208333 | Y314: 0 | Z314: 0 | AA314: 0 | AB314: 0 | AD314: =SUM(E314:AB314) -> 25.035833
B315: PE-CABOLEONES-1 | E315: 0 | F315: 0 | G315: 0 | H315: 0 | I315: 0 | J315: 0 | K315: 0 | L315: 0 | M315: 3.119 | N315: 6.5881667 | O315: 0 | P315: 0 | Q315: 0 | R315: 0 | S315: 0 | T315: 0.031666667 | U315: 1.0036667 | V315: 9.2153333 | W315: 11.121 | X315: 1.3811667 | Y315: 0 | Z315: 0 | AA315: 0 | AB315: 0 | AD315: =SUM(E315:AB315) -> 32.46
B316: PE-CABOLEONES-2 | E316: 0 | F316: 0 | G316: 0 | H316: 0 | I316: 0 | J316: 0 | K316: 0 | L316: 0 | M316: 2.505 | N316: 8.542 | O316: 0 | P316: 0.364 | Q316: 0 | R316: 0 | S316: 0 | T316: 0 | U316: 0.087666667 | V316: 8.1903333 | W316: 13.939 | X316: 1.2045 | Y316: 0 | Z316: 0 | AA316: 0 | AB316: 0 | AD316: =SUM(E316:AB316) -> 34.8325
B317: PE-CABOLEONES-3 | E317: 0 | F317: 0 | G317: 0 | H317: 0 | I317: 0 | J317: 0 | K317: 0 | L317: 0 | M317: 2.6186667 | N317: 3.7988333 | O317: 0.015333333 | P317: 0.50183333 | Q317: 0 | R317: 0 | S317: 0.2995 | T317: 0.0575 | U317: 3.9836667 | V317: 10.613833 | W317: 11.3225 | X317: 1.1705 | Y317: 0 | Z317: 0 | AA317: 0 | AB317: 0 | AD317: =SUM(E317:AB317) -> 34.382167
B318: PE-SANJUAN | E318: 0 | F318: 0 | G318: 0 | H318: 0 | I318: 0 | J318: 0 | K318: 0 | L318: 0 | M318: 4.6338333 | N318: 1.3755 | O318: 0.68866667 | P318: 0.22 | Q318: 0 | R318: 0.42433333 | S318: 3.6476667 | T318: 7.9925 | U318: 12.4105 | V318: 22.7 | W318: 25 | X318: 2.2288333 | Y318: 0 | Z318: 0 | AA318: 0 | AB318: 0 | AD318: =SUM(E318:AB318) -> 81.321833
B319: PE-PUNTACOLORADA | E319: 0 | F319: 0 | G319: 0 | H319: 0 | I319: 0 | J319: 0 | K319: 0 | L319: 0 | M319: 0 | N319: 0 | O319: 0 | P319: 0 | Q319: 0 | R319: 0 | S319: 0 | T319: 0 | U319: 0 | V319: 0 | W319: 0 | X319: 0 | Y319: 0 | Z319: 0 | AA319: 0 | AB319: 0 | AD319: =SUM(E319:AB319) -> 0
... B361: PE-PUNTADETALCA | E361: 0 | F361: 0 | G361: 0 | H361: 0 | I361: 0 | J361: 0 | K361: 0 | L361: 0 | M361: 0 | N361: 0 | O361: 0 | P361: 0 | Q361: 0 | R361: 0 | S361: 0 | T361: 0 | U361: 0 | V361: 0 | W361: 3.55 | X361: 0.20166667 | Y361: 0 | Z361: 0 | AA361: 0 | AB361: 0 | AD361: =SUM(E361:AB361) -> 3.7516667
B362: Total | E362: =SUM(E308:E361) -> 0 | F362: =SUM(F308:F361) -> 0 | G362: =SUM(G308:G361) -> 0 | H362: =SUM(H308:H361) -> 0 | I362: =SUM(I308:I361) -> 0 | J362: =SUM(J308:J361) -> 0 | K362: =SUM(K308:K361) -> 0 | L362: =SUM(L308:L361) -> 0 | ... AB362: =SUM(AB308:AB361) -> 0 | AC362: =SUM(AC308:AE361) -> 2376.1642
B365: ='Resumen-Mensual'!$K$26 -> 46088
B367: Central/Hora | E367: 1 | F367: 2 | G367: 3 | H367: 4 | I367: 5 | J367: 6 | K367: 7 | L367: 8 | M367: 9 | N367: 10 | O367: 11 | P367: 12 | Q367: 13 | R367: 14 | S367: 15 | T367: 16 | U367: 17 | V367: 18 | W367: 19 | X367: 20 | Y367: 21 | Z367: 22 | AA367: 23 | AB367: 24 | AC367: Total
B368: PE-TCHAMMA | E368: 0 | F368: 0 | G368: 0 | H368: 0 | I368: 0 | J368: 0 | K368: 0 | L368: 0 | M368: 0 | N368: 0 | O368: 9.49 | P368: 8.93 | Q368: 16.16 | R368: 9.17 | S368: 6.36 | T368: 7.14 | U368: 15.18 | V368: 34.33 | W368: 17.15 | X368: 3.03 | Y368: 0 | Z368: 0 | AA368: 0 | AB368: 0 | AD368: =SUM(E368:AB368) -> 126.94
...

Sheet Resumen-DiarioHorario-Solar
B2: CURTAILMENTS SOLAR POR CENTRALES EN FORMA DIARIA/HORARIA
B5: ='Resumen-Mensual'!$E$26 -> 46082
B7: Central/Hora | E7: 1 | F7: 2 | G7: 3 | H7: 4 | I7: 5 | J7: 6 | K7: 7 | L7: 8 | M7: 9 | N7: 10 | O7: 11 | P7: 12 | Q7: 13 | R7: 14 | S7: 15 | T7: 16 | U7: 17 | V7: 18 | W7: 19 | X7: 20 | Y7: 21 | Z7: 22 | AA7: 23 | AB7: 24 | AC7: Total
B8: PFV-POZOALMONTE-2 | E8: 0 | F8: 0 | G8: 0 | H8: 0 | I8: 0 | J8: 0 | K8: 0 | L8: 0.053333333 | M8: 1.9 | N8: 0 | O8: 0 | P8: 0 | Q8: 0 | R8: 0 | S8: 0 | T8: 0 | U8: 0 | V8: 0 | W8: 0 | X8: 0.32 | Y8: 0 | Z8: 0 | AA8: 0 | AB8: 0 | AD8: =SUM(E8:AB8) -> 2.2733333
B9: PFV-POZOALMONTE-3 | E9: 0 | F9: 0 | G9: 0 | H9: 0 | I9: 0 | J9: 0 | K9: 0 | L9: 0.053333333 | M9: 5.9 | N9: 11.6 | O9: 12.5 | P9: 12.6 | Q9: 12.6 | R9: 12.6 | S9: 12.6 | T9: 12.6 | U9: 12.6 | V9: 12.1 | W9: 7.5 | X9: 0.4 | Y9: 0 | Z9: 0 | AA9: 0 | AB9: 0 | AD9: =SUM(E9:AB9) -> 125.65333
B10: PFV-LAHUAYCA-2 | E10: 0 | F10: 0 | G10: 0 | H10: 0 | I10: 0 | J10: 0 | K10: 0 | L10: 0 | M10: 0.99216667 | N10: 3.0843333 | O10: 5.334 | P10: 8.4175 | Q10: 8.9745 | R10: 7.477 | S10: 6.0683333 | T10: 5.6688333 | U10: 6.3895 | V10: 4.9773333 | W10: 1.4243333 | X10: 0.075 | Y10: 0 | Z10: 0 | AA10: 0 | AB10: 0 | AD10: =SUM(E10:AB10) -> 58.882833
B11: PFV-SANTAISABEL | E11: 0 | F11: 0 | G11: 0 | H11: 0 | I11: 0 | J11: 0 | K11: 0 | L11: 0.36433333 | M11: 59.6915 | N11: 116.24517 | O11: 117.82483 | P11: 107.572 | Q11: 99.619 | R11: 95.432667 | S11: 87.448833 | T11: 84.035167 | U11: 83.603333 | V11: 86.024167 | W11: 50.116333 | X11: 0 | Y11: 0 | Z11: 0 | AA11: 0 | AB11: 0 | AD11: =SUM(E11:AB11) -> 987.97733
B12: PFV-HUATACONDO | E12: 0 | F12: 0 | G12: 0 | H12: 0 | I12: 0 | J12: 0 | K12: 0 | L12: 0 | M12: 0 | N12: 0 | O12: 0 | P12: 0 | Q12: 0 | R12: 0 | S12: 0 | T12: 0 | U12: 0 | V12: 0 | W12: 0 | X12: 0 | Y12: 0 | Z12: 0 | AA12: 0 | AB12: 0 | AD12: =SUM(E12:AB12) -> 0
B13: PFV-ATACAMASOLAR-2 | E13: 0 | F13: 0 | G13: 0 | H13: 0 | I13: 0 | J13: 0 | K13: 0 | L13: 0.037333333 | M13: 5.3976667 | N13: 24.826 | O13: 17.9645 | P13: 15.616167 | Q13: 13.751 | R13: 13.179167 | S13: 12.425833 | T13: 13.599333 | U13: 16.353333 | V13: 18.380333 | W13: 21.346833 | X13: 8.8753333 | Y13: 0 | Z13: 0 | AA13: 0 | AB13: 0 | AD13: =SUM(E13:AB13) -> 181.75283
B14: PFV-NUEVOQUILLAGUA | E14: 0 | F14: 0 | G14: 0 | H14: 0 | I14: 0 | J14: 0 | K14: 0 | L14: 0 | M14: 0 | N14: 0 | O14: 0 | P14: 0 | Q14: 0 | R14: 0 | S14: 0 | T14: 0 | U14: 0 | V14: 0 | W14: 0 | X14: 0 | Y14: 0 | Z14: 0 | AA14: 0 | AB14: 0 | AD14: =SUM(E14:AB14) -> 0
B15: PFV-GRANJA | E15: 0 | F15: 0 | G15: 0 | H15: 0 | I15: 0 | J15: 0 | K15: 0 | L15: 0 | M15: 8.4333333 | N15: 44.255333 | O15: 49.462833 | P15: 43.139167 | Q15: 32.271667 | R15: 25.908167 | S15: 22.592333 | T15: 26.559667 | U15: 41.197 | V15: 49.133833 | W15: 45.788333 | X15: 0 | Y15: 0 | Z15: 0 | AA15: 0 | AB15: 0 | AD15: =SUM(E15:AB15) -> 388.74167
B16: PFV-USYA | E16: 0 | F16: 0 | G16: 0 | H16: 0 | I16: 0 | J16: 0 | K16: 0 | L16: 0.13333333 | M16: 2.4555 | N16: 16.813167 | O16: 23.013833 | P16: 32.356 | Q16: 16.030667 | R16: 8.7888333 | S16: 7.281 | T16: 15.041667 | U16: 29.8365 | V16: 19.914167 | W16: 2.2063333 | X16: 0.003 | Y16: 0 | Z16: 0 | AA16: 0 | AB16: 0 | AD16: =SUM(E16:AB16) -> 173.874
B17: PFV-SANPEDRO-GPG | E17: 0 | F17: 0 | G17: 0 | H17: 0 | I17: 0 | J17: 0 | K17: 0 | L17: 0 | M17: 27.398333 | N17: 43.533333 | O17: 47.83 | P17: 45.209 | Q17: 39.0445 | R17: 35.666667 | S17: 33.503667 | T17: 35.512 | U17: 42.5945 | V17: 45.610333 | W17: 41.4015 | X17: 0 | Y17: 0 | Z17: 0 | AA17: 0 | AB17: 0 | AD17: =SUM(E17:AB17) -> 437.30383
B18: PFV-JAMA-1 | E18: 0 | F18: 0 | G18: 0 | H18: 0 | I18: 0 | J18: 0 | K18: 0 | L18: 0.19333333 | M18: 15.43 | N18: 7.8 | O18: 7 | P18: 6.9 | Q18: 6.7 | R18: 6.6 | S18: 6.4 | T18: 6.2 | U18: 6.1 | V18: 6.4 | W18: 0 | X18: 0.836 | Y18: 0 | Z18: 0 | AA18: 0 | AB18: 0 | AD18: =SUM(E18:AB18) -> 76.559333
B19: PFV-JAMA-2 | E19: 0 | F19: 0 | G19: 0 | H19: 0 | I19: 0 | J19: 0 | K19: 0 | L19: 0.14 | M19: 11.17 | N19: 11.19 | O19: 12.05 | P19: 12.07 | Q19: 12.07 | R19: 11.87 | S19: 11.67 | T19: 11.67 | U19: 11.59 | V19: 10.72 | W19: 12.35 | X19: 0.604 | Y19: 0 | Z19: 0 | AA19: 0 | AB19: 0 | AD19: =SUM(E19:AB19) -> 129.164
... B79: PFV-LEYDA | E79: 0 | F79: 0 | G79: 0 | H79: 0 | I79: 0 | J79: 0 | K79: 0 | L79: 0.04 | M79: 7.7935 | N79: 40.416667 | O79: 43.832667 | P79: 44.147 | Q79: 44.233833 | R79: 44.454333 | S79: 46.07 | T79: 48.285333 | U79: 47.406167 | V79: 47.454833 | W79: 43.561 | X79: 1.5721667 | Y79: 0 | Z79: 0 | AA79: 0 | AB79: 0 | AD79: =SUM(E79:AB79) -> 459.2675
B80: Total | E80: =SUM(E8:E79) -> 0 | F80: =SUM(F8:F79) -> 0 | G80: =SUM(G8:G79) -> 0 | H80: =SUM(H8:H79) -> 0 | I80: =SUM(I8:I79) -> 0 | J80: =SUM(J8:J79) -> 0 | K80: =SUM(K8:K79) -> 0 | L80: =SUM(L8:L79) -> 5.7723333 | ... AB80: =SUM(AB8:AB79) -> 0 | AC80: =SUM(AC8:AE79) -> 16162.245
B83: ='Resumen-Mensual'!$F$26 -> 46083
B85: Central/Hora | E85: 1 | F85: 2 | G85: 3 | H85: 4 | I85: 5 | J85: 6 | K85: 7 | L85: 8 | M85: 9 | N85: 10 | O85: 11 | P85: 12 | Q85: 13 | R85: 14 | S85: 15 | T85: 16 | U85: 17 | V85: 18 | W85: 19 | X85: 20 | Y85: 21 | Z85: 22 | AA85: 23 | AB85: 24 | AC85: Total
B86: PFV-POZOALMONTE-2 | E86: 0 | F86: 0 | G86: 0 | H86: 0 | I86: 0 | J86: 0 | K86: 0 | L86: 0 | M86: 1.71 | N86: 0 | O86: 0 | P86: 0 | Q86: 0 | R86: 0 | S86: 0 | T86: 0 | U86: 0 | V86: 0 | W86: 0 | X86: 0.29333333 | Y86: 0 | Z86: 0 | AA86: 0 | AB86: 0 | AD86: =SUM(E86:AB86) -> 2.0033333
B87: PFV-POZOALMONTE-3 | E87: 0 | F87: 0 | G87: 0 | H87: 0 | I87: 0 | J87: 0 | K87: 0 | L87: 0 | M87: 5.605 | N87: 0.6 | O87: 1 | P87: 1.1 | Q87: 0.8 | R87: 0.3 | S87: 0.4 | T87: 0.3 | U87: 0.3 | V87: 0 | W87: 0 | X87: 0.26666667 | Y87: 0 | Z87: 0 | AA87: 0 | AB87: 0 | AD87: =SUM(E87:AB87) -> 10.671667
B88: PFV-LAHUAYCA-2 | E88: 0 | F88: 0 | G88: 0 | H88: 0 | I88: 0 | J88: 0 | K88: 0 | L88: 0 | M88: 0.7615 | N88: 2.1156667 | O88: 2.748 | P88: 2.0568333 | Q88: 2.1935 | R88: 3.7655 | S88: 3.2066667 | T88: 1.193 | U88: 3.4608333 | V88: 1.7961667 | W88: 1.2615 | X88: 0.37333333 | Y88: 0 | Z88: 0 | AA88: 0 | AB88: 0 | AD88: =SUM(E88:AB88) -> 24.9325
B89: PFV-SANTAISABEL | E89: 0 | F89: 0 | G89: 0 | H89: 0 | I89: 0 | J89: 0 | K89: 0 | L89: 0 | M89: 40.178167 | N89: 92.622167 | O89: 90.711167 | P89: 62.373333 | Q89: 56.732667 | R89: 57.301667 | S89: 57.281333 | T89: 24.769167 | U89: 39.129833 | V89: 69.492167 | W89: 35.651667 | X89: 0 | Y89: 0 | Z89: 0 | AA89: 0 | AB89: 0 | AD89: =SUM(E89:AB89) -> 626.24333
B90: PFV-HUATACONDO | E90: 0 | F90: 0 | G90: 0 | H90: 0 | I90: 0 | J90: 0 | K90: 0 | L90: 0 | M90: 0 | N90: 0 | O90: 0 | P90: 0 | Q90: 0 | R90: 0 | S90: 0 | T90: 0 | U90: 0 | V90: 0 | W90: 0 | X90: 0 | Y90: 0 | Z90: 0 | AA90: 0 | AB90: 0 | AD90: =SUM(E90:AB90) -> 0
B91: PFV-ATACAMASOLAR-2 | E91: 0 | F91: 0 | G91: 0 | H91: 0 | I91: 0 | J91: 0 | K91: 0 | L91: 0 | M91: 13.473167 | N91: 19.916333 | O91: 9.642 | P91: 7.4576667 | Q91: 6.8156667 | R91: 8.2685 | S91: 9.661 | T91: 7.503 | U91: 7.9305 | V91: 16.017333 | W91: 17.4705 | X91: 3.505 | Y91: 0 | Z91: 0 | AA91: 0 | AB91: 0 | AD91: =SUM(E91:AB91) -> 127.66067
B92: PFV-NUEVOQUILLAGUA | E92: 0 | F92: 0 | G92: 0 | H92: 0 | I92: 0 | J92: 0 | K92: 0 | L92: 0 | M92: 0 | N92: 0 | O92: 0 | P92: 0 | Q92: 0 | R92: 0 | S92: 0 | T92: 0 | U92: 0 | V92: 0 | W92: 0 | X92: 0 | Y92: 0 | Z92: 0 | AA92: 0 | AB92: 0 | AD92: =SUM(E92:AB92) -> 0
B93: PFV-GRANJA | E93: 0 | F93: 0 | G93: 0 | H93: 0 | I93: 0 | J93: 0 | K93: 0 | L93: 0 | M93: 4.9451667 | N93: 25.381667 | O93: 21.6215 | P93: 8.4915 | Q93: 4.2155 | R93: 6.9763333 | S93: 12.012167 | T93: 5.5755 | U93: 16.879333 | V93: 39.378 | W93: 32.824333 | X93: 0 | Y93: 0 | Z93: 0 | AA93: 0 | AB93: 0 | AD93: =SUM(E93:AB93) -> 178.301
B94: PFV-USYA | E94: 0 | F94: 0 | G94: 0 | H94: 0 | I94: 0 | J94: 0 | K94: 0 | L94: 0 | M94: 1.9306667 | N94: 19.945167 | O94: 20.673667 | P94: 22.3315 | Q94: 37.842333 | R94: 36.8345 | S94: 42.476333 | T94: 35.233333 | U94: 17.38 | V94: 4.9088333 | W94: 1.4195 | X94: 0 | Y94: 0 | Z94: 0 | AA94: 0 | AB94: 0 | AD94: =SUM(E94:AB94) -> 240.97583
B95: PFV-SANPEDRO-GPG | E95: 0 | F95: 0 | G95: 0 | H95: 0 | I95: 0 | J95: 0 | K95: 0 | L95: 0 | M95: 13.6615 | N95: 26.280167 | O95: 23.719167 | P95: 19.999167 | Q95: 16.7925 | R95: 18.798667 | S95: 24.099333 | T95: 9.551 | U95: 20.191667 | V95: 36.321167 | W95: 30.173333 | X95: 0 | Y95: 0 | Z95: 0 | AA95: 0 | AB95: 0 | AD95: =SUM(E95:AB95) -> 239.58767
B96: PFV-JAMA-1 | E96: 0 | F96: 0 | G96: 0 | H96: 0 | I96: 0 | J96: 0 | K96: 0 | L96: 0 | M96: 14.5445 | N96: 16.1 | O96: 9.2 | P96: 8.9 | Q96: 8.4 | R96: 8.5 | S96: 10.3 | T96: 11.266667 | U96: 16.466667 | V96: 26 | W96: 16.82 | X96: 0.52533333 | Y96: 0 | Z96: 0 | AA96: 0 | AB96: 0 | AD96: =SUM(E96:AB96) -> 147.02317
B97: PFV-JAMA-2 | E97: 0 | F97: 0 | G97: 0 | H97: 0 | I97: 0 | J97: 0 | K97: 0 | L97: 0 | M97: 0 | N97: 0 | O97: 0 | P97: 0 | Q97: 0 | R97: 0 | S97: 0 | T97: 0 | U97: 0 | V97: 0 | W97: 0 | X97: 0 | Y97: 0 | Z97: 0 | AA97: 0 | AB97: 0 | AD97: =SUM(E97:AB97) -> 0
... B157: PFV-LEYDA | E157: 0 | F157: 0 | G157: 0 | H157: 0 | I157: 0 | J157: 0 | K157: 0 | L157: 0 | M157: 10.659 | N157: 41.51 | O157: 42.991 | P157: 44.250833 | Q157: 13.171167 | R157: 0 | S157: 20.311 | T157: 19.670667 | U157: 30.195 | V157: 47.206167 | W157: 43.287167 | X157: 1.3405 | Y157: 0 | Z157: 0 | AA157: 0 | AB157: 0 | AD157: =SUM(E157:AB157) -> 314.5925
B158: Total | E158: =SUM(E86:E157) -> 0 | F158: =SUM(F86:F157) -> 0 | G158: =SUM(G86:G157) -> 0 | H158: =SUM(H86:H157) -> 0 | I158: =SUM(I86:I157) -> 0 | J158: =SUM(J86:J157) -> 0 | K158: =SUM(K86:K157) -> 0 | L158: =SUM(L86:L157) -> 0 | ... AB158: =SUM(AB86:AB157) -> 0 | AC158: =SUM(AC86:AE157) -> 7585.7904
B161: ='Resumen-Mensual'!$G$26 -> 46084
B163: Central/Hora | E163: 1 | F163: 2 | G163: 3 | H163: 4 | I163: 5 | J163: 6 | K163: 7 | L163: 8 | M163: 9 | N163: 10 | O163: 11 | P163: 12 | Q163: 13 | R163: 14 | S163: 15 | T163: 16 | U163: 17 | V163: 18 | W163: 19 | X163: 20 | Y163: 21 | Z163: 22 | AA163: 23 | AB163: 24 | AC163: Total
B164: PFV-POZOALMONTE-2 | E164: 0 | F164: 0 | G164: 0 | H164: 0 | I164: 0 | J164: 0 | K164: 0 | L164: 0 | M164: 1.7666667 | N164: 0 | O164: 0 | P164: 0 | Q164: 0 | R164: 0 | S164: 0 | T164: 0 | U164: 0 | V164: 0 | W164: 0 | X164: 0.30666667 | Y164: 0 | Z164: 0 | AA164: 0 | AB164: 0 | AD164: =SUM(E164:AB164) -> 2.0733333
B165: PFV-POZOALMONTE-3 | E165: 0 | F165: 0 | G165: 0 | H165: 0 | I165: 0 | J165: 0 | K165: 0 | L165: 0 | M165: 5.1233333 | N165: 0.5 | O165: 0.9 | P165: 0.8 | Q165: 1 | R165: 1 | S165: 0.8 | T165: 0.5 | U165: 0.3 | V165: 0.6 | W165: 0 | X165: 0.38333333 | Y165: 0 | Z165: 0 | AA165: 0 | AB165: 0 | AD165: =SUM(E165:AB165) -> 11.906667
B166: PFV-LAHUAYCA-2 | E166: 0 | F166: 0 | G166: 0 | H166: 0 | I166: 0 | J166: 0 | K166: 0 | L166: 0 | M166: 1.7666667 | N166: 7.2568333 | O166: 7.0478333 | P166: 5.3415 | Q166: 6.4646667 | R166: 4.6426667 | S166: 3.6538333 | T166: 5.0686667 | U166: 6.705 | V166: 3.5311667 | W166: 0.8495 | X166: 0.086666667 | Y166: 0 | Z166: 0 | AA166: 0 | AB166: 0 | AD166: =SUM(E166:AB166) -> 52.415
B167: PFV-SANTAISABEL | E167: 0 | F167: 0 | G167: 0 | H167: 0 | I167: 0 | J167: 0 | K167: 0 | L167: 0 | M167: 33.243833 | N167: 87.960833 | O167: 87.539667 | P167: 64.338 | Q167: 48.9755 | R167: 43.156667 | S167: 29.138667 | T167: 39.115 | U167: 48.332667 | V167: 74.232 | W167: 32.628333 | X167: 0 | Y167: 0 | Z167: 0 | AA167: 0 | AB167: 0 | AD167: =SUM(E167:AB167) -> 588.66117
B168: PFV-HUATACONDO | E168: 0 | F168: 0 | G168: 0 | H168: 0 | I168: 0 | J168: 0 | K168: 0 | L168: 0 | M168: 0 | N168: 0 | O168: 0 | P168: 0 | Q168: 0 | R168: 0 | S168: 0 | T168: 0 | U168: 0 | V168: 0 | W168: 0 | X168: 0 | Y168: 0 | Z168: 0 | AA168: 0 | AB168: 0 | AD168: =SUM(E168:AB168) -> 0
B169: PFV-ATACAMASOLAR-2 | E169: 0 | F169: 0 | G169: 0 | H169: 0 | I169: 0 | J169: 0 | K169: 0 | L169: 0 | M169: 15.330667 | N169: 18.771167 | O169: 18.768833 | P169: 14.504167 | Q169: 10.491333 | R169: 9.8788333 | S169: 10.928 | T169: 12.771333 | U169: 14.317 | V169: 16.621667 | W169: 19.717167 | X169: 6.621 | Y169: 0 | Z169: 0 | AA169: 0 | AB169: 0 | AD169: =SUM(E169:AB169) -> 168.72117
B170: PFV-NUEVOQUILLAGUA | E170: 0 | F170: 0 | G170: 0 | H170: 0 | I170: 0 | J170: 0 | K170: 0 | L170: 0 | M170: 0 | N170: 0 | O170: 0 | P170: 0 | Q170: 0 | R170: 0 | S170: 0 | T170: 0 | U170: 0 | V170: 0 | W170: 0 | X170: 0 | Y170: 0 | Z170: 0 | AA170: 0 | AB170: 0 | AD170: =SUM(E170:AB170) -> 0
B171: PFV-GRANJA | E171: 0 | F171: 0 | G171: 0 | H171: 0 | I171: 0 | J171: 0 | K171: 0 | L171: 0 | M171: 0 | N171: 0 | O171: 0 | P171: 0 | Q171: 0 | R171: 0 | S171: 0 | T171: 0 | U171: 0 | V171: 0 | W171: 0 | X171: 0 | Y171: 0 | Z171: 0 | AA171: 0 | AB171: 0 | AD171: =SUM(E171:AB171) -> 0
B172: PFV-USYA | E172: 0 | F172: 0 | G172: 0 | H172: 0 | I172: 0 | J172: 0 | K172: 0 | L172: 0 | M172: 1.5455 | N172: 18.332333 | O172: 21.894 | P172: 32.846667 | Q172: 36.306 | R172: 46.339167 | S172: 45.803333 | T172: 46.844 | U172: 44.278833 | V172: 31.282167 | W172: 2.4065 | X172: 0.020666667 | Y172: 0 | Z172: 0 | AA172: 0 | AB172: 0 | AD172: =SUM(E172:AB172) -> 327.89917
B173: PFV-SANPEDRO-GPG | E173: 0 | F173: 0 | G173: 0 | H173: 0 | I173: 0 | J173: 0 | K173: 0 | L173: 0 | M173: 7.2696667 | N173: 24.401833 | O173: 21.4545 | P173: 20.765833 | Q173: 23.903667 | R173: 23.959167 | S173: 26.627333 | T173: 34.209833 | U173: 37.523167 | V173: 39.214167 | W173: 29.733667 | X173: 0 | Y173: 0 | Z173: 0 | AA173: 0 | AB173: 0 | AD173: =SUM(E173:AB173) -> 289.06283
B174: PFV-JAMA-1 | E174: 0 | F174: 0 | G174: 0 | H174: 0 | I174: 0 | J174: 0 | K174: 0 | L174: 0 | M174: 13.426667 | N174: 20.5 | O174: 26 | P174: 18.1 | Q174: 3.35 | R174: 0.52 | S174: 1.65 | T174: 3.96 | U174: 5.68 | V174: 3.93 | W174: 0 | X174: 0.57883333 | Y174: 0 | Z174: 0 | AA174: 0 | AB174: 0 | AD174: =SUM(E174:AB174) -> 97.6955
B175: PFV-JAMA-2 | E175: 0 | F175: 0 | G175: 0 | H175: 0 | I175: 0 | J175: 0 | K175: 0 | L175: 0 | M175: 9.7166667 | N175: 16.5 | O175: 18.2 | P175: 20.62 | Q175: 16.25 | R175: 14.28 | S175: 15.25 | T175: 17.14 | U175: 18.52 | V175: 16.97 | W175: 10.46 | X175: 0.41783333 | Y175: 0 | Z175: 0 | AA175: 0 | AB175: 0 | AD175: =SUM(E175:AB175) -> 174.3245
... B235: PFV-LEYDA | E235: 0 | F235: 0 | G235: 0 | H235: 0 | I235: 0 | J235: 0 | K235: 0 | L235: 0 | M235: 7.9745 | N235: 43.220667 | O235: 45.721333 | P235: 46.3015 | Q235: 27.3535 | R235: 10.9475 | S235: 6.5278333 | T235: 0 | U235: 15.796833 | V235: 28.470167 | W235: 30.146333 | X235: 0.437 | Y235: 0 | Z235: 0 | AA235: 0 | AB235: 0 | AD235: =SUM(E235:AB235) -> 262.89717
B236: Total | E236: =SUM(E164:E235) -> 0 | F236: =SUM(F164:F235) -> 0 | G236: =SUM(G164:G235) -> 0 | H236: =SUM(H164:H235) -> 0 | I236: =SUM(I164:I235) -> 0 | J236: =SUM(J164:J235) -> 0 | K236: =SUM(K164:K235) -> 0 | L236: =SUM(L164:L235) -> 0 | ... AB236: =SUM(AB164:AB235) -> 0 | AC236: =SUM(AC164:AE235) -> 9668.5249
B239: ='Resumen-Mensual'!$H$26 -> 46085
B241: Central/Hora | E241: 1 | F241: 2 | G241: 3 | H241: 4 | I241: 5 | J241: 6 | K241: 7 | L241: 8 | M241: 9 | N241: 10 | O241: 11 | P241: 12 | Q241: 13 | R241: 14 | S241: 15 | T241: 16 | U241: 17 | V241: 18 | W241: 19 | X241: 20 | Y241: 21 | Z241: 22 | AA241: 23 | AB241: 24 | AC241: Total
B242: PFV-POZOALMONTE-2 | E242: 0 | F242: 0 | G242: 0 | H242: 0 | I242: 0 | J242: 0 | K242: 0 | L242: 0 | M242: 1.41 | N242: 0 | O242: 0 | P242: 0 | Q242: 0 | R242: 0 | S242: 0 | T242: 0 | U242: 0 | V242: 0 | W242: 0 | X242: 0.081666667 | Y242: 0 | Z242: 0 | AA242: 0 | AB242: 0 | AD242: =SUM(E242:AB242) -> 1.4916667
B243: PFV-POZOALMONTE-3 | E243: 0 | F243: 0 | G243: 0 | H243: 0 | I243: 0 | J243: 0 | K243: 0 | L243: 0 | M243: 4.5433333 | N243: 0.5 | O243: 0.7 | P243: 0.6 | Q243: 0.5 | R243: 0.4 | S243: 0.5 | T243: 0.4 | U243: 0.3 | V243: 0.4 | W243: 0 | X243: 0.105 | Y243: 0 | Z243: 0 | AA243: 0 | AB243: 0 | AD243: =SUM(E243:AB243) -> 8.9483333
B244: PFV-LAHUAYCA-2 | E244: 0 | F244: 0 | G244: 0 | H244: 0 | I244: 0 | J244: 0 | K244: 0 | L244: 0 | M244: 1.254 | N244: 2.3133333 | O244: 2.9401667 | P244: 2.8276667 | Q244: 3.5256667 | R244: 5.9475 | S244: 3.9855 | T244: 4.3828333 | U244: 6.0933333 | V244: 3.128 | W244: 0.8875 | X244: 0 | Y244: 0 | Z244: 0 | AA244: 0 | AB244: 0 | AD244: =SUM(E244:AB244) -> 37.2855
B245: PFV-SANTAISABEL | E245: 0 | F245: 0 | G245: 0 | H245: 0 | I245: 0 | J245: 0 | K245: 0 | L245: 0 | M245: 36.483833 | N245: 102.5885 | O245: 100.6695 | P245: 85.2555 | Q245: 71.121 | R245: 59.545333 | S245: 63.772833 | T245: 75.622167 | U245: 65.5425 | V245: 65.368333 | W245: 27.768333 | X245: 0 | Y245: 0 | Z245: 0 | AA245: 0 | AB245: 0 | AD245: =SUM(E245:AB245) -> 753.73783
B246: PFV-HUATACONDO | E246: 0 | F246: 0 | G246: 0 | H246: 0 | I246: 0 | J246: 0 | K246: 0 | L246: 0 | M246: 0 | N246: 0 | O246: 0 | P246: 0 | Q246: 0 | R246: 0 | S246: 0 | T246: 0 | U246: 0 | V246: 0 | W246: 0 | X246: 0 | Y246: 0 | Z246: 0 | AA246: 0 | AB246: 0 | AD246: =SUM(E246:AB246) -> 0
B247: PFV-ATACAMASOLAR-2 | E247: 0 | F247: 0 | G247: 0 | H247: 0 | I247: 0 | J247: 0 | K247: 0 | L247: 0 | M247: 17.424333 | N247: 15.6665 | O247: 11.090833 | P247: 7.9518333 | Q247: 6.8858333 | R247: 11.226167 | S247: 11.089833 | T247: 12.256167 | U247: 14.098333 | V247: 15.756167 | W247: 17.526333 | X247: 1.4075 | Y247: 0 | Z247: 0 | AA247: 0 | AB247: 0 | AD247: =SUM(E247:AB247) -> 142.37983
B248: PFV-NUEVOQUILLAGUA | E248: 0 | F248: 0 | G248: 0 | H248: 0 | I248: 0 | J248: 0 | K248: 0 | L248: 0 | M248: 0 | N248: 0 | O248: 0 | P248: 0 | Q248: 0 | R248: 0 | S248: 0 | T248: 0 | U248: 0 | V248: 0 | W248: 0 | X248: 0 | Y248: 0 | Z248: 0 | AA248: 0 | AB248: 0 | AD248: =SUM(E248:AB248) -> 0
B249: PFV-GRANJA | E249: 0 | F249: 0 | G249: 0 | H249: 0 | I249: 0 | J249: 0 | K249: 0 | L249: 0 | M249: 7.0301667 | N249: 60.257667 | O249: 86.4 | P249: 86.3 | Q249: 83.3 | R249: 80.1 | S249: 78.7 | T249: 80.1 | U249: 83.3 | V249: 86.2 | W249: 74.4 | X249: 2.065 | Y249: 0 | Z249: 0 | AA249: 0 | AB249: 0 | AD249: =SUM(E249:AB249) -> 808.15283
B250: PFV-USYA | E250: 0 | F250: 0 | G250: 0 | H250: 0 | I250: 0 | J250: 0 | K250: 0 | L250: 0 | M250: 0.95516667 | N250: 9.794 | O250: 31.1595 | P250: 35.439833 | Q250: 38.382167 | R250: 37.345 | S250: 36.515167 | T250: 35.161 | U250: 30.365167 | V250: 22.944 | W250: 2.5056667 | X250: 0 | Y250: 0 | Z250: 0 | AA250: 0 | AB250: 0 | AD250: =SUM(E250:AB250) -> 280.56667
B251: PFV-SANPEDRO-GPG | E251: 0 | F251: 0 | G251: 0 | H251: 0 | I251: 0 | J251: 0 | K251: 0 | L251: 0 | M251: 12.316833 | N251: 31.597833 | O251: 27.008333 | P251: 20.742667 | Q251: 16.684667 | R251: 31.7165 | S251: 31.7465 | T251: 33.6765 | U251: 37.544333 | V251: 44.9825 | W251: 32.809 | X251: 0 | Y251: 0 | Z251: 0 | AA251: 0 | AB251: 0 | AD251: =SUM(E251:AB251) -> 320.82567
B252: PFV-JAMA-1 | E252: 0 | F252: 0 | G252: 0 | H252: 0 | I252: 0 | J252: 0 | K252: 0 | L252: 0 | M252: 11.718667 | N252: 13.5 | O252: 10.6 | P252: 7.7 | Q252: 7.9 | R252: 7.5 | S252: 8.4 | T252: 19.3 | U252: 20.5 | V252: 20.12 | W252: 14.85 | X252: 0.196 | Y252: 0 | Z252: 0 | AA252: 0 | AB252: 0 | AD252: =SUM(E252:AB252) -> 142.28467
B253: PFV-JAMA-2 | E253: 0 | F253: 0 | G253: 0 | H253: 0 | I253: 0 | J253: 0 | K253: 0 | L253: 0 | M253: 0 | N253: 0 | O253: 0 | P253: 0 | Q253: 0 | R253: 0 | S253: 0 | T253: 0 | U253: 0 | V253: 0 | W253: 0 | X253: 0 | Y253: 0 | Z253: 0 | AA253: 0 | AB253: 0 | AD253: =SUM(E253:AB253) -> 0
... B313: PFV-LEYDA | E313: 0 | F313: 0 | G313: 0 | H313: 0 | I313: 0 | J313: 0 | K313: 0 | L313: 0 | M313: 5.3463333 | N313: 24.222667 | O313: 13.1925 | P313: 4.2291667 | Q313: 1.476 | R313: 14.0755 | S313: 16.250833 | T313: 20.492167 | U313: 23.069833 | V313: 7.7833333 | W313: 24.096667 | X313: 0 | Y313: 0 | Z313: 0 | AA313: 0 | AB313: 0 | AD313: =SUM(E313:AB313) -> 154.235
B314: Total | E314: =SUM(E242:E313) -> 0 | F314: =SUM(F242:F313) -> 0 | G314: =SUM(G242:G313) -> 0 | H314: =SUM(H242:H313) -> 0 | I314: =SUM(I242:I313) -> 0 | J314: =SUM(J242:J313) -> 0 | K314: =SUM(K242:K313) -> 0 | L314: =SUM(L242:L313) -> 0 | ... AB314: =SUM(AB242:AB313) -> 0 | AC314: =SUM(AC242:AE313) -> 13075.16
B317: ='Resumen-Mensual'!$I$26 -> 46086
B319: Central/Hora | E319: 1 | F319: 2 | G319: 3 | H319: 4 | I319: 5 | J319: 6 | K319: 7 | L319: 8 | M319: 9 | N319: 10 | O319: 11 | P319: 12 | Q319: 13 | R319: 14 | S319: 15 | T319: 16 | U319: 17 | V319: 18 | W319: 19 | X319: 20 | Y319: 21 | Z319: 22 | AA319: 23 | AB319: 24 | AC319: Total
B320: PFV-POZOALMONTE-2 | E320: 0 | F320: 0 | G320: 0 | H320: 0 | I320: 0 | J320: 0 | K320: 0 | L320: 0 | M320: 1.7733333 | N320: 0 | O320: 0 | P320: 0 | Q320: 0 | R320: 0 | S320: 0 | T320: 0 | U320: 0 | V320: 0 | W320: 0 | X320: 0.105 | Y320: 0 | Z320: 0 | AA320: 0 | AB320: 0 | AD320: =SUM(E320:AB320) -> 1.8783333
B321: PFV-POZOALMONTE-3 | E321: 0 | F321: 0 | G321: 0 | H321: 0 | I321: 0 | J321: 0 | K321: 0 | L321: 0 | M321: 5.32 | N321: 0.6 | O321: 1 | P321: 1 | Q321: 0.8 | R321: 0.6 | S321: 0.7 | T321: 0.7 | U321: 0.5 | V321: 0.3 | W321: 0 | X321: 0.135 | Y321: 0 | Z321: 0 | AA321: 0 | AB321: 0 | AD321: =SUM(E321:AB321) -> 11.655
B322: PFV-LAHUAYCA-2 | E322: 0 | F322: 0 | G322: 0 | H322: 0 | I322: 0 | J322: 0 | K322: 0 | L322: 0 | M322: 0.60066667 | N322: 0.58583333 | O322: 0.30366667 | P322: 0.23683333 | Q322: 1.367 | R322: 2.0025 | S322: 0.432 | T322: 0.729 | U322: 1.7546667 | V322: 0.94583333 | W322: 0.9025 | X322: 0 | Y322: 0 | Z322: 0 | AA322: 0 | AB322: 0 | AD322: =SUM(E322:AB322) -> 9.8605
B323: PFV-SANTAISABEL | E323: 0 | F323: 0 | G323: 0 | H323: 0 | I323: 0 | J323: 0 | K323: 0 | L323: 0 | M323: 44.118667 | N323: 97.286833 | O323: 85.038333 | P323: 70.255833 | Q323: 63.532167 | R323: 62.057667 | S323: 61.335667 | T323: 60.330333 | U323: 59.269333 | V323: 54.789833 | W323: 27.724667 | X323: 0 | Y323: 0 | Z323: 0 | AA323: 0 | AB323: 0 | AD323: =SUM(E323:AB323) -> 685.73933
B324: PFV-HUATACONDO | E324: 0 | F324: 0 | G324: 0 | H324: 0 | I324: 0 | J324: 0 | K324: 0 | L324: 0 | M324: 0 | N324: 0 | O324: 0 | P324: 0 | Q324: 0 | R324: 0 | S324: 0 | T324: 0 | U324: 0 | V324: 0 | W324: 0 | X324: 0 | Y324: 0 | Z324: 0 | AA324: 0 | AB324: 0 | AD324: =SUM(E324:AB324) -> 0
B325: PFV-ATACAMASOLAR-2 | E325: 0 | F325: 0 | G325: 0 | H325: 0 | I325: 0 | J325: 0 | K325: 0 | L325: 0 | M325: 21.477833 | N325: 14.278 | O325: 11.458 | P325: 7.6783333 | Q325: 6.075 | R325: 4.6015 | S325: 4.8715 | T325: 9.4838333 | U325: 12.100833 | V325: 13.915667 | W325: 16.209 | X325: 2.2625 | Y325: 0 | Z325: 0 | AA325: 0 | AB325: 0 | AD325: =SUM(E325:AB325) -> 124.412
B326: PFV-NUEVOQUILLAGUA | E326: 0 | F326: 0 | G326: 0 | H326: 0 | I326: 0 | J326: 0 | K326: 0 | L326: 0 | M326: 0 | N326: 0 | O326: 0 | P326: 0 | Q326: 0 | R326: 0 | S326: 0 | T326: 0 | U326: 0 | V326: 0 | W326: 0 | X326: 0 | Y326: 0 | Z326: 0 | AA326: 0 | AB326: 0 | AD326: =SUM(E326:AB326) -> 0
B327: PFV-GRANJA | E327: 0 | F327: 0 | G327: 0 | H327: 0 | I327: 0 | J327: 0 | K327: 0 | L327: 0 | M327: 0 | N327: 0 | O327: 0 | P327: 0 | Q327: 0 | R327: 0 | S327: 0 | T327: 0 | U327: 0 | V327: 0 | W327: 0 | X327: 0 | Y327: 0 | Z327: 0 | AA327: 0 | AB327: 0 | AD327: =SUM(E327:AB327) -> 0
B328: PFV-USYA | E328: 0 | F328: 0 | G328: 0 | H328: 0 | I328: 0 | J328: 0 | K328: 0 | L328: 0 | M328: 2.2543333 | N328: 14.851667 | O328: 20.6485 | P328: 34.864333 | Q328: 22.093167 | R328: 44.002667 | S328: 48.936833 | T328: 48.6155 | U328: 39.389667 | V328: 32.754 | W328: 2.8791667 | X328: 0 | Y328: 0 | Z328: 0 | AA328: 0 | AB328: 0 | AD328: =SUM(E328:AB328) -> 311.28983
B329: PFV-SANPEDRO-GPG | E329: 0 | F329: 0 | G329: 0 | H329: 0 | I329: 0 | J329: 0 | K329: 0 | L329: 0 | M329: 8.2445 | N329: 32.865667 | O329: 39.081167 | P329: 42.508 | Q329: 44.111667 | R329: 44.594 | S329: 45.080667 | T329: 33.723667 | U329: 29.486667 | V329: 27.095333 | W329: 23.568167 | X329: 0 | Y329: 0 | Z329: 0 | AA329: 0 | AB329: 0 | AD329: =SUM(E329:AB329) -> 370.3595
B330: PFV-JAMA-1 | E330: 0 | F330: 0 | G330: 0 | H330: 0 | I330: 0 | J330: 0 | K330: 0 | L330: 0 | M330: 13.916 | N330: 9.6 | O330: 7.8 | P330: 7.3 | Q330: 6.9 | R330: 6.6 | S330: 6.6 | T330: 6.4 | U330: 6.3 | V330: 6.6 | W330: 0 | X330: 0.252 | Y330: 0 | Z330: 0 | AA330: 0 | AB330: 0 | AD330: =SUM(E330:AB330) -> 78.268
B331: PFV-JAMA-2 | E331: 0 | F331: 0 | G331: 0 | H331: 0 | I331: 0 | J331: 0 | K331: 0 | L331: 0 | M331: 10.070667 | N331: 20.16 | O331: 21.55 | P331: 21.63 | Q331: 21.67 | R331: 21.67 | S331: 21.63 | T331: 21.67 | U331: 21.59 | V331: 20.41 | W331: 11.68 | X331: 0.183 | Y331: 0 | Z331: 0 | AA331: 0 | AB331: 0 | AD331: =SUM(E331:AB331) -> 213.91367
... B391: PFV-LEYDA | E391: 0 | F391: 0 | G391: 0 | H391: 0 | I391: 0 | J391: 0 | K391: 0 | L391: 0 | M391: 7.2611667 | N391: 23.083667 | O391: 15.417167 | P391: 2.7765 | Q391: 1.2425 | R391: 2.3255 | S391: 3.572 | T391: 12.327 | U391: 18.6315 | V391: 17.402833 | W391: 28.504667 | X391: 0.028166667 | Y391: 0 | Z391: 0 | AA391: 0 | AB391: 0 | AD391: =SUM(E391:AB391) -> 132.57267
B392: Total | E392: =SUM(E320:E391) -> 0 | F392: =SUM(F320:F391) -> 0 | G392: =SUM(G320:G391) -> 0 | H392: =SUM(H320:H391) -> 0 | I392: =SUM(I320:I391) -> 0 | J392: =SUM(J320:J391) -> 0 | K392: =SUM(K320:K391) -> 0 | L392: =SUM(L320:L391) -> 0 | ... AB392: =SUM(AB320:AB391) -> 0 | AC392: =SUM(AC320:AE391) -> 11137.534
B395: ='Resumen-Mensual'!$J$26 -> 46087
B397: Central/Hora | E397: 1 | F397: 2 | G397: 3 | H397: 4 | I397: 5 | J397: 6 | K397: 7 | L397: 8 | M397: 9 | N397: 10 | O397: 11 | P397: 12 | Q397: 13 | R397: 14 | S397: 15 | T397: 16 | U397: 17 | V397: 18 | W397: 19 | X397: 20 | Y397: 21 | Z397: 22 | AA397: 23 | AB397: 24 | AC397: Total
