Workbook

Sheet Resumen-Mensual
B2: RESUMEN DE CURTAILMENTS ACUMULADO DE CENTRALES EÓLICAS, SOLARES HIDRÁULICAS DE PASADA, EMBALSES Y SERIES HÍDRICAS AÑO 2026
C4: Resumen Anual / Mensual (GWh)
C6: Acumulado 2026
B7: Eólica | C7: =SUM(C14,F14,I14,L14,O14,R14,U14,X14,AA14,AD14,AG14,AJ14) -> 195.22041 | E7: =IF($C$11=0,"-",+C7/$C$11) -> 0.24841999
B8: Solar | C8: =SUM(C15,F15,I15,L15,O15,R15,U15,X15,AA15,AD15,AG15,AJ15) -> 581.15774 | E8: =IF($C$11=0,"-",+C8/$C$11) -> 0.73952923 | Y8: =+AJ87/1000-X15 -> 581.15774
B9: Hidro Pasada | C9: =SUM(C16,F16,I16,L16,O16,R16,U16,X16,AA16,AD16,AG16,AJ16) -> 9.3467424 | E9: =IF($C$11=0,"-",+C9/$C$11) -> 0.011893826
B10: Hidro Embalse | C10: =SUM(C17,F17,I17,L17,O17,R17,U17,X17,AA17,AD17,AG17,AJ17) -> 0.12334647 | E10: =IF($C$11=0,"-",+C10/$C$11) -> 0.00015695966
B11: Total | C11: =SUM(C7:C10) -> 785.84824 | E11: =SUM(E7:E10) -> 1
C13: 46023 | F13: 46054 | I13: 46082 | L13: 46113 | O13: 46143 | R13: 46174 | U13: 46204 | X13: 46235 | AA13: 46266 | AD13: 46296 | AG13: 46327 | AJ13: 46357
B14: Eólica | C14: ='Acumulado-Anual-Eólico'!AJ10/1000 -> 195.22041 | E14: =IF($C$18=0,"-",+C14/$C$18) -> 0.24841999 | H14: =IF($F$18=0,"-",+F14/$F$18) -> - | K14: =IF($I$18=0,"-",+I14/$I$18) -> - | N14: =IF($L$18=0,"-",+L14/$L$18) -> - | Q14: =IF($O$18=0,"-",+O14/$O$18) -> - | T14: =IF($R$18=0,"-",+R14/$R$18) -> - | W14: =IF($U$18=0,"-",+U14/$U$18) -> - | Z14: =IF($X$18=0,"-",+X14/$X$18) -> - | AC14: =IF($AA$18=0,"-",+AA14/$AA$18) -> - | AF14: =IF($AD$18=0,"-",+AD14/$AD$18) -> - | AI14: =IF($AG$18=0,"-",+AG14/$AG$18) -> - | AL14: =IF($AJ$18=0,"-",+AJ14/$AJ$18) -> -
B15: Solar | C15: ='Acumulado-Anual-Solar'!AJ10/1000 -> 581.15774 | E15: =IF($C$18=0,"-",+C15/$C$18) -> 0.73952923 | H15: =IF($F$18=0,"-",+F15/$F$18) -> - | K15: =IF($I$18=0,"-",+I15/$I$18) -> - | N15: =IF($L$18=0,"-",+L15/$L$18) -> - | Q15: =IF($O$18=0,"-",+O15/$O$18) -> - | T15: =IF($R$18=0,"-",+R15/$R$18) -> - | W15: =IF($U$18=0,"-",+U15/$U$18) -> - | Z15: =IF($X$18=0,"-",+X15/$X$18) -> - | AC15: =IF($AA$18=0,"-",+AA15/$AA$18) -> - | AF15: =IF($AD$18=0,"-",+AD15/$AD$18) -> - | AI15: =IF($AG$18=0,"-",+AG15/$AG$18) -> - | AL15: =IF($AJ$18=0,"-",+AJ15/$AJ$18) -> -
B16: Hidro Pasada | C16: =+'Acumulado-Anual-HP'!AJ11/1000 -> 9.3467424 | E16: =IF($C$18=0,"-",+C16/$C$18) -> 0.011893826 | H16: =IF($F$18=0,"-",+F16/$F$18) -> - | K16: =IF($I$18=0,"-",+I16/$I$18) -> - | N16: =IF($L$18=0,"-",+L16/$L$18) -> - | Q16: =IF($O$18=0,"-",+O16/$O$18) -> - | T16: =IF($R$18=0,"-",+R16/$R$18) -> - | W16: =IF($U$18=0,"-",+U16/$U$18) -> - | Z16: =IF($X$18=0,"-",+X16/$X$18) -> - | AC16: =IF($AA$18=0,"-",+AA16/$AA$18) -> - | AF16: =IF($AD$18=0,"-",+AD16/$AD$18) -> - | AI16: =IF($AG$18=0,"-",+AG16/$AG$18) -> - | AL16: =IF($AJ$18=0,"-",+AJ16/$AJ$18) -> -
B17: Hidro Embalse | C17: ='Acumulado-Anual-HE'!AJ10/1000 -> 0.12334647 | E17: =IF($C$18=0,"-",+C17/$C$18) -> 0.00015695966 | H17: =IF($F$18=0,"-",+F17/$F$18) -> - | K17: =IF($I$18=0,"-",+I17/$I$18) -> - | N17: =IF($L$18=0,"-",+L17/$L$18) -> - | Q17: =IF($O$18=0,"-",+O17/$O$18) -> - | T17: =IF($R$18=0,"-",+R17/$R$18) -> - | W17: =IF($U$18=0,"-",+U17/$U$18) -> - | Z17: =IF($X$18=0,"-",+X17/$X$18) -> - | AC17: =IF($AA$18=0,"-",+AA17/$AA$18) -> - | AF17: =IF($AD$18=0,"-",+AD17/$AD$18) -> - | AI17: =IF($AG$18=0,"-",+AG17/$AG$18) -> - | AL17: =IF($AJ$18=0,"-",+AJ17/$AJ$18) -> -
B18: Total | C18: =SUM(C14:D17) -> 785.84824 | E18: =SUM(E14:E17) -> 1 | F18: =SUM(F14:G17) -> 0 | H18: =SUM(H14:H17) -> 0 | I18: =SUM(I14:I17) -> 0 | K18: =SUM(K14:K17) -> 0 | L18: =SUM(L14:L17) -> 0 | N18: =SUM(N14:N17) -> 0 | O18: =SUM(O14:O17) -> 0 | Q18: =SUM(Q14:Q17) -> 0 | R18: =SUM(R14:R17) -> 0 | T18: =SUM(T14:T17) -> 0 | U18: =SUM(U14:U17) -> 0 | W18: =SUM(W14:W17) -> 0 | X18: =SUM(X14:X17) -> 0 | Z18: =SUM(Z14:Z17) -> 0 | AA18: =SUM(AA14:AA17) -> 0 | AC18: =SUM(AC14:AC17) -> 0 | AD18: =SUM(AD14:AD17) -> 0 | AF18: =SUM(AF14:AF17) -> 0 | AG18: =SUM(AG14:AG17) -> 0 | AI18: =SUM(AI14:AI17) -> 0 | AJ18: =SUM(AJ14:AJ17) -> 0 | AL18: =SUM(AL14:AL17) -> 0
B21: RESUMEN DE CURTAILMENTS CENTRALES EÓLICAS, SOLARES, HIDRÁULICAS DE PASADA, EMBALSES Y SERIES HÍDRICAS CORRESPONDIENTE A ENERO 2026 (MWh)
B24: DESGLOSE DIARIO DE CURTAILMENTS DE ENERGÍA EÓLICA
B26: Central / Día | E26: 46023 | F26: =+E26+1 -> 46024 | G26: =+F26+1 -> 46025 | H26: =+G26+1 -> 46026 | I26: =+H26+1 -> 46027 | J26: =+I26+1 -> 46028 | K26: =+J26+1 -> 46029 | L26: =+K26+1 -> 46030 | M26: =+L26+1 -> 46031 | ... AI26: =+AH26+1 -> 46053 | AJ26: Total
B27: Total | E27: =SUM(E28:E81) -> 10434.53 | F27: =SUM(F28:F81) -> 8132.6799 | G27: =SUM(G28:G81) -> 5725.9369 | H27: =SUM(H28:H81) -> 5484.4431 | I27: =SUM(I28:I81) -> 3500.2168 | J27: =SUM(J28:J81) -> 7255.3886 | K27: =SUM(K28:K81) -> 6206.4915 | L27: =SUM(L28:L81) -> 4814.2498 | ... AI27: =SUM(AI28:AI81) -> 5670.5899 | AK27: =SUM(AK28:AK81) -> 195220.41
B28: PE-TCHAMMA | E28: ='Resumen-DiarioHorario-Eólico'!AD8 -> 385.72833 | F28: ='Resumen-DiarioHorario-Eólico'!AD68 -> 223.06567 | G28: ='Resumen-DiarioHorario-Eólico'!AD128 -> 217.9165 | H28: ='Resumen-DiarioHorario-Eólico'!AD188 -> 245.51033 | I28: ='Resumen-DiarioHorario-Eólico'!AD248 -> 246.02733 | J28: ='Resumen-DiarioHorario-Eólico'!AD308 -> 377.66217 | K28: ='Resumen-DiarioHorario-Eólico'!AD368 -> 321.92283 | L28: ='Resumen-DiarioHorario-Eólico'!AD428 -> 310.352 | M28: ='Resumen-DiarioHorario-Eólico'!AD488 -> 382.39967 | N28: ='Resumen-DiarioHorario-Eólico'!AD548 -> 390.10383 | O28: ='Resumen-DiarioHorario-Eólico'!AD608 -> 340.7805 | P28: ='Resumen-DiarioHorario-Eólico'!AD668 -> 332.28217 | Q28: ='Resumen-DiarioHorario-Eólico'!AD728 -> 260.031 | R28: ='Resumen-DiarioHorario-Eólico'!AD788 -> 318.8325 | S28: ='Resumen-DiarioHorario-Eólico'!AD848 -> 284.256 | T28: ='Resumen-DiarioHorario-Eólico'!AD908 -> 201.35433 | U28: ='Resumen-DiarioHorario-Eólico'!AD968 -> 324.19017 | V28: ='Resumen-DiarioHorario-Eólico'!AD1028 -> 241.36683 | W28: ='Resumen-DiarioHorario-Eólico'!AD1088 -> 127.01783 | X28: ='Resumen-DiarioHorario-Eólico'!AD1148 -> 335.20133 | Y28: ='Resumen-DiarioHorario-Eólico'!AD1208 -> 423.019 | Z28: ='Resumen-DiarioHorario-Eólico'!AD1268 -> 371.966 | AA28: ='Resumen-DiarioHorario-Eólico'!AD1328 -> 347.32667 | AB28: ='Resumen-DiarioHorario-Eólico'!AD1388 -> 356.29483 | AC28: ='Resumen-DiarioHorario-Eólico'!AD1448 -> 405.1165 | AD28: ='Resumen-DiarioHorario-Eólico'!AD1508 -> 277.713 | AE28: ='Resumen-DiarioHorario-Eólico'!AD1568 -> 367.21917 | AF28: ='Resumen-DiarioHorario-Eólico'!AD1627 -> 114.162 | AG28: ='Resumen-DiarioHorario-Eólico'!AD1686 -> 87.5335 | AH28: =+'Resumen-DiarioHorario-Eólico'!AD1745 -> 291.2815 | AI28: =+'Resumen-DiarioHorario-Eólico'!AD1804 -> 228.60133 | AK28: =SUM(E28:AI28) -> 9136.2348
B29: PE-SIERRAGORDA | E29: ='Resumen-DiarioHorario-Eólico'!AD9 -> 312.77983 | F29: ='Resumen-DiarioHorario-Eólico'!AD69 -> 168.153 | G29: ='Resumen-DiarioHorario-Eólico'!AD129 -> 230.18117 | H29: ='Resumen-DiarioHorario-Eólico'!AD189 -> 299.283 | I29: ='Resumen-DiarioHorario-Eólico'!AD249 -> 150.13183 | J29: ='Resumen-DiarioHorario-Eólico'!AD309 -> 161.56 | K29: ='Resumen-DiarioHorario-Eólico'!AD369 -> 151.93833 | L29: ='Resumen-DiarioHorario-Eólico'!AD429 -> 114.37833 | M29: ='Resumen-DiarioHorario-Eólico'!AD489 -> 171.6095 | N29: ='Resumen-DiarioHorario-Eólico'!AD549 -> 169.12067 | O29: ='Resumen-DiarioHorario-Eólico'!AD609 -> 236.05783 | P29: ='Resumen-DiarioHorario-Eólico'!AD669 -> 241.68267 | Q29: ='Resumen-DiarioHorario-Eólico'!AD729 -> 136.44483 | R29: ='Resumen-DiarioHorario-Eólico'!AD789 -> 155.11417 | S29: ='Resumen-DiarioHorario-Eólico'!AD849 -> 285.17667 | T29: ='Resumen-DiarioHorario-Eólico'!AD909 -> 253.8535 | U29: ='Resumen-DiarioHorario-Eólico'!AD969 -> 298.26267 | V29: ='Resumen-DiarioHorario-Eólico'!AD1029 -> 256.5015 | W29: ='Resumen-DiarioHorario-Eólico'!AD1089 -> 188.76583 | X29: ='Resumen-DiarioHorario-Eólico'!AD1149 -> 207.17817 | Y29: ='Resumen-DiarioHorario-Eólico'!AD1209 -> 221.253 | Z29: ='Resumen-DiarioHorario-Eólico'!AD1269 -> 89.665 | AA29: ='Resumen-DiarioHorario-Eólico'!AD1329 -> 113.8555 | AB29: ='Resumen-DiarioHorario-Eólico'!AD1389 -> 199.5635 | AC29: ='Resumen-DiarioHorario-Eólico'!AD1449 -> 145.73483 | AD29: ='Resumen-DiarioHorario-Eólico'!AD1509 -> 114.843 | AE29: ='Resumen-DiarioHorario-Eólico'!AD1569 -> 156.026 | AF29: ='Resumen-DiarioHorario-Eólico'!AD1628 -> 239.00217 | AG29: ='Resumen-DiarioHorario-Eólico'!AD1687 -> 149.94633 | AH29: =+'Resumen-DiarioHorario-Eólico'!AD1746 -> 273.8255 | AI29: =+'Resumen-DiarioHorario-Eólico'!AD1805 -> 217.93933 | AK29: =SUM(E29:AI29) -> 6109.8277
B30: PE-VALLEDELOSVIENTOS | E30: ='Resumen-DiarioHorario-Eólico'!AD10 -> 301.2645 | F30: ='Resumen-DiarioHorario-Eólico'!AD70 -> 274.9635 | G30: ='Resumen-DiarioHorario-Eólico'!AD130 -> 447.19917 | H30: ='Resumen-DiarioHorario-Eólico'!AD190 -> 268.38667 | I30: ='Resumen-DiarioHorario-Eólico'!AD250 -> 277.57767 | J30: ='Resumen-DiarioHorario-Eólico'!AD310 -> 333.91283 | K30: ='Resumen-DiarioHorario-Eólico'!AD370 -> 226.34917 | L30: ='Resumen-DiarioHorario-Eólico'!AD430 -> 378.36667 | M30: ='Resumen-DiarioHorario-Eólico'!AD490 -> 292.4805 | N30: ='Resumen-DiarioHorario-Eólico'!AD550 -> 365.89433 | O30: ='Resumen-DiarioHorario-Eólico'!AD610 -> 299.75333 | P30: ='Resumen-DiarioHorario-Eólico'!AD670 -> 344.431 | Q30: ='Resumen-DiarioHorario-Eólico'!AD730 -> 405.73367 | R30: ='Resumen-DiarioHorario-Eólico'!AD790 -> 420.1335 | S30: ='Resumen-DiarioHorario-Eólico'!AD850 -> 441.09433 | T30: ='Resumen-DiarioHorario-Eólico'!AD910 -> 512.45467 | U30: ='Resumen-DiarioHorario-Eólico'!AD970 -> 472.797 | V30: ='Resumen-DiarioHorario-Eólico'!AD1030 -> 475.62083 | W30: ='Resumen-DiarioHorario-Eólico'!AD1090 -> 221.6385 | X30: ='Resumen-DiarioHorario-Eólico'!AD1150 -> 314.8525 | Y30: ='Resumen-DiarioHorario-Eólico'!AD1210 -> 260.79 | Z30: ='Resumen-DiarioHorario-Eólico'!AD1270 -> 148.784 | AA30: ='Resumen-DiarioHorario-Eólico'!AD1330 -> 229.3525 | AB30: ='Resumen-DiarioHorario-Eólico'!AD1390 -> 278.25383 | AC30: ='Resumen-DiarioHorario-Eólico'!AD1450 -> 241.03567 | AD30: ='Resumen-DiarioHorario-Eólico'!AD1510 -> 184.59217 | AE30: ='Resumen-DiarioHorario-Eólico'!AD1570 -> 190.696 | AF30: ='Resumen-DiarioHorario-Eólico'!AD1629 -> 298.95917 | AG30: ='Resumen-DiarioHorario-Eólico'!AD1688 -> 221.06017 | AH30: =+'Resumen-DiarioHorario-Eólico'!AD1747 -> 388.58083 | AI30: =+'Resumen-DiarioHorario-Eólico'!AD1806 -> 326.85417 | AK30: =SUM(E30:AI30) -> 9843.8628
B31: PE-CERROTIGRE | E31: ='Resumen-DiarioHorario-Eólico'!AD11 -> 670.11183 | F31: ='Resumen-DiarioHorario-Eólico'!AD71 -> 304.8725 | G31: ='Resumen-DiarioHorario-Eólico'!AD131 -> 504.32483 | H31: ='Resumen-DiarioHorario-Eólico'!AD191 -> 461.31817 | I31: ='Resumen-DiarioHorario-Eólico'!AD251 -> 201.71483 | J31: ='Resumen-DiarioHorario-Eólico'!AD311 -> 435.41367 | K31: ='Resumen-DiarioHorario-Eólico'!AD371 -> 308.612 | L31: ='Resumen-DiarioHorario-Eólico'!AD431 -> 366.0765 | M31: ='Resumen-DiarioHorario-Eólico'!AD491 -> 346.43717 | N31: ='Resumen-DiarioHorario-Eólico'!AD551 -> 409.35483 | O31: ='Resumen-DiarioHorario-Eólico'!AD611 -> 490.93567 | P31: ='Resumen-DiarioHorario-Eólico'!AD671 -> 476.97283 | Q31: ='Resumen-DiarioHorario-Eólico'!AD731 -> 118.4075 | R31: ='Resumen-DiarioHorario-Eólico'!AD791 -> 380.48467 | S31: ='Resumen-DiarioHorario-Eólico'!AD851 -> 400.63183 | T31: ='Resumen-DiarioHorario-Eólico'!AD911 -> 446.21917 | U31: ='Resumen-DiarioHorario-Eólico'!AD971 -> 543.29983 | V31: ='Resumen-DiarioHorario-Eólico'!AD1031 -> 577.16017 | W31: ='Resumen-DiarioHorario-Eólico'!AD1091 -> 275.58367 | X31: ='Resumen-DiarioHorario-Eólico'!AD1151 -> 361.03483 | Y31: ='Resumen-DiarioHorario-Eólico'!AD1211 -> 313.44567 | Z31: ='Resumen-DiarioHorario-Eólico'!AD1271 -> 193.8215 | AA31: ='Resumen-DiarioHorario-Eólico'!AD1331 -> 282.576 | AB31: ='Resumen-DiarioHorario-Eólico'!AD1391 -> 515.80333 | AC31: ='Resumen-DiarioHorario-Eólico'!AD1451 -> 251.09533 | AD31: ='Resumen-DiarioHorario-Eólico'!AD1511 -> 437.889 | AE31: ='Resumen-DiarioHorario-Eólico'!AD1571 -> 417.97983 | AF31: ='Resumen-DiarioHorario-Eólico'!AD1630 -> 397.99967 | AG31: ='Resumen-DiarioHorario-Eólico'!AD1689 -> 219.08817 | AH31: =+'Resumen-DiarioHorario-Eólico'!AD1748 -> 559.8475 | AI31: =+'Resumen-DiarioHorario-Eólico'!AD1807 -> 357.83133 | AK31: =SUM(E31:AI31) -> 12026.344
B32: PE-CALAMA | E32: ='Resumen-DiarioHorario-Eólico'!AD12 -> 413.7015 | F32: ='Resumen-DiarioHorario-Eólico'!AD72 -> 272.35367 | G32: ='Resumen-DiarioHorario-Eólico'!AD132 -> 432.70583 | H32: ='Resumen-DiarioHorario-Eólico'!AD192 -> 434.44383 | I32: ='Resumen-DiarioHorario-Eólico'!AD252 -> 287.12283 | J32: ='Resumen-DiarioHorario-Eólico'!AD312 -> 335.54033 | K32: ='Resumen-DiarioHorario-Eólico'!AD372 -> 254.113 | L32: ='Resumen-DiarioHorario-Eólico'!AD432 -> 302.11783 | M32: ='Resumen-DiarioHorario-Eólico'!AD492 -> 303.66367 | N32: ='Resumen-DiarioHorario-Eólico'!AD552 -> 297.2525 | O32: ='Resumen-DiarioHorario-Eólico'!AD612 -> 430.451 | P32: ='Resumen-DiarioHorario-Eólico'!AD672 -> 397.65283 | Q32: ='Resumen-DiarioHorario-Eólico'!AD732 -> 416.925 | R32: ='Resumen-DiarioHorario-Eólico'!AD792 -> 341.02533 | S32: ='Resumen-DiarioHorario-Eólico'!AD852 -> 298.678 | T32: ='Resumen-DiarioHorario-Eólico'!AD912 -> 389.3305 | U32: ='Resumen-DiarioHorario-Eólico'!AD972 -> 490.597 | V32: ='Resumen-DiarioHorario-Eólico'!AD1032 -> 475.91733 | W32: ='Resumen-DiarioHorario-Eólico'!AD1092 -> 319.27117 | X32: ='Resumen-DiarioHorario-Eólico'!AD1152 -> 441.37417 | Y32: ='Resumen-DiarioHorario-Eólico'!AD1212 -> 393.20467 | Z32: ='Resumen-DiarioHorario-Eólico'!AD1272 -> 141.66217 | AA32: ='Resumen-DiarioHorario-Eólico'!AD1332 -> 362.30767 | AB32: ='Resumen-DiarioHorario-Eólico'!AD1392 -> 315.84567 | AC32: ='Resumen-DiarioHorario-Eólico'!AD1452 -> 531.08433 | AD32: ='Resumen-DiarioHorario-Eólico'!AD1512 -> 820.53 | AE32: ='Resumen-DiarioHorario-Eólico'!AD1572 -> 0 | AF32: ='Resumen-DiarioHorario-Eólico'!AD1631 -> 0 | AG32: ='Resumen-DiarioHorario-Eólico'!AD1690 -> 189.15317 | AH32: =+'Resumen-DiarioHorario-Eólico'!AD1749 -> 411.08917 | AI32: =+'Resumen-DiarioHorario-Eólico'!AD1808 -> 327.8105 | AK32: =SUM(E32:AI32) -> 10826.925
B33: PE-TALTAL | E33: ='Resumen-DiarioHorario-Eólico'!AD13 -> 0 | F33: ='Resumen-DiarioHorario-Eólico'!AD73 -> 0 | G33: ='Resumen-DiarioHorario-Eólico'!AD133 -> 0 | H33: ='Resumen-DiarioHorario-Eólico'!AD193 -> 0 | I33: ='Resumen-DiarioHorario-Eólico'!AD253 -> 0 | J33: ='Resumen-DiarioHorario-Eólico'!AD313 -> 0 | K33: ='Resumen-DiarioHorario-Eólico'!AD373 -> 0 | L33: ='Resumen-DiarioHorario-Eólico'!AD433 -> 0 | M33: ='Resumen-DiarioHorario-Eólico'!AD493 -> 0 | N33: ='Resumen-DiarioHorario-Eólico'!AD553 -> 0 | O33: ='Resumen-DiarioHorario-Eólico'!AD613 -> 0 | P33: ='Resumen-DiarioHorario-Eólico'!AD673 -> 0 | Q33: ='Resumen-DiarioHorario-Eólico'!AD733 -> 0 | R33: ='Resumen-DiarioHorario-Eólico'!AD793 -> 0 | S33: ='Resumen-DiarioHorario-Eólico'!AD853 -> 0 | T33: ='Resumen-DiarioHorario-Eólico'!AD913 -> 0 | U33: ='Resumen-DiarioHorario-Eólico'!AD973 -> 0 | V33: ='Resumen-DiarioHorario-Eólico'!AD1033 -> 0 | W33: ='Resumen-DiarioHorario-Eólico'!AD1093 -> 0 | X33: ='Resumen-DiarioHorario-Eólico'!AD1153 -> 0 | Y33: ='Resumen-DiarioHorario-Eólico'!AD1213 -> 0 | Z33: ='Resumen-DiarioHorario-Eólico'!AD1273 -> 0 | AA33: ='Resumen-DiarioHorario-Eólico'!AD1333 -> 0 | AB33: ='Resumen-DiarioHorario-Eólico'!AD1393 -> 0 | AC33: ='Resumen-DiarioHorario-Eólico'!AD1453 -> 17.1535 | AD33: ='Resumen-DiarioHorario-Eólico'!AD1513 -> 0 | AE33: ='Resumen-DiarioHorario-Eólico'!AD1573 -> 0 | AF33: ='Resumen-DiarioHorario-Eólico'!AD1632 -> 0 | AG33: ='Resumen-DiarioHorario-Eólico'!AD1691 -> 0 | AH33: =+'Resumen-DiarioHorario-Eólico'!AD1750 -> 0 | AI33: =+'Resumen-DiarioHorario-Eólico'!AD1809 -> 0 | AK33: =SUM(E33:AI33) -> 17.1535
B34: PE-SARCO | E34: ='Resumen-DiarioHorario-Eólico'!AD14 -> 27.826833 | F34: ='Resumen-DiarioHorario-Eólico'!AD74 -> 43.668333 | G34: ='Resumen-DiarioHorario-Eólico'!AD134 -> 32.774167 | H34: ='Resumen-DiarioHorario-Eólico'!AD194 -> 21.650333 | I34: ='Resumen-DiarioHorario-Eólico'!AD254 -> 80.671333 | J34: ='Resumen-DiarioHorario-Eólico'!AD314 -> 35.072 | K34: ='Resumen-DiarioHorario-Eólico'!AD374 -> 8.5165 | L34: ='Resumen-DiarioHorario-Eólico'!AD434 -> 167.489 | M34: ='Resumen-DiarioHorario-Eólico'!AD494 -> 28.115833 | N34: ='Resumen-DiarioHorario-Eólico'!AD554 -> 3.1153333 | O34: ='Resumen-DiarioHorario-Eólico'!AD614 -> 117.11867 | P34: ='Resumen-DiarioHorario-Eólico'!AD674 -> 93.838333 | Q34: ='Resumen-DiarioHorario-Eólico'!AD734 -> 6.5223333 | R34: ='Resumen-DiarioHorario-Eólico'!AD794 -> 0 | S34: ='Resumen-DiarioHorario-Eólico'!AD854 -> 334.873 | T34: ='Resumen-DiarioHorario-Eólico'!AD914 -> 0 | U34: ='Resumen-DiarioHorario-Eólico'!AD974 -> 0 | V34: ='Resumen-DiarioHorario-Eólico'!AD1034 -> 0 | W34: ='Resumen-DiarioHorario-Eólico'!AD1094 -> 0 | X34: ='Resumen-DiarioHorario-Eólico'!AD1154 -> 0 | Y34: ='Resumen-DiarioHorario-Eólico'!AD1214 -> 21.88 | Z34: ='Resumen-DiarioHorario-Eólico'!AD1274 -> 0 | AA34: ='Resumen-DiarioHorario-Eólico'!AD1334 -> 23.482333 | AB34: ='Resumen-DiarioHorario-Eólico'!AD1394 -> 103.36733 | AC34: ='Resumen-DiarioHorario-Eólico'!AD1454 -> 81.295167 | AD34: ='Resumen-DiarioHorario-Eólico'!AD1514 -> 124.08717 | AE34: ='Resumen-DiarioHorario-Eólico'!AD1574 -> 165.34333 | AF34: ='Resumen-DiarioHorario-Eólico'!AD1633 -> 14.010667 | AG34: ='Resumen-DiarioHorario-Eólico'!AD1692 -> 35.640667 | AH34: =+'Resumen-DiarioHorario-Eólico'!AD1751 -> 103.05717 | AI34: =+'Resumen-DiarioHorario-Eólico'!AD1810 -> 52.457667 | AK34: =SUM(E34:AI34) -> 1725.8735
B35: PE-CABOLEONES-1 | E35: ='Resumen-DiarioHorario-Eólico'!AD15 -> 56.066833 | F35: ='Resumen-DiarioHorario-Eólico'!AD75 -> 87.116 | G35: ='Resumen-DiarioHorario-Eólico'!AD135 -> 11.225667 | H35: ='Resumen-DiarioHorario-Eólico'!AD195 -> 22.091333 | I35: ='Resumen-DiarioHorario-Eólico'!AD255 -> 61.169333 | J35: ='Resumen-DiarioHorario-Eólico'!AD315 -> 7.1208333 | K35: ='Resumen-DiarioHorario-Eólico'!AD375 -> 17.5325 | L35: ='Resumen-DiarioHorario-Eólico'!AD435 -> 34.017333 | M35: ='Resumen-DiarioHorario-Eólico'!AD495 -> 40.0695 | N35: ='Resumen-DiarioHorario-Eólico'!AD555 -> 12.698667 | O35: ='Resumen-DiarioHorario-Eólico'!AD615 -> 103.017 | P35: ='Resumen-DiarioHorario-Eólico'!AD675 -> 70.314667 | Q35: ='Resumen-DiarioHorario-Eólico'!AD735 -> 9.7466667 | R35: ='Resumen-DiarioHorario-Eólico'!AD795 -> 152.25033 | S35: ='Resumen-DiarioHorario-Eólico'!AD855 -> 29.31 | T35: ='Resumen-DiarioHorario-Eólico'!AD915 -> 19.2945 | U35: ='Resumen-DiarioHorario-Eólico'!AD975 -> 8.9348333 | V35: ='Resumen-DiarioHorario-Eólico'!AD1035 -> 53.8975 | W35: ='Resumen-DiarioHorario-Eólico'!AD1095 -> 15.9965 | X35: ='Resumen-DiarioHorario-Eólico'!AD1155 -> 5.2563333 | Y35: ='Resumen-DiarioHorario-Eólico'!AD1215 -> 13.712 | Z35: ='Resumen-DiarioHorario-Eólico'!AD1275 -> 7.4751667 | AA35: ='Resumen-DiarioHorario-Eólico'!AD1335 -> 15.808167 | AB35: ='Resumen-DiarioHorario-Eólico'!AD1395 -> 2.7833333 | AC35: ='Resumen-DiarioHorario-Eólico'!AD1455 -> 38.700833 | AD35: ='Resumen-DiarioHorario-Eólico'!AD1515 -> 66.467333 | AE35: ='Resumen-DiarioHorario-Eólico'!AD1575 -> 35.933667 | AF35: ='Resumen-DiarioHorario-Eólico'!AD1634 -> 4.0311667 | AG35: ='Resumen-DiarioHorario-Eólico'!AD1693 -> 55.572333 | AH35: =+'Resumen-DiarioHorario-Eólico'!AD1752 -> 118.37233 | AI35: =+'Resumen-DiarioHorario-Eólico'!AD1811 -> 22.784333 | AK35: =SUM(E35:AI35) -> 1198.767
B36: PE-CABOLEONES-2 | E36: ='Resumen-DiarioHorario-Eólico'!AD16 -> 231.89317 | F36: ='Resumen-DiarioHorario-Eólico'!AD76 -> 297.21117 | G36: ='Resumen-DiarioHorario-Eólico'!AD136 -> 177.66967 | H36: ='Resumen-DiarioHorario-Eólico'!AD196 -> 137.74183 | I36: ='Resumen-DiarioHorario-Eólico'!AD256 -> 239.91967 | J36: ='Resumen-DiarioHorario-Eólico'!AD316 -> 179.6615 | K36: ='Resumen-DiarioHorario-Eólico'!AD376 -> 67.400333 | L36: ='Resumen-DiarioHorario-Eólico'!AD436 -> 127.9535 | M36: ='Resumen-DiarioHorario-Eólico'!AD496 -> 204.15067 | N36: ='Resumen-DiarioHorario-Eólico'!AD556 -> 94.5525 | O36: ='Resumen-DiarioHorario-Eólico'!AD616 -> 297.765 | P36: ='Resumen-DiarioHorario-Eólico'!AD676 -> 248.11567 | Q36: ='Resumen-DiarioHorario-Eólico'!AD736 -> 46.117 | R36: ='Resumen-DiarioHorario-Eólico'!AD796 -> 305.75917 | S36: ='Resumen-DiarioHorario-Eólico'!AD856 -> 225.9025 | T36: ='Resumen-DiarioHorario-Eólico'!AD916 -> 226.56483 | U36: ='Resumen-DiarioHorario-Eólico'!AD976 -> 98.429333 | V36: ='Resumen-DiarioHorario-Eólico'!AD1036 -> 285.31667 | W36: ='Resumen-DiarioHorario-Eólico'!AD1096 -> 250.08167 | X36: ='Resumen-DiarioHorario-Eólico'!AD1156 -> 64.665 | Y36: ='Resumen-DiarioHorario-Eólico'!AD1216 -> 134.09117 | Z36: ='Resumen-DiarioHorario-Eólico'!AD1276 -> 138.06783 | AA36: ='Resumen-DiarioHorario-Eólico'!AD1336 -> 105.88483 | AB36: ='Resumen-DiarioHorario-Eólico'!AD1396 -> 146.6655 | AC36: ='Resumen-DiarioHorario-Eólico'!AD1456 -> 122.56417 | AD36: ='Resumen-DiarioHorario-Eólico'!AD1516 -> 237.42417 | AE36: ='Resumen-DiarioHorario-Eólico'!AD1576 -> 236.25083 | AF36: ='Resumen-DiarioHorario-Eólico'!AD1635 -> 211.18367 | AG36: ='Resumen-DiarioHorario-Eólico'!AD1694 -> 98.324333 | AH36: =+'Resumen-DiarioHorario-Eólico'!AD1753 -> 352.23967 | AI36: =+'Resumen-DiarioHorario-Eólico'!AD1812 -> 198.172 | AK36: =SUM(E36:AI36) -> 5787.739
B37: PE-CABOLEONES-3 | E37: ='Resumen-DiarioHorario-Eólico'!AD17 -> 29.7235 | F37: ='Resumen-DiarioHorario-Eólico'!AD77 -> 46.859667 | G37: ='Resumen-DiarioHorario-Eólico'!AD137 -> 25.919667 | H37: ='Resumen-DiarioHorario-Eólico'!AD197 -> 3.7838333 | I37: ='Resumen-DiarioHorario-Eólico'!AD257 -> 44.312333 | J37: ='Resumen-DiarioHorario-Eólico'!AD317 -> 9.9231667 | K37: ='Resumen-DiarioHorario-Eólico'!AD377 -> 17.416833 | L37: ='Resumen-DiarioHorario-Eólico'!AD437 -> 34.154167 | M37: ='Resumen-DiarioHorario-Eólico'!AD497 -> 41.840333 | N37: ='Resumen-DiarioHorario-Eólico'!AD557 -> 9.4696667 | O37: ='Resumen-DiarioHorario-Eólico'!AD617 -> 133.36317 | P37: ='Resumen-DiarioHorario-Eólico'!AD677 -> 69.337 | Q37: ='Resumen-DiarioHorario-Eólico'!AD737 -> 6.7433333 | R37: ='Resumen-DiarioHorario-Eólico'!AD797 -> 116.99233 | S37: ='Resumen-DiarioHorario-Eólico'!AD857 -> 97.658 | T37: ='Resumen-DiarioHorario-Eólico'!AD917 -> 3.4938333 | U37: ='Resumen-DiarioHorario-Eólico'!AD977 -> 7.0061667 | V37: ='Resumen-DiarioHorario-Eólico'!AD1037 -> 39.8095 | W37: ='Resumen-DiarioHorario-Eólico'!AD1097 -> 37.3055 | X37: ='Resumen-DiarioHorario-Eólico'!AD1157 -> 5.2525 | Y37: ='Resumen-DiarioHorario-Eólico'!AD1217 -> 2.8433333 | Z37: ='Resumen-DiarioHorario-Eólico'!AD1277 -> 2.9535 | AA37: ='Resumen-DiarioHorario-Eólico'!AD1337 -> 11.429333 | AB37: ='Resumen-DiarioHorario-Eólico'!AD1397 -> 2.5996667 | AC37: ='Resumen-DiarioHorario-Eólico'!AD1457 -> 38.031667 | AD37: ='Resumen-DiarioHorario-Eólico'!AD1517 -> 39.788167 | AE37: ='Resumen-DiarioHorario-Eólico'!AD1577 -> 30.019667 | AF37: ='Resumen-DiarioHorario-Eólico'!AD1636 -> 1.7996667 | AG37: ='Resumen-DiarioHorario-Eólico'!AD1695 -> 33.467333 | AH37: =+'Resumen-DiarioHorario-Eólico'!AD1754 -> 127.84433 | AI37: =+'Resumen-DiarioHorario-Eólico'!AD1813 -> 26.466333 | AK37: =SUM(E37:AI37) -> 1097.6075
B38: PE-SANJUAN | E38: ='Resumen-DiarioHorario-Eólico'!AD18 -> 129.331 | F38: ='Resumen-DiarioHorario-Eólico'!AD78 -> 129.64233 | G38: ='Resumen-DiarioHorario-Eólico'!AD138 -> 445.901 | H38: ='Resumen-DiarioHorario-Eólico'!AD198 -> 146.9635 | I38: ='Resumen-DiarioHorario-Eólico'!AD258 -> 567.12783 | J38: ='Resumen-DiarioHorario-Eólico'!AD318 -> 30.682167 | K38: ='Resumen-DiarioHorario-Eólico'!AD378 -> 398.33983 | L38: ='Resumen-DiarioHorario-Eólico'!AD438 -> 928.64617 | M38: ='Resumen-DiarioHorario-Eólico'!AD498 -> 140.09133 | N38: ='Resumen-DiarioHorario-Eólico'!AD558 -> 72.098 | O38: ='Resumen-DiarioHorario-Eólico'!AD618 -> 229.51217 | P38: ='Resumen-DiarioHorario-Eólico'!AD678 -> 291.23067 | Q38: ='Resumen-DiarioHorario-Eólico'!AD738 -> 332.13517 | R38: ='Resumen-DiarioHorario-Eólico'!AD798 -> 144.3155 | S38: ='Resumen-DiarioHorario-Eólico'!AD858 -> 233.27967 | T38: ='Resumen-DiarioHorario-Eólico'!AD918 -> 920.07967 | U38: ='Resumen-DiarioHorario-Eólico'!AD978 -> 472.87917 | V38: ='Resumen-DiarioHorario-Eólico'!AD1038 -> 16.229333 | W38: ='Resumen-DiarioHorario-Eólico'!AD1098 -> 0.36316667 | X38: ='Resumen-DiarioHorario-Eólico'!AD1158 -> 0.38333333 | Y38: ='Resumen-DiarioHorario-Eólico'!AD1218 -> 24.287 | Z38: ='Resumen-DiarioHorario-Eólico'!AD1278 -> 69.598167 | AA38: ='Resumen-DiarioHorario-Eólico'!AD1338 -> 7.9305 | AB38: ='Resumen-DiarioHorario-Eólico'!AD1398 -> 273.774 | AC38: ='Resumen-DiarioHorario-Eólico'!AD1458 -> 10.687333 | AD38: ='Resumen-DiarioHorario-Eólico'!AD1518 -> 315.75883 | AE38: ='Resumen-DiarioHorario-Eólico'!AD1578 -> 1020.647 | AF38: ='Resumen-DiarioHorario-Eólico'!AD1637 -> 251.3095 | AG38: ='Resumen-DiarioHorario-Eólico'!AD1696 -> 45.335667 | AH38: =+'Resumen-DiarioHorario-Eólico'!AD1755 -> 822.68783 | AI38: =+'Resumen-DiarioHorario-Eólico'!AD1814 -> 557.5675 | AK38: =SUM(E38:AI38) -> 9028.8143
B39: PE-PUNTACOLORADA | E39: ='Resumen-DiarioHorario-Eólico'!AD19 -> 0 | F39: ='Resumen-DiarioHorario-Eólico'!AD79 -> 0 | G39: ='Resumen-DiarioHorario-Eólico'!AD139 -> 0 | H39: ='Resumen-DiarioHorario-Eólico'!AD199 -> 0 | I39: ='Resumen-DiarioHorario-Eólico'!AD259 -> 0 | J39: ='Resumen-DiarioHorario-Eólico'!AD319 -> 0 | K39: ='Resumen-DiarioHorario-Eólico'!AD379 -> 0 | L39: ='Resumen-DiarioHorario-Eólico'!AD439 -> 0 | M39: ='Resumen-DiarioHorario-Eólico'!AD499 -> 0 | N39: ='Resumen-DiarioHorario-Eólico'!AD559 -> 0 | O39: ='Resumen-DiarioHorario-Eólico'!AD619 -> 0 | P39: ='Resumen-DiarioHorario-Eólico'!AD679 -> 0 | Q39: ='Resumen-DiarioHorario-Eólico'!AD739 -> 0 | R39: ='Resumen-DiarioHorario-Eólico'!AD799 -> 0 | S39: ='Resumen-DiarioHorario-Eólico'!AD859 -> 0 | T39: ='Resumen-DiarioHorario-Eólico'!AD919 -> 0 | U39: ='Resumen-DiarioHorario-Eólico'!AD979 -> 0 | V39: ='Resumen-DiarioHorario-Eólico'!AD1039 -> 0 | W39: ='Resumen-DiarioHorario-Eólico'!AD1099 -> 0 | X39: ='Resumen-DiarioHorario-Eólico'!AD1159 -> 0 | Y39: ='Resumen-DiarioHorario-Eólico'!AD1219 -> 0 | Z39: ='Resumen-DiarioHorario-Eólico'!AD1279 -> 0 | AA39: ='Resumen-DiarioHorario-Eólico'!AD1339 -> 0 | AB39: ='Resumen-DiarioHorario-Eólico'!AD1399 -> 0 | AC39: ='Resumen-DiarioHorario-Eólico'!AD1459 -> 0 | AD39: ='Resumen-DiarioHorario-Eólico'!AD1519 -> 0 | AE39: ='Resumen-DiarioHorario-Eólico'!AD1579 -> 0 | AF39: ='Resumen-DiarioHorario-Eólico'!AD1638 -> 0 | AG39: ='Resumen-DiarioHorario-Eólico'!AD1697 -> 0 | AH39: =+'Resumen-DiarioHorario-Eólico'!AD1756 -> 0 | AI39: =+'Resumen-DiarioHorario-Eólico'!AD1815 -> 0 | AK39: =SUM(E39:AI39) -> 0
... B72: PE-ATACAMA | E72: ='Resumen-DiarioHorario-Eólico'!AD52 -> 104.135 | F72: ='Resumen-DiarioHorario-Eólico'!AD112 -> 97.9875 | G72: ='Resumen-DiarioHorario-Eólico'!AD172 -> 409.95717 | H72: ='Resumen-DiarioHorario-Eólico'!AD232 -> 377.435 | I72: ='Resumen-DiarioHorario-Eólico'!AD292 -> 167.79333 | J72: ='Resumen-DiarioHorario-Eólico'!AD352 -> 364.69617 | K72: ='Resumen-DiarioHorario-Eólico'!AD412 -> 97.6935 | L72: ='Resumen-DiarioHorario-Eólico'!AD472 -> 499.43967 | M72: ='Resumen-DiarioHorario-Eólico'!AD532 -> 42.841333 | N72: ='Resumen-DiarioHorario-Eólico'!AD592 -> 21.101333 | O72: ='Resumen-DiarioHorario-Eólico'!AD652 -> 357.581 | P72: ='Resumen-DiarioHorario-Eólico'!AD712 -> 301.17817 | Q72: ='Resumen-DiarioHorario-Eólico'!AD772 -> 104.17933 | R72: ='Resumen-DiarioHorario-Eólico'!AD832 -> 261.52067 | S72: ='Resumen-DiarioHorario-Eólico'!AD892 -> 747.836 | T72: ='Resumen-DiarioHorario-Eólico'!AD952 -> 498.21983 | U72: ='Resumen-DiarioHorario-Eólico'!AD1012 -> 220.25367 | V72: ='Resumen-DiarioHorario-Eólico'!AD1072 -> 80.4785 | W72: ='Resumen-DiarioHorario-Eólico'!AD1132 -> 15.517 | X72: ='Resumen-DiarioHorario-Eólico'!AD1192 -> 0.041166667 | Y72: ='Resumen-DiarioHorario-Eólico'!AD1252 -> 96.892 | Z72: ='Resumen-DiarioHorario-Eólico'!AD1312 -> 322.8885 | AA72: ='Resumen-DiarioHorario-Eólico'!AD1372 -> 138.88417 | AB72: ='Resumen-DiarioHorario-Eólico'!AD1432 -> 126.68883 | AC72: ='Resumen-DiarioHorario-Eólico'!AD1492 -> 1.0511667 | AD72: ='Resumen-DiarioHorario-Eólico'!AD1552 -> 595.1755 | AE72: ='Resumen-DiarioHorario-Eólico'!AD1612 -> 743.39783 | AF72: ='Resumen-DiarioHorario-Eólico'!AD1671 -> 230.76033 | AG72: ='Resumen-DiarioHorario-Eólico'!AD1730 -> 2.3003333 | AH72: =+'Resumen-DiarioHorario-Eólico'!AD1789 -> 706.89283 | AI72: =+'Resumen-DiarioHorario-Eólico'!AD1848 -> 495.51083 | AK72: =SUM(E72:AI72) -> 8230.3277
B73: PE-LACABANA | D73: † | E73: ='Resumen-DiarioHorario-Eólico'!AD53 -> 0 | F73: ='Resumen-DiarioHorario-Eólico'!AD113 -> 0 | G73: ='Resumen-DiarioHorario-Eólico'!AD173 -> 0 | H73: ='Resumen-DiarioHorario-Eólico'!AD233 -> 0 | I73: ='Resumen-DiarioHorario-Eólico'!AD293 -> 0 | J73: ='Resumen-DiarioHorario-Eólico'!AD353 -> 120.95417 | K73: ='Resumen-DiarioHorario-Eólico'!AD413 -> 0 | L73: ='Resumen-DiarioHorario-Eólico'!AD473 -> 0 | M73: ='Resumen-DiarioHorario-Eólico'!AD533 -> 0 | N73: ='Resumen-DiarioHorario-Eólico'!AD593 -> 0 | O73: ='Resumen-DiarioHorario-Eólico'!AD653 -> 0 | P73: ='Resumen-DiarioHorario-Eólico'!AD713 -> 0 | Q73: ='Resumen-DiarioHorario-Eólico'!AD773 -> 0 | R73: ='Resumen-DiarioHorario-Eólico'!AD833 -> 0 | S73: ='Resumen-DiarioHorario-Eólico'!AD893 -> 0 | T73: ='Resumen-DiarioHorario-Eólico'!AD953 -> 0 | U73: ='Resumen-DiarioHorario-Eólico'!AD1013 -> 0 | V73: ='Resumen-DiarioHorario-Eólico'!AD1073 -> 0 | W73: ='Resumen-DiarioHorario-Eólico'!AD1133 -> 0 | X73: ='Resumen-DiarioHorario-Eólico'!AD1193 -> 0 | Y73: ='Resumen-DiarioHorario-Eólico'!AD1253 -> 0 | Z73: ='Resumen-DiarioHorario-Eólico'!AD1313 -> 0 | AA73: ='Resumen-DiarioHorario-Eólico'!AD1373 -> 0 | AB73: ='Resumen-DiarioHorario-Eólico'!AD1433 -> 0 | AC73: ='Resumen-DiarioHorario-Eólico'!AD1493 -> 0 | AD73: ='Resumen-DiarioHorario-Eólico'!AD1553 -> 0 | AE73: ='Resumen-DiarioHorario-Eólico'!AD1613 -> 0 | AF73: ='Resumen-DiarioHorario-Eólico'!AD1672 -> 0 | AG73: ='Resumen-DiarioHorario-Eólico'!AD1731 -> 0 | AH73: =+'Resumen-DiarioHorario-Eólico'!AD1790 -> 0 | AI73: =+'Resumen-DiarioHorario-Eólico'!AD1849 -> 0 | AK73: =SUM(E73:AI73) -> 120.95417
B74: PE-SANMATIAS | E74: ='Resumen-DiarioHorario-Eólico'!AD54 -> 103.0815 | F74: ='Resumen-DiarioHorario-Eólico'!AD114 -> 206.79833 | G74: ='Resumen-DiarioHorario-Eólico'!AD174 -> 4.1428333 | H74: ='Resumen-DiarioHorario-Eólico'!AD234 -> 33.62 | I74: ='Resumen-DiarioHorario-Eólico'!AD294 -> 0.11633333 | J74: ='Resumen-DiarioHorario-Eólico'!AD354 -> 1.6135 | K74: ='Resumen-DiarioHorario-Eólico'!AD414 -> 25.8555 | L74: ='Resumen-DiarioHorario-Eólico'!AD474 -> 34.613667 | M74: ='Resumen-DiarioHorario-Eólico'!AD534 -> 89.857833 | N74: ='Resumen-DiarioHorario-Eólico'!AD594 -> 377.6025 | O74: ='Resumen-DiarioHorario-Eólico'!AD654 -> 64.263833 | P74: ='Resumen-DiarioHorario-Eólico'!AD714 -> 29.0475 | Q74: ='Resumen-DiarioHorario-Eólico'!AD774 -> 67.165167 | R74: ='Resumen-DiarioHorario-Eólico'!AD834 -> 47.267833 | S74: ='Resumen-DiarioHorario-Eólico'!AD894 -> 6.5645 | T74: ='Resumen-DiarioHorario-Eólico'!AD954 -> 83.195167 | U74: ='Resumen-DiarioHorario-Eólico'!AD1014 -> 162.16317 | V74: ='Resumen-DiarioHorario-Eólico'!AD1074 -> 193.84583 | W74: ='Resumen-DiarioHorario-Eólico'!AD1134 -> 3.4071667 | X74: ='Resumen-DiarioHorario-Eólico'!AD1194 -> 1.9783333 | Y74: ='Resumen-DiarioHorario-Eólico'!AD1254 -> 10.396667 | Z74: ='Resumen-DiarioHorario-Eólico'!AD1314 -> 9.6211667 | AA74: ='Resumen-DiarioHorario-Eólico'!AD1374 -> 0.055833333 | AB74: ='Resumen-DiarioHorario-Eólico'!AD1434 -> 12.418167 | AC74: ='Resumen-DiarioHorario-Eólico'!AD1494 -> 59.085667 | AD74: ='Resumen-DiarioHorario-Eólico'!AD1554 -> 1.9866667 | AE74: ='Resumen-DiarioHorario-Eólico'!AD1614 -> 1.2533333 | AF74: ='Resumen-DiarioHorario-Eólico'!AD1673 -> 64.975833 | AG74: ='Resumen-DiarioHorario-Eólico'!AD1732 -> 11.011167 | AH74: =+'Resumen-DiarioHorario-Eólico'!AD1791 -> 30.338833 | AI74: =+'Resumen-DiarioHorario-Eólico'!AD1850 -> 110.85133 | AK74: =SUM(E74:AI74) -> 1848.1952
B75: PE-CARDONAL | E75: ='Resumen-DiarioHorario-Eólico'!AD55 -> 4.1146083 | F75: ='Resumen-DiarioHorario-Eólico'!AD115 -> 3.0038717 | G75: ='Resumen-DiarioHorario-Eólico'!AD175 -> 2.15209 | H75: ='Resumen-DiarioHorario-Eólico'!AD235 -> 37.214392 | I75: ='Resumen-DiarioHorario-Eólico'!AD295 -> 0.14176167 | J75: ='Resumen-DiarioHorario-Eólico'!AD355 -> 3.0560333 | K75: ='Resumen-DiarioHorario-Eólico'!AD415 -> 6.2398883 | L75: ='Resumen-DiarioHorario-Eólico'!AD475 -> 2.0975833 | M75: ='Resumen-DiarioHorario-Eólico'!AD535 -> 2.8848083 | N75: ='Resumen-DiarioHorario-Eólico'!AD595 -> 2.2738 | O75: ='Resumen-DiarioHorario-Eólico'!AD655 -> 9.0710917 | P75: ='Resumen-DiarioHorario-Eólico'!AD715 -> 10.739245 | Q75: ='Resumen-DiarioHorario-Eólico'!AD775 -> 24.632917 | R75: ='Resumen-DiarioHorario-Eólico'!AD835 -> 17.988322 | S75: ='Resumen-DiarioHorario-Eólico'!AD895 -> 15.485305 | T75: ='Resumen-DiarioHorario-Eólico'!AD955 -> 13.904485 | U75: ='Resumen-DiarioHorario-Eólico'!AD1015 -> 47.864947 | V75: ='Resumen-DiarioHorario-Eólico'!AD1075 -> 1.7729633 | W75: ='Resumen-DiarioHorario-Eólico'!AD1135 -> 0.35356333 | X75: ='Resumen-DiarioHorario-Eólico'!AD1195 -> 0.74479833 | Y75: ='Resumen-DiarioHorario-Eólico'!AD1255 -> 7.4785983 | Z75: ='Resumen-DiarioHorario-Eólico'!AD1315 -> 1.8736733 | AA75: ='Resumen-DiarioHorario-Eólico'!AD1375 -> 3.1150917 | AB75: ='Resumen-DiarioHorario-Eólico'!AD1435 -> 5.8880983 | AC75: ='Resumen-DiarioHorario-Eólico'!AD1495 -> 9.7546567 | AD75: ='Resumen-DiarioHorario-Eólico'!AD1555 -> 1.8675483 | AE75: ='Resumen-DiarioHorario-Eólico'!AD1615 -> 2.6975267 | AF75: ='Resumen-DiarioHorario-Eólico'!AD1674 -> 0 | AG75: ='Resumen-DiarioHorario-Eólico'!AD1733 -> 0.13033 | AH75: =+'Resumen-DiarioHorario-Eólico'!AD1792 -> 0 | AI75: =+'Resumen-DiarioHorario-Eólico'!AD1851 -> 7.1593 | AK75: =SUM(E75:AI75) -> 245.7013
B76: PE-CERRILLOS | E76: ='Resumen-DiarioHorario-Eólico'!AD56 -> 11.79158 | F76: ='Resumen-DiarioHorario-Eólico'!AD116 -> 4.68265 | G76: ='Resumen-DiarioHorario-Eólico'!AD176 -> 2.2519267 | H76: ='Resumen-DiarioHorario-Eólico'!AD236 -> 34.99194 | I76: ='Resumen-DiarioHorario-Eólico'!AD296 -> 0.02737 | J76: ='Resumen-DiarioHorario-Eólico'!AD356 -> 3.5616 | K76: ='Resumen-DiarioHorario-Eólico'!AD416 -> 10.158223 | L76: ='Resumen-DiarioHorario-Eólico'!AD476 -> 1.3775 | M76: ='Resumen-DiarioHorario-Eólico'!AD536 -> 8.4363333 | N76: ='Resumen-DiarioHorario-Eólico'!AD596 -> 2.81469 | O76: ='Resumen-DiarioHorario-Eólico'!AD656 -> 22.971373 | P76: ='Resumen-DiarioHorario-Eólico'!AD716 -> 27.194213 | Q76: ='Resumen-DiarioHorario-Eólico'!AD776 -> 43.76492 | R76: ='Resumen-DiarioHorario-Eólico'!AD836 -> 30.170797 | S76: ='Resumen-DiarioHorario-Eólico'!AD896 -> 28.389853 | T76: ='Resumen-DiarioHorario-Eólico'!AD956 -> 29.164707 | U76: ='Resumen-DiarioHorario-Eólico'!AD1016 -> 46.878657 | V76: ='Resumen-DiarioHorario-Eólico'!AD1076 -> 2.3106533 | W76: ='Resumen-DiarioHorario-Eólico'!AD1136 -> 0.035523333 | X76: ='Resumen-DiarioHorario-Eólico'!AD1196 -> 1.66157 | Y76: ='Resumen-DiarioHorario-Eólico'!AD1256 -> 4.21314 | Z76: ='Resumen-DiarioHorario-Eólico'!AD1316 -> 1.0988933 | AA76: ='Resumen-DiarioHorario-Eólico'!AD1376 -> 0.21391333 | AB76: ='Resumen-DiarioHorario-Eólico'!AD1436 -> 3.5315333 | AC76: ='Resumen-DiarioHorario-Eólico'!AD1496 -> 8.47452 | AD76: ='Resumen-DiarioHorario-Eólico'!AD1556 -> 1.80957 | AE76: ='Resumen-DiarioHorario-Eólico'!AD1616 -> 8.5964633 | AF76: ='Resumen-DiarioHorario-Eólico'!AD1675 -> 0 | AG76: ='Resumen-DiarioHorario-Eólico'!AD1734 -> 0 | AH76: =+'Resumen-DiarioHorario-Eólico'!AD1793 -> 0 | AI76: =+'Resumen-DiarioHorario-Eólico'!AD1852 -> 4.2730867 | AK76: =SUM(E76:AI76) -> 344.8472
B77: PE-MANANTIALES | E77: ='Resumen-DiarioHorario-Eólico'!AD57 -> 35.999925 | F77: ='Resumen-DiarioHorario-Eólico'!AD117 -> 17.549115 | G77: ='Resumen-DiarioHorario-Eólico'!AD177 -> 10.545543 | H77: ='Resumen-DiarioHorario-Eólico'!AD237 -> 71.16311 | I77: ='Resumen-DiarioHorario-Eólico'!AD297 -> 0.084035 | J77: ='Resumen-DiarioHorario-Eólico'!AD357 -> 10.42592 | K77: ='Resumen-DiarioHorario-Eólico'!AD417 -> 32.340408 | L77: ='Resumen-DiarioHorario-Eólico'!AD477 -> 3.70425 | M77: ='Resumen-DiarioHorario-Eólico'!AD537 -> 30.664393 | N77: ='Resumen-DiarioHorario-Eólico'!AD597 -> 14.585437 | O77: ='Resumen-DiarioHorario-Eólico'!AD657 -> 35.637573 | P77: ='Resumen-DiarioHorario-Eólico'!AD717 -> 34.394445 | Q77: ='Resumen-DiarioHorario-Eólico'!AD777 -> 61.454563 | R77: ='Resumen-DiarioHorario-Eólico'!AD837 -> 64.461518 | S77: ='Resumen-DiarioHorario-Eólico'!AD897 -> 29.595003 | T77: ='Resumen-DiarioHorario-Eólico'!AD957 -> 39.531735 | U77: ='Resumen-DiarioHorario-Eólico'!AD1017 -> 76.382445 | V77: ='Resumen-DiarioHorario-Eólico'!AD1077 -> 17.296683 | W77: ='Resumen-DiarioHorario-Eólico'!AD1137 -> 8.0889233 | X77: ='Resumen-DiarioHorario-Eólico'!AD1197 -> 6.9331033 | Y77: ='Resumen-DiarioHorario-Eólico'!AD1257 -> 18.11744 | Z77: ='Resumen-DiarioHorario-Eólico'!AD1317 -> 5.477 | AA77: ='Resumen-DiarioHorario-Eólico'!AD1377 -> 1.0739417 | AB77: ='Resumen-DiarioHorario-Eólico'!AD1437 -> 11.167385 | AC77: ='Resumen-DiarioHorario-Eólico'!AD1497 -> 16.309608 | AD77: ='Resumen-DiarioHorario-Eólico'!AD1557 -> 3.7899783 | AE77: ='Resumen-DiarioHorario-Eólico'!AD1617 -> 10.431333 | AF77: ='Resumen-DiarioHorario-Eólico'!AD1676 -> 0 | AG77: ='Resumen-DiarioHorario-Eólico'!AD1735 -> 0 | AH77: =+'Resumen-DiarioHorario-Eólico'!AD1794 -> 0 | AI77: =+'Resumen-DiarioHorario-Eólico'!AD1853 -> 16.585562 | AK77: =SUM(E77:AI77) -> 683.79038
B78: PE-KALLPA | E78: ='Resumen-DiarioHorario-Eólico'!AD58 -> 742.2496 | F78: ='Resumen-DiarioHorario-Eólico'!AD118 -> 460.48327 | G78: ='Resumen-DiarioHorario-Eólico'!AD178 -> 307.55295 | H78: ='Resumen-DiarioHorario-Eólico'!AD238 -> 605.467 | I78: ='Resumen-DiarioHorario-Eólico'!AD298 -> 13.381833 | J78: ='Resumen-DiarioHorario-Eólico'!AD358 -> 824.71717 | K78: ='Resumen-DiarioHorario-Eólico'!AD418 -> 857.43975 | L78: ='Resumen-DiarioHorario-Eólico'!AD478 -> 72.711533 | M78: ='Resumen-DiarioHorario-Eólico'!AD538 -> 811.55733 | N78: ='Resumen-DiarioHorario-Eólico'!AD598 -> 587.02033 | O78: ='Resumen-DiarioHorario-Eólico'!AD658 -> 1026.2209 | P78: ='Resumen-DiarioHorario-Eólico'!AD718 -> 569.78013 | Q78: ='Resumen-DiarioHorario-Eólico'!AD778 -> 576.0635 | R78: ='Resumen-DiarioHorario-Eólico'!AD838 -> 1098.9166 | S78: ='Resumen-DiarioHorario-Eólico'!AD898 -> 853.86933 | T78: ='Resumen-DiarioHorario-Eólico'!AD958 -> 630.67698 | U78: ='Resumen-DiarioHorario-Eólico'!AD1018 -> 579.03815 | V78: ='Resumen-DiarioHorario-Eólico'!AD1078 -> 1050.0922 | W78: ='Resumen-DiarioHorario-Eólico'!AD1138 -> 87.361 | X78: ='Resumen-DiarioHorario-Eólico'!AD1198 -> 63.8485 | Y78: ='Resumen-DiarioHorario-Eólico'!AD1258 -> 732.01013 | Z78: ='Resumen-DiarioHorario-Eólico'!AD1318 -> 856.65243 | AA78: ='Resumen-DiarioHorario-Eólico'!AD1378 -> 82.663 | AB78: ='Resumen-DiarioHorario-Eólico'!AD1438 -> 740.40817 | AC78: ='Resumen-DiarioHorario-Eólico'!AD1498 -> 1010.9635 | AD78: ='Resumen-DiarioHorario-Eólico'!AD1558 -> 308.96978 | AE78: ='Resumen-DiarioHorario-Eólico'!AD1618 -> 215.7685 | AF78: ='Resumen-DiarioHorario-Eólico'!AD1677 -> 708.15375 | AG78: ='Resumen-DiarioHorario-Eólico'!AD1736 -> 471.02297 | AH78: =+'Resumen-DiarioHorario-Eólico'!AD1795 -> 868.04862 | AI78: =+'Resumen-DiarioHorario-Eólico'!AD1854 -> 434.3574 | AK78: =SUM(E78:AI78) -> 18247.466
B79: PE-HORIZONTENORTE | E79: ='Resumen-DiarioHorario-Eólico'!AD59 -> 487.00643 | F79: ='Resumen-DiarioHorario-Eólico'!AD119 -> 301.45093 | G79: ='Resumen-DiarioHorario-Eólico'!AD179 -> 380.03247 | H79: ='Resumen-DiarioHorario-Eólico'!AD239 -> 394.73075 | I79: ='Resumen-DiarioHorario-Eólico'!AD299 -> 443.51217 | J79: ='Resumen-DiarioHorario-Eólico'!AD359 -> 1010.4725 | K79: ='Resumen-DiarioHorario-Eólico'!AD419 -> 721.4835 | L79: ='Resumen-DiarioHorario-Eólico'!AD479 -> 161.47123 | M79: ='Resumen-DiarioHorario-Eólico'!AD539 -> 932.91567 | N79: ='Resumen-DiarioHorario-Eólico'!AD599 -> 913.0887 | O79: ='Resumen-DiarioHorario-Eólico'!AD659 -> 506.66133 | P79: ='Resumen-DiarioHorario-Eólico'!AD719 -> 65.27655 | Q79: ='Resumen-DiarioHorario-Eólico'!AD779 -> 623.5292 | R79: ='Resumen-DiarioHorario-Eólico'!AD839 -> 1219.3492 | S79: ='Resumen-DiarioHorario-Eólico'!AD899 -> 312.49767 | T79: ='Resumen-DiarioHorario-Eólico'!AD959 -> 17.0907 | U79: ='Resumen-DiarioHorario-Eólico'!AD1019 -> 146.47667 | V79: ='Resumen-DiarioHorario-Eólico'!AD1079 -> 183.71795 | W79: ='Resumen-DiarioHorario-Eólico'!AD1139 -> 191.77603 | X79: ='Resumen-DiarioHorario-Eólico'!AD1199 -> 137.35643 | Y79: ='Resumen-DiarioHorario-Eólico'!AD1259 -> 244.81808 | Z79: ='Resumen-DiarioHorario-Eólico'!AD1319 -> 114.84528 | AA79: ='Resumen-DiarioHorario-Eólico'!AD1379 -> 98.942717 | AB79: ='Resumen-DiarioHorario-Eólico'!AD1439 -> 552.43427 | AC79: ='Resumen-DiarioHorario-Eólico'!AD1499 -> 784.82086 | AD79: ='Resumen-DiarioHorario-Eólico'!AD1559 -> 341.67375 | AE79: ='Resumen-DiarioHorario-Eólico'!AD1619 -> 143.57327 | AF79: ='Resumen-DiarioHorario-Eólico'!AD1678 -> 211.87833 | AG79: ='Resumen-DiarioHorario-Eólico'!AD1737 -> 69.482 | AH79: =+'Resumen-DiarioHorario-Eólico'!AD1796 -> 398.21333 | AI79: =+'Resumen-DiarioHorario-Eólico'!AD1855 -> 136.5516 | AK79: =SUM(E79:AI79) -> 12247.13
B80: PE-HORIZONTESUR | E80: ='Resumen-DiarioHorario-Eólico'!AD60 -> 376.9157 | F80: ='Resumen-DiarioHorario-Eólico'!AD120 -> 149.43703 | G80: ='Resumen-DiarioHorario-Eólico'!AD180 -> 388.24992 | H80: ='Resumen-DiarioHorario-Eólico'!AD240 -> 599.52875 | I80: ='Resumen-DiarioHorario-Eólico'!AD300 -> 263.37817 | J80: ='Resumen-DiarioHorario-Eólico'!AD360 -> 609.32565 | K80: ='Resumen-DiarioHorario-Eólico'!AD420 -> 580.5396 | L80: ='Resumen-DiarioHorario-Eólico'!AD480 -> 259.36807 | M80: ='Resumen-DiarioHorario-Eólico'!AD540 -> 598.22877 | N80: ='Resumen-DiarioHorario-Eólico'!AD600 -> 490.42302 | O80: ='Resumen-DiarioHorario-Eólico'!AD660 -> 458.35042 | P80: ='Resumen-DiarioHorario-Eólico'!AD720 -> 131.19517 | Q80: ='Resumen-DiarioHorario-Eólico'!AD780 -> 2.5685 | R80: ='Resumen-DiarioHorario-Eólico'!AD840 -> 234.703 | S80: ='Resumen-DiarioHorario-Eólico'!AD900 -> 109.63817 | T80: ='Resumen-DiarioHorario-Eólico'!AD960 -> 39.172167 | U80: ='Resumen-DiarioHorario-Eólico'!AD1020 -> 81.013167 | V80: ='Resumen-DiarioHorario-Eólico'!AD1080 -> 128.82205 | W80: ='Resumen-DiarioHorario-Eólico'!AD1140 -> 285.65367 | X80: ='Resumen-DiarioHorario-Eólico'!AD1200 -> 324.07253 | Y80: ='Resumen-DiarioHorario-Eólico'!AD1260 -> 404.07583 | Z80: ='Resumen-DiarioHorario-Eólico'!AD1320 -> 187.74143 | AA80: ='Resumen-DiarioHorario-Eólico'!AD1380 -> 182.23847 | AB80: ='Resumen-DiarioHorario-Eólico'!AD1440 -> 437.32678 | AC80: ='Resumen-DiarioHorario-Eólico'!AD1500 -> 366.2415 | AD80: ='Resumen-DiarioHorario-Eólico'!AD1560 -> 214.70787 | AE80: ='Resumen-DiarioHorario-Eólico'!AD1620 -> 177.80803 | AF80: ='Resumen-DiarioHorario-Eólico'!AD1679 -> 141.64192 | AG80: ='Resumen-DiarioHorario-Eólico'!AD1738 -> 16.768667 | AH80: =+'Resumen-DiarioHorario-Eólico'!AD1797 -> 568.42307 | AI80: =+'Resumen-DiarioHorario-Eólico'!AD1856 -> 286.79513 | AK80: =SUM(E80:AI80) -> 9094.3522
B81: PE-PUNTADETALCA | E81: ='Resumen-DiarioHorario-Eólico'!AD61 -> 25.069167 | F81: ='Resumen-DiarioHorario-Eólico'!AD121 -> 22.874167 | G81: ='Resumen-DiarioHorario-Eólico'!AD181 -> 20.611167 | H81: ='Resumen-DiarioHorario-Eólico'!AD241 -> 26.630833 | I81: ='Resumen-DiarioHorario-Eólico'!AD301 -> 0 | J81: ='Resumen-DiarioHorario-Eólico'!AD361 -> 26.7155 | K81: ='Resumen-DiarioHorario-Eólico'!AD421 -> 23.784333 | L81: ='Resumen-DiarioHorario-Eólico'!AD481 -> 64.675667 | M81: ='Resumen-DiarioHorario-Eólico'!AD541 -> 0.0275 | N81: ='Resumen-DiarioHorario-Eólico'!AD601 -> 0.013833333 | O81: ='Resumen-DiarioHorario-Eólico'!AD661 -> 1.4375 | P81: ='Resumen-DiarioHorario-Eólico'!AD721 -> 46.119333 | Q81: ='Resumen-DiarioHorario-Eólico'!AD781 -> 28.026 | R81: ='Resumen-DiarioHorario-Eólico'!AD841 -> 78.389167 | S81: ='Resumen-DiarioHorario-Eólico'!AD901 -> 99.212333 | T81: ='Resumen-DiarioHorario-Eólico'!AD961 -> 49.199 | U81: ='Resumen-DiarioHorario-Eólico'!AD1021 -> 34.522333 | V81: ='Resumen-DiarioHorario-Eólico'!AD1081 -> 6.1903333 | W81: ='Resumen-DiarioHorario-Eólico'!AD1141 -> 25.8205 | X81: ='Resumen-DiarioHorario-Eólico'!AD1201 -> 7.9748333 | Y81: ='Resumen-DiarioHorario-Eólico'!AD1261 -> 2.6568333 | Z81: ='Resumen-DiarioHorario-Eólico'!AD1321 -> 44.339333 | AA81: ='Resumen-DiarioHorario-Eólico'!AD1381 -> 16.592833 | AB81: ='Resumen-DiarioHorario-Eólico'!AD1441 -> 2.4518333 | AC81: ='Resumen-DiarioHorario-Eólico'!AD1501 -> 51.9575 | AD81: ='Resumen-DiarioHorario-Eólico'!AD1561 -> 62.804 | AE81: ='Resumen-DiarioHorario-Eólico'!AD1621 -> 48.1605 | AF81: ='Resumen-DiarioHorario-Eólico'!AD1680 -> 18.409667 | AG81: ='Resumen-DiarioHorario-Eólico'!AD1739 -> 3.485 | AH81: =+'Resumen-DiarioHorario-Eólico'!AD1798 -> 115.60883 | AI81: =+'Resumen-DiarioHorario-Eólico'!AD1857 -> 1.308 | AK81: =SUM(E81:AI81) -> 955.06783
B84: DESGLOSE DIARIO DE CURTAILMENTS DE ENERGÍA SOLAR
B86: Central / Día | E86: =E26 -> 46023 | F86: =F26 -> 46024 | G86: =G26 -> 46025 | H86: =H26 -> 46026 | I86: =I26 -> 46027 | J86: =J26 -> 46028 | K86: =K26 -> 46029 | L86: =L26 -> 46030 | ... AI86: =AI26 -> 46053 | AJ86: Total
B87: Total | E87: =SUM(E88:E159) -> 29838.75 | F87: =SUM(F88:F159) -> 16435.122 | G87: =SUM(G88:G159) -> 18493.439 | H87: =SUM(H88:H159) -> 22224.692 | I87: =SUM(I88:I159) -> 13193.005 | J87: =SUM(J88:J159) -> 19431.526 | K87: =SUM(K88:K159) -> 21631.378 | L87: =SUM(L88:L159) -> 15963.768 | ... AI87: =SUM(AI88:AI159) -> 17907.603 | AJ87: =SUM(AK88:AK159) -> 581157.74
B88: PFV-POZOALMONTE-2 | E88: ='Resumen-DiarioHorario-Solar'!AD8 -> 14.698333 | F88: ='Resumen-DiarioHorario-Solar'!AD86 -> 12.335 | G88: ='Resumen-DiarioHorario-Solar'!AD164 -> 11.751667 | H88: ='Resumen-DiarioHorario-Solar'!AD242 -> 11.591667 | I88: ='Resumen-DiarioHorario-Solar'!AD320 -> 9.6666667 | J88: ='Resumen-DiarioHorario-Solar'!AD398 -> 12.34 | K88: ='Resumen-DiarioHorario-Solar'!AD476 -> 11.521667 | L88: ='Resumen-DiarioHorario-Solar'!AD554 -> 13.965 | M88: ='Resumen-DiarioHorario-Solar'!AD632 -> 13.03 | N88: ='Resumen-DiarioHorario-Solar'!AD710 -> 13.24 | O88: ='Resumen-DiarioHorario-Solar'!AD788 -> 10.816667 | P88: ='Resumen-DiarioHorario-Solar'!AD866 -> 12.658333 | Q88: ='Resumen-DiarioHorario-Solar'!AD944 -> 20.736667 | R88: ='Resumen-DiarioHorario-Solar'!AD1022 -> 6.2766667 | S88: ='Resumen-DiarioHorario-Solar'!AD1100 -> 13.383333 | T88: ='Resumen-DiarioHorario-Solar'!AD1178 -> 10.793333 | U88: ='Resumen-DiarioHorario-Solar'!AD1256 -> 7.2016667 | V88: ='Resumen-DiarioHorario-Solar'!AD1334 -> 8.9066667 | W88: ='Resumen-DiarioHorario-Solar'!AD1412 -> 14.008333 | X88: ='Resumen-DiarioHorario-Solar'!AD1490 -> 16.428333 | Y88: ='Resumen-DiarioHorario-Solar'!AD1568 -> 30.961667 | Z88: ='Resumen-DiarioHorario-Solar'!AD1646 -> 13.913333 | AA88: ='Resumen-DiarioHorario-Solar'!AD1724 -> 18.311667 | AB88: ='Resumen-DiarioHorario-Solar'!AD1802 -> 7.6383333 | AC88: ='Resumen-DiarioHorario-Solar'!AD1880 -> 5.5533333 | AD88: ='Resumen-DiarioHorario-Solar'!AD1958 -> 5.0233333 | AE88: ='Resumen-DiarioHorario-Solar'!AD2036 -> 4.36 | AF88: ='Resumen-DiarioHorario-Solar'!AD2114 -> 7.0166667 | AG88: ='Resumen-DiarioHorario-Solar'!AD2192 -> 13.508333 | AH88: ='Resumen-DiarioHorario-Solar'!AD2270 -> 3.275 | AI88: =+'Resumen-DiarioHorario-Solar'!AD2348 -> 8.48 | AK88: =SUM(E88:AI88) -> 363.39167
B89: PFV-POZOALMONTE-3 | E89: ='Resumen-DiarioHorario-Solar'!AD9 -> 62.428333 | F89: ='Resumen-DiarioHorario-Solar'!AD87 -> 58.055 | G89: ='Resumen-DiarioHorario-Solar'!AD165 -> 53.255 | H89: ='Resumen-DiarioHorario-Solar'!AD243 -> 35.366667 | I89: ='Resumen-DiarioHorario-Solar'!AD321 -> 28.4 | J89: ='Resumen-DiarioHorario-Solar'!AD399 -> 37.14 | K89: ='Resumen-DiarioHorario-Solar'!AD477 -> 33.563333 | L89: ='Resumen-DiarioHorario-Solar'!AD555 -> 132.825 | M89: ='Resumen-DiarioHorario-Solar'!AD633 -> 153.17333 | N89: ='Resumen-DiarioHorario-Solar'!AD711 -> 95.72 | O89: ='Resumen-DiarioHorario-Solar'!AD789 -> 154.13333 | P89: ='Resumen-DiarioHorario-Solar'!AD867 -> 146.27833 | Q89: ='Resumen-DiarioHorario-Solar'!AD945 -> 103.12667 | R89: ='Resumen-DiarioHorario-Solar'!AD1023 -> 111.14667 | S89: ='Resumen-DiarioHorario-Solar'!AD1101 -> 63.05 | T89: ='Resumen-DiarioHorario-Solar'!AD1179 -> 28.095 | U89: ='Resumen-DiarioHorario-Solar'!AD1257 -> 39.398333 | V89: ='Resumen-DiarioHorario-Solar'!AD1335 -> 46.783333 | W89: ='Resumen-DiarioHorario-Solar'!AD1413 -> 57.773333 | X89: ='Resumen-DiarioHorario-Solar'!AD1491 -> 52.72 | Y89: ='Resumen-DiarioHorario-Solar'!AD1569 -> 73.893333 | Z89: ='Resumen-DiarioHorario-Solar'!AD1647 -> 116.70667 | AA89: ='Resumen-DiarioHorario-Solar'!AD1725 -> 129.75667 | AB89: ='Resumen-DiarioHorario-Solar'!AD1803 -> 134.81833 | AC89: ='Resumen-DiarioHorario-Solar'!AD1881 -> 146.60333 | AD89: ='Resumen-DiarioHorario-Solar'!AD1959 -> 148.80167 | AE89: ='Resumen-DiarioHorario-Solar'!AD2037 -> 141.28 | AF89: ='Resumen-DiarioHorario-Solar'!AD2115 -> 142.99167 | AG89: ='Resumen-DiarioHorario-Solar'!AD2193 -> 53.483333 | AH89: ='Resumen-DiarioHorario-Solar'!AD2271 -> 33.95 | AI89: =+'Resumen-DiarioHorario-Solar'!AD2349 -> 52.308333 | AK89: =SUM(E89:AI89) -> 2667.025
B90: PFV-LAHUAYCA-2 | E90: ='Resumen-DiarioHorario-Solar'!AD10 -> 25.646667 | F90: ='Resumen-DiarioHorario-Solar'!AD88 -> 4.4828333 | G90: ='Resumen-DiarioHorario-Solar'!AD166 -> 34.623167 | H90: ='Resumen-DiarioHorario-Solar'!AD244 -> 52.427667 | I90: ='Resumen-DiarioHorario-Solar'!AD322 -> 35.346167 | J90: ='Resumen-DiarioHorario-Solar'!AD400 -> 40.001167 | K90: ='Resumen-DiarioHorario-Solar'!AD478 -> 62.604667 | L90: ='Resumen-DiarioHorario-Solar'!AD556 -> 58.152667 | M90: ='Resumen-DiarioHorario-Solar'!AD634 -> 63.443167 | N90: ='Resumen-DiarioHorario-Solar'!AD712 -> 58.419167 | O90: ='Resumen-DiarioHorario-Solar'!AD790 -> 68.916167 | P90: ='Resumen-DiarioHorario-Solar'!AD868 -> 65.1875 | Q90: ='Resumen-DiarioHorario-Solar'!AD946 -> 67.2585 | R90: ='Resumen-DiarioHorario-Solar'!AD1024 -> 107.15617 | S90: ='Resumen-DiarioHorario-Solar'!AD1102 -> 87.219333 | T90: ='Resumen-DiarioHorario-Solar'!AD1180 -> 0 | U90: ='Resumen-DiarioHorario-Solar'!AD1258 -> 85.708 | V90: ='Resumen-DiarioHorario-Solar'!AD1336 -> 97.675667 | W90: ='Resumen-DiarioHorario-Solar'!AD1414 -> 56.778 | X90: ='Resumen-DiarioHorario-Solar'!AD1492 -> 72.03 | Y90: ='Resumen-DiarioHorario-Solar'!AD1570 -> 59.312 | Z90: ='Resumen-DiarioHorario-Solar'!AD1648 -> 49.5195 | AA90: ='Resumen-DiarioHorario-Solar'!AD1726 -> 67.675833 | AB90: ='Resumen-DiarioHorario-Solar'!AD1804 -> 28.416 | AC90: ='Resumen-DiarioHorario-Solar'!AD1882 -> 65.5885 | AD90: ='Resumen-DiarioHorario-Solar'!AD1960 -> 39.499333 | AE90: ='Resumen-DiarioHorario-Solar'!AD2038 -> 49.9685 | AF90: ='Resumen-DiarioHorario-Solar'!AD2116 -> 29.212 | AG90: ='Resumen-DiarioHorario-Solar'!AD2194 -> 52.148667 | AH90: ='Resumen-DiarioHorario-Solar'!AD2272 -> 63.134667 | AI90: =+'Resumen-DiarioHorario-Solar'!AD2350 -> 60.298167 | AK90: =SUM(E90:AI90) -> 1707.8498
B91: PFV-SANTAISABEL | E91: ='Resumen-DiarioHorario-Solar'!AD11 -> 1073.037 | F91: ='Resumen-DiarioHorario-Solar'!AD89 -> 376.046 | G91: ='Resumen-DiarioHorario-Solar'!AD167 -> 650.92233 | H91: ='Resumen-DiarioHorario-Solar'!AD245 -> 593.333 | I91: ='Resumen-DiarioHorario-Solar'!AD323 -> 354.08517 | J91: ='Resumen-DiarioHorario-Solar'!AD401 -> 598.482 | K91: ='Resumen-DiarioHorario-Solar'!AD479 -> 854.567 | L91: ='Resumen-DiarioHorario-Solar'!AD557 -> 672.63967 | M91: ='Resumen-DiarioHorario-Solar'!AD635 -> 794.116 | N91: ='Resumen-DiarioHorario-Solar'!AD713 -> 965.7725 | O91: ='Resumen-DiarioHorario-Solar'!AD791 -> 707.81483 | P91: ='Resumen-DiarioHorario-Solar'!AD869 -> 546.55017 | Q91: ='Resumen-DiarioHorario-Solar'!AD947 -> 671.9695 | R91: ='Resumen-DiarioHorario-Solar'!AD1025 -> 727.89983 | S91: ='Resumen-DiarioHorario-Solar'!AD1103 -> 850.80317 | T91: ='Resumen-DiarioHorario-Solar'!AD1181 -> 678.4445 | U91: ='Resumen-DiarioHorario-Solar'!AD1259 -> 779.89783 | V91: ='Resumen-DiarioHorario-Solar'!AD1337 -> 801.34567 | W91: ='Resumen-DiarioHorario-Solar'!AD1415 -> 511.92533 | X91: ='Resumen-DiarioHorario-Solar'!AD1493 -> 313.0305 | Y91: ='Resumen-DiarioHorario-Solar'!AD1571 -> 578.24667 | Z91: ='Resumen-DiarioHorario-Solar'!AD1649 -> 399.9035 | AA91: ='Resumen-DiarioHorario-Solar'!AD1727 -> 584.82367 | AB91: ='Resumen-DiarioHorario-Solar'!AD1805 -> 756.8935 | AC91: ='Resumen-DiarioHorario-Solar'!AD1883 -> 1158.8808 | AD91: ='Resumen-DiarioHorario-Solar'!AD1961 -> 612.36517 | AE91: ='Resumen-DiarioHorario-Solar'!AD2039 -> 1052.7915 | AF91: ='Resumen-DiarioHorario-Solar'!AD2117 -> 674.34333 | AG91: ='Resumen-DiarioHorario-Solar'!AD2195 -> 508.50317 | AH91: ='Resumen-DiarioHorario-Solar'!AD2273 -> 492.68233 | AI91: =+'Resumen-DiarioHorario-Solar'!AD2351 -> 1487.4433 | AK91: =SUM(E91:AI91) -> 21829.559
B92: PFV-HUATACONDO | E92: ='Resumen-DiarioHorario-Solar'!AD12 -> 0 | F92: ='Resumen-DiarioHorario-Solar'!AD90 -> 0 | G92: ='Resumen-DiarioHorario-Solar'!AD168 -> 0 | H92: ='Resumen-DiarioHorario-Solar'!AD246 -> 0 | I92: ='Resumen-DiarioHorario-Solar'!AD324 -> 0 | J92: ='Resumen-DiarioHorario-Solar'!AD402 -> 0 | K92: ='Resumen-DiarioHorario-Solar'!AD480 -> 0 | L92: ='Resumen-DiarioHorario-Solar'!AD558 -> 0 | M92: ='Resumen-DiarioHorario-Solar'!AD636 -> 0 | N92: ='Resumen-DiarioHorario-Solar'!AD714 -> 0 | O92: ='Resumen-DiarioHorario-Solar'!AD792 -> 0 | P92: ='Resumen-DiarioHorario-Solar'!AD870 -> 0 | Q92: ='Resumen-DiarioHorario-Solar'!AD948 -> 0 | R92: ='Resumen-DiarioHorario-Solar'!AD1026 -> 0 | S92: ='Resumen-DiarioHorario-Solar'!AD1104 -> 0 | T92: ='Resumen-DiarioHorario-Solar'!AD1182 -> 0 | U92: ='Resumen-DiarioHorario-Solar'!AD1260 -> 0 | V92: ='Resumen-DiarioHorario-Solar'!AD1338 -> 270.61033 | W92: ='Resumen-DiarioHorario-Solar'!AD1416 -> 0 | X92: ='Resumen-DiarioHorario-Solar'!AD1494 -> 0 | Y92: ='Resumen-DiarioHorario-Solar'!AD1572 -> 0 | Z92: ='Resumen-DiarioHorario-Solar'!AD1650 -> 0 | AA92: ='Resumen-DiarioHorario-Solar'!AD1728 -> 0 | AB92: ='Resumen-DiarioHorario-Solar'!AD1806 -> 0 | AC92: ='Resumen-DiarioHorario-Solar'!AD1884 -> 0 | AD92: ='Resumen-DiarioHorario-Solar'!AD1962 -> 0 | AE92: ='Resumen-DiarioHorario-Solar'!AD2040 -> 0 | AF92: ='Resumen-DiarioHorario-Solar'!AD2118 -> 0 | AG92: ='Resumen-DiarioHorario-Solar'!AD2196 -> 0 | AH92: ='Resumen-DiarioHorario-Solar'!AD2274 -> 0 | AI92: =+'Resumen-DiarioHorario-Solar'!AD2352 -> 0 | AK92: =SUM(E92:AI92) -> 270.61033
B93: PFV-ATACAMASOLAR-2 | E93: ='Resumen-DiarioHorario-Solar'!AD13 -> 478.8085 | F93: ='Resumen-DiarioHorario-Solar'!AD91 -> 137.29883 | G93: ='Resumen-DiarioHorario-Solar'!AD169 -> 234.09433 | H93: ='Resumen-DiarioHorario-Solar'!AD247 -> 223.3525 | I93: ='Resumen-DiarioHorario-Solar'!AD325 -> 131.2345 | J93: ='Resumen-DiarioHorario-Solar'!AD403 -> 308.7465 | K93: ='Resumen-DiarioHorario-Solar'!AD481 -> 437.707 | L93: ='Resumen-DiarioHorario-Solar'!AD559 -> 256.94633 | M93: ='Resumen-DiarioHorario-Solar'!AD637 -> 361.74817 | N93: ='Resumen-DiarioHorario-Solar'!AD715 -> 371.68867 | O93: ='Resumen-DiarioHorario-Solar'!AD793 -> 244.966 | P93: ='Resumen-DiarioHorario-Solar'!AD871 -> 268.0405 | Q93: ='Resumen-DiarioHorario-Solar'!AD949 -> 325.87967 | R93: ='Resumen-DiarioHorario-Solar'!AD1027 -> 214.00617 | S93: ='Resumen-DiarioHorario-Solar'!AD1105 -> 281.04517 | T93: ='Resumen-DiarioHorario-Solar'!AD1183 -> 230.74783 | U93: ='Resumen-DiarioHorario-Solar'!AD1261 -> 339.3985 | V93: ='Resumen-DiarioHorario-Solar'!AD1339 -> 301.80417 | W93: ='Resumen-DiarioHorario-Solar'!AD1417 -> 180.346 | X93: ='Resumen-DiarioHorario-Solar'!AD1495 -> 218.27967 | Y93: ='Resumen-DiarioHorario-Solar'!AD1573 -> 271.2505 | Z93: ='Resumen-DiarioHorario-Solar'!AD1651 -> 256.1445 | AA93: ='Resumen-DiarioHorario-Solar'!AD1729 -> 334.62 | AB93: ='Resumen-DiarioHorario-Solar'!AD1807 -> 169.5075 | AC93: ='Resumen-DiarioHorario-Solar'!AD1885 -> 202.7585 | AD93: ='Resumen-DiarioHorario-Solar'!AD1963 -> 322.935 | AE93: ='Resumen-DiarioHorario-Solar'!AD2041 -> 193.10317 | AF93: ='Resumen-DiarioHorario-Solar'!AD2119 -> 167.52533 | AG93: ='Resumen-DiarioHorario-Solar'!AD2197 -> 248.664 | AH93: ='Resumen-DiarioHorario-Solar'!AD2275 -> 269.76317 | AI93: =+'Resumen-DiarioHorario-Solar'!AD2353 -> 184.35917 | AK93: =SUM(E93:AI93) -> 8166.7698
B94: PFV-NUEVOQUILLAGUA | D94: † | E94: ='Resumen-DiarioHorario-Solar'!AD14 -> 0 | F94: ='Resumen-DiarioHorario-Solar'!AD92 -> 0 | G94: ='Resumen-DiarioHorario-Solar'!AD170 -> 0 | H94: ='Resumen-DiarioHorario-Solar'!AD248 -> 0 | I94: ='Resumen-DiarioHorario-Solar'!AD326 -> 0 | J94: ='Resumen-DiarioHorario-Solar'!AD404 -> 0 | K94: ='Resumen-DiarioHorario-Solar'!AD482 -> 0 | L94: ='Resumen-DiarioHorario-Solar'!AD560 -> 0 | M94: ='Resumen-DiarioHorario-Solar'!AD638 -> 0 | N94: ='Resumen-DiarioHorario-Solar'!AD716 -> 0 | O94: ='Resumen-DiarioHorario-Solar'!AD794 -> 0 | P94: ='Resumen-DiarioHorario-Solar'!AD872 -> 0 | Q94: ='Resumen-DiarioHorario-Solar'!AD950 -> 0 | R94: ='Resumen-DiarioHorario-Solar'!AD1028 -> 0 | S94: ='Resumen-DiarioHorario-Solar'!AD1106 -> 0 | T94: ='Resumen-DiarioHorario-Solar'!AD1184 -> 0 | U94: ='Resumen-DiarioHorario-Solar'!AD1262 -> 0 | V94: ='Resumen-DiarioHorario-Solar'!AD1340 -> 0 | W94: ='Resumen-DiarioHorario-Solar'!AD1418 -> 0 | X94: ='Resumen-DiarioHorario-Solar'!AD1496 -> 0 | Y94: ='Resumen-DiarioHorario-Solar'!AD1574 -> 0 | Z94: ='Resumen-DiarioHorario-Solar'!AD1652 -> 0 | AA94: ='Resumen-DiarioHorario-Solar'!AD1730 -> 0 | AB94: ='Resumen-DiarioHorario-Solar'!AD1808 -> 0 | AC94: ='Resumen-DiarioHorario-Solar'!AD1886 -> 0 | AD94: ='Resumen-DiarioHorario-Solar'!AD1964 -> 0 | AE94: ='Resumen-DiarioHorario-Solar'!AD2042 -> 0 | AF94: ='Resumen-DiarioHorario-Solar'!AD2120 -> 0 | AG94: ='Resumen-DiarioHorario-Solar'!AD2198 -> 0 | AH94: ='Resumen-DiarioHorario-Solar'!AD2276 -> 0 | AI94: =+'Resumen-DiarioHorario-Solar'!AD2354 -> 0 | AK94: =SUM(E94:AI94) -> 0
B95: PFV-GRANJA | E95: ='Resumen-DiarioHorario-Solar'!AD15 -> 285.52383 | F95: ='Resumen-DiarioHorario-Solar'!AD93 -> 67.435833 | G95: ='Resumen-DiarioHorario-Solar'!AD171 -> 128.97967 | H95: ='Resumen-DiarioHorario-Solar'!AD249 -> 188.78267 | I95: ='Resumen-DiarioHorario-Solar'!AD327 -> 62.978833 | J95: ='Resumen-DiarioHorario-Solar'!AD405 -> 137.126 | K95: ='Resumen-DiarioHorario-Solar'!AD483 -> 180.92417 | L95: ='Resumen-DiarioHorario-Solar'!AD561 -> 104.96167 | M95: ='Resumen-DiarioHorario-Solar'!AD639 -> 160.4 | N95: ='Resumen-DiarioHorario-Solar'!AD717 -> 182.30483 | O95: ='Resumen-DiarioHorario-Solar'!AD795 -> 209.0625 | P95: ='Resumen-DiarioHorario-Solar'!AD873 -> 161.34883 | Q95: ='Resumen-DiarioHorario-Solar'!AD951 -> 183.5045 | R95: ='Resumen-DiarioHorario-Solar'!AD1029 -> 155.97833 | S95: ='Resumen-DiarioHorario-Solar'!AD1107 -> 274.76233 | T95: ='Resumen-DiarioHorario-Solar'!AD1185 -> 189.67733 | U95: ='Resumen-DiarioHorario-Solar'!AD1263 -> 344.38533 | V95: ='Resumen-DiarioHorario-Solar'!AD1341 -> 395.094 | W95: ='Resumen-DiarioHorario-Solar'!AD1419 -> 115.747 | X95: ='Resumen-DiarioHorario-Solar'!AD1497 -> 56.271 | Y95: ='Resumen-DiarioHorario-Solar'!AD1575 -> 21.303833 | Z95: ='Resumen-DiarioHorario-Solar'!AD1653 -> 36.326833 | AA95: ='Resumen-DiarioHorario-Solar'!AD1731 -> 53.906833 | AB95: ='Resumen-DiarioHorario-Solar'!AD1809 -> 253.7535 | AC95: ='Resumen-DiarioHorario-Solar'!AD1887 -> 271.07283 | AD95: ='Resumen-DiarioHorario-Solar'!AD1965 -> 242.49633 | AE95: ='Resumen-DiarioHorario-Solar'!AD2043 -> 121.71267 | AF95: ='Resumen-DiarioHorario-Solar'!AD2121 -> 104.592 | AG95: ='Resumen-DiarioHorario-Solar'!AD2199 -> 205.762 | AH95: ='Resumen-DiarioHorario-Solar'!AD2277 -> 243.57933 | AI95: =+'Resumen-DiarioHorario-Solar'!AD2355 -> 193.674 | AK95: =SUM(E95:AI95) -> 5333.4288
B96: PFV-USYA | E96: ='Resumen-DiarioHorario-Solar'!AD16 -> 116.94383 | F96: ='Resumen-DiarioHorario-Solar'!AD94 -> 88.482833 | G96: ='Resumen-DiarioHorario-Solar'!AD172 -> 98.091833 | H96: ='Resumen-DiarioHorario-Solar'!AD250 -> 264.37533 | I96: ='Resumen-DiarioHorario-Solar'!AD328 -> 242.90017 | J96: ='Resumen-DiarioHorario-Solar'!AD406 -> 271.831 | K96: ='Resumen-DiarioHorario-Solar'!AD484 -> 104.9225 | L96: ='Resumen-DiarioHorario-Solar'!AD562 -> 48.9345 | M96: ='Resumen-DiarioHorario-Solar'!AD640 -> 123.85217 | N96: ='Resumen-DiarioHorario-Solar'!AD718 -> 94.131333 | O96: ='Resumen-DiarioHorario-Solar'!AD796 -> 244.57883 | P96: ='Resumen-DiarioHorario-Solar'!AD874 -> 88.5005 | Q96: ='Resumen-DiarioHorario-Solar'!AD952 -> 225.37583 | R96: ='Resumen-DiarioHorario-Solar'!AD1030 -> 234.5 | S96: ='Resumen-DiarioHorario-Solar'!AD1108 -> 141.082 | T96: ='Resumen-DiarioHorario-Solar'!AD1186 -> 89.6645 | U96: ='Resumen-DiarioHorario-Solar'!AD1264 -> 119.499 | V96: ='Resumen-DiarioHorario-Solar'!AD1342 -> 67.318667 | W96: ='Resumen-DiarioHorario-Solar'!AD1420 -> 97.398833 | X96: ='Resumen-DiarioHorario-Solar'!AD1498 -> 93.093 | Y96: ='Resumen-DiarioHorario-Solar'!AD1576 -> 304.31967 | Z96: ='Resumen-DiarioHorario-Solar'!AD1654 -> 188.68567 | AA96: ='Resumen-DiarioHorario-Solar'!AD1732 -> 123.53767 | AB96: ='Resumen-DiarioHorario-Solar'!AD1810 -> 142.7145 | AC96: ='Resumen-DiarioHorario-Solar'!AD1888 -> 80.894833 | AD96: ='Resumen-DiarioHorario-Solar'!AD1966 -> 213.35183 | AE96: ='Resumen-DiarioHorario-Solar'!AD2044 -> 241.7795 | AF96: ='Resumen-DiarioHorario-Solar'!AD2122 -> 87.958333 | AG96: ='Resumen-DiarioHorario-Solar'!AD2200 -> 77.080667 | AH96: ='Resumen-DiarioHorario-Solar'!AD2278 -> 296.88167 | AI96: =+'Resumen-DiarioHorario-Solar'!AD2356 -> 170.4225 | AK96: =SUM(E96:AI96) -> 4783.1035
B97: PFV-SANPEDRO-GPG | E97: ='Resumen-DiarioHorario-Solar'!AD17 -> 582.675 | F97: ='Resumen-DiarioHorario-Solar'!AD95 -> 287.55033 | G97: ='Resumen-DiarioHorario-Solar'!AD173 -> 320.481 | H97: ='Resumen-DiarioHorario-Solar'!AD251 -> 427.91383 | I97: ='Resumen-DiarioHorario-Solar'!AD329 -> 205.8745 | J97: ='Resumen-DiarioHorario-Solar'!AD407 -> 281.90567 | K97: ='Resumen-DiarioHorario-Solar'!AD485 -> 326.89433 | L97: ='Resumen-DiarioHorario-Solar'!AD563 -> 256.45317 | M97: ='Resumen-DiarioHorario-Solar'!AD641 -> 374.87217 | N97: ='Resumen-DiarioHorario-Solar'!AD719 -> 403.11367 | O97: ='Resumen-DiarioHorario-Solar'!AD797 -> 475.2525 | P97: ='Resumen-DiarioHorario-Solar'!AD875 -> 337.10217 | Q97: ='Resumen-DiarioHorario-Solar'!AD953 -> 450.43033 | R97: ='Resumen-DiarioHorario-Solar'!AD1031 -> 354.91467 | S97: ='Resumen-DiarioHorario-Solar'!AD1109 -> 375.22133 | T97: ='Resumen-DiarioHorario-Solar'!AD1187 -> 367.453 | U97: ='Resumen-DiarioHorario-Solar'!AD1265 -> 438.77717 | V97: ='Resumen-DiarioHorario-Solar'!AD1343 -> 523.82417 | W97: ='Resumen-DiarioHorario-Solar'!AD1421 -> 261.09 | X97: ='Resumen-DiarioHorario-Solar'!AD1499 -> 189.47667 | Y97: ='Resumen-DiarioHorario-Solar'!AD1577 -> 311.87217 | Z97: ='Resumen-DiarioHorario-Solar'!AD1655 -> 211.13433 | AA97: ='Resumen-DiarioHorario-Solar'!AD1733 -> 185.5055 | AB97: ='Resumen-DiarioHorario-Solar'!AD1811 -> 217.16333 | AC97: ='Resumen-DiarioHorario-Solar'!AD1889 -> 323.88833 | AD97: ='Resumen-DiarioHorario-Solar'!AD1967 -> 265.59683 | AE97: ='Resumen-DiarioHorario-Solar'!AD2045 -> 270.24383 | AF97: ='Resumen-DiarioHorario-Solar'!AD2123 -> 271.022 | AG97: ='Resumen-DiarioHorario-Solar'!AD2201 -> 212.43333 | AH97: ='Resumen-DiarioHorario-Solar'!AD2279 -> 400.38233 | AI97: =+'Resumen-DiarioHorario-Solar'!AD2357 -> 334.59917 | AK97: =SUM(E97:AI97) -> 10245.117
B98: PFV-JAMA-1 | E98: ='Resumen-DiarioHorario-Solar'!AD18 -> 0 | F98: ='Resumen-DiarioHorario-Solar'!AD96 -> 0 | G98: ='Resumen-DiarioHorario-Solar'!AD174 -> 237.95883 | H98: ='Resumen-DiarioHorario-Solar'!AD252 -> 83.28 | I98: ='Resumen-DiarioHorario-Solar'!AD330 -> 82.032 | J98: ='Resumen-DiarioHorario-Solar'!AD408 -> 73.08 | K98: ='Resumen-DiarioHorario-Solar'!AD486 -> 82.064333 | L98: ='Resumen-DiarioHorario-Solar'!AD564 -> 77.633667 | M98: ='Resumen-DiarioHorario-Solar'!AD642 -> 78.531333 | N98: ='Resumen-DiarioHorario-Solar'!AD720 -> 134.399 | O98: ='Resumen-DiarioHorario-Solar'!AD798 -> 0 | P98: ='Resumen-DiarioHorario-Solar'!AD876 -> 114.60467 | Q98: ='Resumen-DiarioHorario-Solar'!AD954 -> 58.734 | R98: ='Resumen-DiarioHorario-Solar'!AD1032 -> 239.34517 | S98: ='Resumen-DiarioHorario-Solar'!AD1110 -> 138.43833 | T98: ='Resumen-DiarioHorario-Solar'!AD1188 -> 0 | U98: ='Resumen-DiarioHorario-Solar'!AD1266 -> 0 | V98: ='Resumen-DiarioHorario-Solar'!AD1344 -> 0 | W98: ='Resumen-DiarioHorario-Solar'!AD1422 -> 0 | X98: ='Resumen-DiarioHorario-Solar'!AD1500 -> 0 | Y98: ='Resumen-DiarioHorario-Solar'!AD1578 -> 37.464 | Z98: ='Resumen-DiarioHorario-Solar'!AD1656 -> 116.5285 | AA98: ='Resumen-DiarioHorario-Solar'!AD1734 -> 46.137667 | AB98: ='Resumen-DiarioHorario-Solar'!AD1812 -> 210.01917 | AC98: ='Resumen-DiarioHorario-Solar'!AD1890 -> 120.38267 | AD98: ='Resumen-DiarioHorario-Solar'!AD1968 -> 145.2755 | AE98: ='Resumen-DiarioHorario-Solar'!AD2046 -> 135.141 | AF98: ='Resumen-DiarioHorario-Solar'!AD2124 -> 123.5625 | AG98: ='Resumen-DiarioHorario-Solar'!AD2202 -> 84.966 | AH98: ='Resumen-DiarioHorario-Solar'!AD2280 -> 0 | AI98: =+'Resumen-DiarioHorario-Solar'!AD2358 -> 0 | AK98: =SUM(E98:AI98) -> 2419.5783
B99: PFV-JAMA-2 | E99: ='Resumen-DiarioHorario-Solar'!AD19 -> 0 | F99: ='Resumen-DiarioHorario-Solar'!AD97 -> 0 | G99: ='Resumen-DiarioHorario-Solar'!AD175 -> 173.0795 | H99: ='Resumen-DiarioHorario-Solar'!AD253 -> 120.97833 | I99: ='Resumen-DiarioHorario-Solar'!AD331 -> 124.96467 | J99: ='Resumen-DiarioHorario-Solar'!AD409 -> 125.26 | K99: ='Resumen-DiarioHorario-Solar'!AD487 -> 126.97233 | L99: ='Resumen-DiarioHorario-Solar'!AD565 -> 126.92133 | M99: ='Resumen-DiarioHorario-Solar'!AD643 -> 126.05867 | N99: ='Resumen-DiarioHorario-Solar'!AD721 -> 145.376 | O99: ='Resumen-DiarioHorario-Solar'!AD799 -> 0 | P99: ='Resumen-DiarioHorario-Solar'!AD877 -> 138.602 | Q99: ='Resumen-DiarioHorario-Solar'!AD955 -> 117.466 | R99: ='Resumen-DiarioHorario-Solar'!AD1033 -> 174.3115 | S99: ='Resumen-DiarioHorario-Solar'!AD1111 -> 110.955 | T99: ='Resumen-DiarioHorario-Solar'!AD1189 -> 0 | U99: ='Resumen-DiarioHorario-Solar'!AD1267 -> 0 | V99: ='Resumen-DiarioHorario-Solar'!AD1345 -> 0 | W99: ='Resumen-DiarioHorario-Solar'!AD1423 -> 0 | X99: ='Resumen-DiarioHorario-Solar'!AD1501 -> 0 | Y99: ='Resumen-DiarioHorario-Solar'!AD1579 -> 96.999333 | Z99: ='Resumen-DiarioHorario-Solar'!AD1657 -> 0 | AA99: ='Resumen-DiarioHorario-Solar'!AD1735 -> 86.382333 | AB99: ='Resumen-DiarioHorario-Solar'!AD1813 -> 152.04417 | AC99: ='Resumen-DiarioHorario-Solar'!AD1891 -> 144.53233 | AD99: ='Resumen-DiarioHorario-Solar'!AD1969 -> 148.47617 | AE99: ='Resumen-DiarioHorario-Solar'!AD2047 -> 146.019 | AF99: ='Resumen-DiarioHorario-Solar'!AD2125 -> 128.21417 | AG99: ='Resumen-DiarioHorario-Solar'!AD2203 -> 94.920667 | AH99: ='Resumen-DiarioHorario-Solar'!AD2281 -> 0 | AI99: =+'Resumen-DiarioHorario-Solar'!AD2359 -> 0 | AK99: =SUM(E99:AI99) -> 2608.5335
B100: PFV-SOLDELDESIERTO | E100: ='Resumen-DiarioHorario-Solar'!AD20 -> 1438.192 | F100: ='Resumen-DiarioHorario-Solar'!AD98 -> 658.96083 | G100: ='Resumen-DiarioHorario-Solar'!AD176 -> 928.084 | H100: ='Resumen-DiarioHorario-Solar'!AD254 -> 1037.7255 | I100: ='Resumen-DiarioHorario-Solar'!AD332 -> 528.76483 | J100: ='Resumen-DiarioHorario-Solar'!AD410 -> 782.76917 | K100: ='Resumen-DiarioHorario-Solar'!AD488 -> 1039.3715 | L100: ='Resumen-DiarioHorario-Solar'!AD566 -> 697.8585 | M100: ='Resumen-DiarioHorario-Solar'!AD644 -> 898.23033 | N100: ='Resumen-DiarioHorario-Solar'!AD722 -> 914.61067 | O100: ='Resumen-DiarioHorario-Solar'!AD800 -> 1139.3922 | P100: ='Resumen-DiarioHorario-Solar'!AD878 -> 789.44633 | Q100: ='Resumen-DiarioHorario-Solar'!AD956 -> 1046.6273 | R100: ='Resumen-DiarioHorario-Solar'!AD1034 -> 921.34883 | S100: ='Resumen-DiarioHorario-Solar'!AD1112 -> 1129.6475 | T100: ='Resumen-DiarioHorario-Solar'!AD1190 -> 1021.2505 | U100: ='Resumen-DiarioHorario-Solar'!AD1268 -> 1159.2027 | V100: ='Resumen-DiarioHorario-Solar'!AD1346 -> 1193.1175 | W100: ='Resumen-DiarioHorario-Solar'!AD1424 -> 628.01283 | X100: ='Resumen-DiarioHorario-Solar'!AD1502 -> 343.72643 | Y100: ='Resumen-DiarioHorario-Solar'!AD1580 -> 751.40727 | Z100: ='Resumen-DiarioHorario-Solar'!AD1658 -> 0 | AA100: ='Resumen-DiarioHorario-Solar'!AD1736 -> 670.4765 | AB100: ='Resumen-DiarioHorario-Solar'!AD1814 -> 872.40481 | AC100: ='Resumen-DiarioHorario-Solar'!AD1892 -> 846.88763 | AD100: ='Resumen-DiarioHorario-Solar'!AD1970 -> 834.12733 | AE100: ='Resumen-DiarioHorario-Solar'!AD2048 -> 602.49283 | AF100: ='Resumen-DiarioHorario-Solar'!AD2126 -> 614.43867 | AG100: ='Resumen-DiarioHorario-Solar'!AD2204 -> 437.60467 | AH100: ='Resumen-DiarioHorario-Solar'!AD2282 -> 863.907 | AI100: =+'Resumen-DiarioHorario-Solar'!AD2360 -> 687.1685 | AK100: =SUM(E100:AI100) -> 25477.255
B101: PFV-MARIAELENA | E101: ='Resumen-DiarioHorario-Solar'!AD21 -> 207.09917 | F101: ='Resumen-DiarioHorario-Solar'!AD99 -> 138.48983 | G101: ='Resumen-DiarioHorario-Solar'!AD177 -> 198.2145 | H101: ='Resumen-DiarioHorario-Solar'!AD255 -> 261.86333 | I101: ='Resumen-DiarioHorario-Solar'!AD333 -> 173.9215 | J101: ='Resumen-DiarioHorario-Solar'!AD411 -> 184.74983 | K101: ='Resumen-DiarioHorario-Solar'!AD489 -> 239.83417 | L101: ='Resumen-DiarioHorario-Solar'!AD567 -> 171.8535 | M101: ='Resumen-DiarioHorario-Solar'!AD645 -> 197.808 | N101: ='Resumen-DiarioHorario-Solar'!AD723 -> 270.59583 | O101: ='Resumen-DiarioHorario-Solar'!AD801 -> 254.74367 | P101: ='Resumen-DiarioHorario-Solar'!AD879 -> 170.91683 | Q101: ='Resumen-DiarioHorario-Solar'!AD957 -> 207.68833 | R101: ='Resumen-DiarioHorario-Solar'!AD1035 -> 180.313 | S101: ='Resumen-DiarioHorario-Solar'!AD1113 -> 176.80133 | T101: ='Resumen-DiarioHorario-Solar'!AD1191 -> 51.8055 | U101: ='Resumen-DiarioHorario-Solar'!AD1269 -> 168.97617 | V101: ='Resumen-DiarioHorario-Solar'!AD1347 -> 96.150833 | W101: ='Resumen-DiarioHorario-Solar'!AD1425 -> 94.5105 | X101: ='Resumen-DiarioHorario-Solar'!AD1503 -> 66.827167 | Y101: ='Resumen-DiarioHorario-Solar'!AD1581 -> 94.619833 | Z101: ='Resumen-DiarioHorario-Solar'!AD1659 -> 51.964667 | AA101: ='Resumen-DiarioHorario-Solar'!AD1737 -> 82.516333 | AB101: ='Resumen-DiarioHorario-Solar'!AD1815 -> 157.6 | AC101: ='Resumen-DiarioHorario-Solar'!AD1893 -> 107.12217 | AD101: ='Resumen-DiarioHorario-Solar'!AD1971 -> 140.35283 | AE101: ='Resumen-DiarioHorario-Solar'!AD2049 -> 111.60217 | AF101: ='Resumen-DiarioHorario-Solar'!AD2127 -> 45.244167 | AG101: ='Resumen-DiarioHorario-Solar'!AD2205 -> 22.046 | AH101: ='Resumen-DiarioHorario-Solar'!AD2283 -> 82.007 | AI101: =+'Resumen-DiarioHorario-Solar'!AD2361 -> 109.37017 | AK101: =SUM(E101:AI101) -> 4517.6083
B102: PFV-LACRUZSOLAR | E102: ='Resumen-DiarioHorario-Solar'!AD22 -> 279.05583 | F102: ='Resumen-DiarioHorario-Solar'!AD100 -> 126.102 | G102: ='Resumen-DiarioHorario-Solar'!AD178 -> 165.01283 | H102: ='Resumen-DiarioHorario-Solar'!AD256 -> 202.08033 | I102: ='Resumen-DiarioHorario-Solar'!AD334 -> 32.831 | J102: ='Resumen-DiarioHorario-Solar'!AD412 -> 142.39867 | K102: ='Resumen-DiarioHorario-Solar'!AD490 -> 206.69667 | L102: ='Resumen-DiarioHorario-Solar'!AD568 -> 120.33117 | M102: ='Resumen-DiarioHorario-Solar'!AD646 -> 181.60533 | N102: ='Resumen-DiarioHorario-Solar'!AD724 -> 186.31117 | O102: ='Resumen-DiarioHorario-Solar'!AD802 -> 229.99017 | P102: ='Resumen-DiarioHorario-Solar'!AD880 -> 140.11133 | Q102: ='Resumen-DiarioHorario-Solar'!AD958 -> 169.74083 | R102: ='Resumen-DiarioHorario-Solar'!AD1036 -> 0 | S102: ='Resumen-DiarioHorario-Solar'!AD1114 -> 0.0033333333 | T102: ='Resumen-DiarioHorario-Solar'!AD1192 -> 0 | U102: ='Resumen-DiarioHorario-Solar'!AD1270 -> 173.04517 | V102: ='Resumen-DiarioHorario-Solar'!AD1348 -> 263.44267 | W102: ='Resumen-DiarioHorario-Solar'!AD1426 -> 79.766667 | X102: ='Resumen-DiarioHorario-Solar'!AD1504 -> 76.0855 | Y102: ='Resumen-DiarioHorario-Solar'!AD1582 -> 132.60067 | Z102: ='Resumen-DiarioHorario-Solar'!AD1660 -> 79.750333 | AA102: ='Resumen-DiarioHorario-Solar'!AD1738 -> 116.69883 | AB102: ='Resumen-DiarioHorario-Solar'!AD1816 -> 152.02933 | AC102: ='Resumen-DiarioHorario-Solar'!AD1894 -> 151.6815 | AD102: ='Resumen-DiarioHorario-Solar'!AD1972 -> 169.94733 | AE102: ='Resumen-DiarioHorario-Solar'!AD2050 -> 103.98683 | AF102: ='Resumen-DiarioHorario-Solar'!AD2128 -> 108.21333 | AG102: ='Resumen-DiarioHorario-Solar'!AD2206 -> 67.243333 | AH102: ='Resumen-DiarioHorario-Solar'!AD2284 -> 157.9135 | AI102: =+'Resumen-DiarioHorario-Solar'!AD2362 -> 127.2205 | AK102: =SUM(E102:AI102) -> 4141.8962
B103: PFV-FINISTERRAE | E103: ='Resumen-DiarioHorario-Solar'!AD23 -> 1614.2983 | F103: ='Resumen-DiarioHorario-Solar'!AD101 -> 878.95433 | G103: ='Resumen-DiarioHorario-Solar'!AD179 -> 1053.3187 | H103: ='Resumen-DiarioHorario-Solar'!AD257 -> 1148.4407 | I103: ='Resumen-DiarioHorario-Solar'!AD335 -> 656.324 | J103: ='Resumen-DiarioHorario-Solar'!AD413 -> 893.13317 | K103: ='Resumen-DiarioHorario-Solar'!AD491 -> 1200.9535 | L103: ='Resumen-DiarioHorario-Solar'!AD569 -> 845.12817 | M103: ='Resumen-DiarioHorario-Solar'!AD647 -> 1117.844 | N103: ='Resumen-DiarioHorario-Solar'!AD725 -> 1102.6792 | O103: ='Resumen-DiarioHorario-Solar'!AD803 -> 1350.2718 | P103: ='Resumen-DiarioHorario-Solar'!AD881 -> 940.96783 | Q103: ='Resumen-DiarioHorario-Solar'!AD959 -> 1222.1632 | R103: ='Resumen-DiarioHorario-Solar'!AD1037 -> 1090.3558 | S103: ='Resumen-DiarioHorario-Solar'!AD1115 -> 1167.8157 | T103: ='Resumen-DiarioHorario-Solar'!AD1193 -> 880.06233 | U103: ='Resumen-DiarioHorario-Solar'!AD1271 -> 1264.9737 | V103: ='Resumen-DiarioHorario-Solar'!AD1349 -> 1316.1962 | W103: ='Resumen-DiarioHorario-Solar'!AD1427 -> 528.0265 | X103: ='Resumen-DiarioHorario-Solar'!AD1505 -> 509.71333 | Y103: ='Resumen-DiarioHorario-Solar'!AD1583 -> 771.92717 | Z103: ='Resumen-DiarioHorario-Solar'!AD1661 -> 670.06867 | AA103: ='Resumen-DiarioHorario-Solar'!AD1739 -> 636.3015 | AB103: ='Resumen-DiarioHorario-Solar'!AD1817 -> 657.21233 | AC103: ='Resumen-DiarioHorario-Solar'!AD1895 -> 812.089 | AD103: ='Resumen-DiarioHorario-Solar'!AD1973 -> 993.3475 | AE103: ='Resumen-DiarioHorario-Solar'!AD2051 -> 770.015 | AF103: ='Resumen-DiarioHorario-Solar'!AD2129 -> 816.91917 | AG103: ='Resumen-DiarioHorario-Solar'!AD2207 -> 247.84717 | AH103: ='Resumen-DiarioHorario-Solar'!AD2285 -> 970.79567 | AI103: =+'Resumen-DiarioHorario-Solar'!AD2363 -> 759.18667 | AK103: =SUM(E103:AI103) -> 28887.33
B104: PFV-AZABACHE | E104: ='Resumen-DiarioHorario-Solar'!AD24 -> 195.85517 | F104: ='Resumen-DiarioHorario-Solar'!AD102 -> 94.354833 | G104: ='Resumen-DiarioHorario-Solar'!AD180 -> 221.85517 | H104: ='Resumen-DiarioHorario-Solar'!AD258 -> 157.07133 | I104: ='Resumen-DiarioHorario-Solar'!AD336 -> 131.5145 | J104: ='Resumen-DiarioHorario-Solar'!AD414 -> 42.707 | K104: ='Resumen-DiarioHorario-Solar'!AD492 -> 209.62933 | L104: ='Resumen-DiarioHorario-Solar'!AD570 -> 114.54883 | M104: ='Resumen-DiarioHorario-Solar'!AD648 -> 246.46633 | N104: ='Resumen-DiarioHorario-Solar'!AD726 -> 198.27283 | O104: ='Resumen-DiarioHorario-Solar'!AD804 -> 299.33517 | P104: ='Resumen-DiarioHorario-Solar'!AD882 -> 208.432 | Q104: ='Resumen-DiarioHorario-Solar'!AD960 -> 280.31567 | R104: ='Resumen-DiarioHorario-Solar'!AD1038 -> 257.92283 | S104: ='Resumen-DiarioHorario-Solar'!AD1116 -> 224.059 | T104: ='Resumen-DiarioHorario-Solar'!AD1194 -> 260.25133 | U104: ='Resumen-DiarioHorario-Solar'!AD1272 -> 319.16583 | V104: ='Resumen-DiarioHorario-Solar'!AD1350 -> 303.051 | W104: ='Resumen-DiarioHorario-Solar'!AD1428 -> 172.27933 | X104: ='Resumen-DiarioHorario-Solar'!AD1506 -> 92.085167 | Y104: ='Resumen-DiarioHorario-Solar'!AD1584 -> 124.7865 | Z104: ='Resumen-DiarioHorario-Solar'!AD1662 -> 7.1751667 | AA104: ='Resumen-DiarioHorario-Solar'!AD1740 -> 147.13533 | AB104: ='Resumen-DiarioHorario-Solar'!AD1818 -> 190.07333 | AC104: ='Resumen-DiarioHorario-Solar'!AD1896 -> 189.38517 | AD104: ='Resumen-DiarioHorario-Solar'!AD1974 -> 102.1985 | AE104: ='Resumen-DiarioHorario-Solar'!AD2052 -> 97.6185 | AF104: ='Resumen-DiarioHorario-Solar'!AD2130 -> 130.81933 | AG104: ='Resumen-DiarioHorario-Solar'!AD2208 -> 182.023 | AH104: ='Resumen-DiarioHorario-Solar'!AD2286 -> 134.3515 | AI104: =+'Resumen-DiarioHorario-Solar'!AD2364 -> 0 | AK104: =SUM(E104:AI104) -> 5334.739
B105: PFV-TAMAYA | E105: ='Resumen-DiarioHorario-Solar'!AD25 -> 0 | F105: ='Resumen-DiarioHorario-Solar'!AD103 -> 0 | G105: ='Resumen-DiarioHorario-Solar'!AD181 -> 0 | H105: ='Resumen-DiarioHorario-Solar'!AD259 -> 0 | I105: ='Resumen-DiarioHorario-Solar'!AD337 -> 0 | J105: ='Resumen-DiarioHorario-Solar'!AD415 -> 0 | K105: ='Resumen-DiarioHorario-Solar'!AD493 -> 0 | L105: ='Resumen-DiarioHorario-Solar'!AD571 -> 0 | M105: ='Resumen-DiarioHorario-Solar'!AD649 -> 0 | N105: ='Resumen-DiarioHorario-Solar'!AD727 -> 0 | O105: ='Resumen-DiarioHorario-Solar'!AD805 -> 0 | P105: ='Resumen-DiarioHorario-Solar'!AD883 -> 0 | Q105: ='Resumen-DiarioHorario-Solar'!AD961 -> 0 | R105: ='Resumen-DiarioHorario-Solar'!AD1039 -> 0 | S105: ='Resumen-DiarioHorario-Solar'!AD1117 -> 0 | T105: ='Resumen-DiarioHorario-Solar'!AD1195 -> 0 | U105: ='Resumen-DiarioHorario-Solar'!AD1273 -> 0 | V105: ='Resumen-DiarioHorario-Solar'!AD1351 -> 0 | W105: ='Resumen-DiarioHorario-Solar'!AD1429 -> 0 | X105: ='Resumen-DiarioHorario-Solar'!AD1507 -> 0 | Y105: ='Resumen-DiarioHorario-Solar'!AD1585 -> 0 | Z105: ='Resumen-DiarioHorario-Solar'!AD1663 -> 0 | AA105: ='Resumen-DiarioHorario-Solar'!AD1741 -> 0 | AB105: ='Resumen-DiarioHorario-Solar'!AD1819 -> 0 | AC105: ='Resumen-DiarioHorario-Solar'!AD1897 -> 0 | AD105: ='Resumen-DiarioHorario-Solar'!AD1975 -> 0 | AE105: ='Resumen-DiarioHorario-Solar'!AD2053 -> 0 | AF105: ='Resumen-DiarioHorario-Solar'!AD2131 -> 0 | AG105: ='Resumen-DiarioHorario-Solar'!AD2209 -> 0 | AH105: ='Resumen-DiarioHorario-Solar'!AD2287 -> 0 | AI105: =+'Resumen-DiarioHorario-Solar'!AD2365 -> 0 | AK105: =SUM(E105:AI105) -> 0
B106: PFV-CERRODOMINADOR | E106: ='Resumen-DiarioHorario-Solar'!AD26 -> 643.71267 | F106: ='Resumen-DiarioHorario-Solar'!AD104 -> 333.42733 | G106: ='Resumen-DiarioHorario-Solar'!AD182 -> 368.654 | H106: ='Resumen-DiarioHorario-Solar'!AD260 -> 455.07933 | I106: ='Resumen-DiarioHorario-Solar'!AD338 -> 234.9445 | J106: ='Resumen-DiarioHorario-Solar'!AD416 -> 341.7305 | K106: ='Resumen-DiarioHorario-Solar'!AD494 -> 417.79433 | L106: ='Resumen-DiarioHorario-Solar'!AD572 -> 302.7175 | M106: ='Resumen-DiarioHorario-Solar'!AD650 -> 402.857 | N106: ='Resumen-DiarioHorario-Solar'!AD728 -> 409.788 | O106: ='Resumen-DiarioHorario-Solar'!AD806 -> 489.5525 | P106: ='Resumen-DiarioHorario-Solar'!AD884 -> 354.83917 | Q106: ='Resumen-DiarioHorario-Solar'!AD962 -> 449.59833 | R106: ='Resumen-DiarioHorario-Solar'!AD1040 -> 414.5605 | S106: ='Resumen-DiarioHorario-Solar'!AD1118 -> 0 | T106: ='Resumen-DiarioHorario-Solar'!AD1196 -> 467.69867 | U106: ='Resumen-DiarioHorario-Solar'!AD1274 -> 499.32917 | V106: ='Resumen-DiarioHorario-Solar'!AD1352 -> 520.62183 | W106: ='Resumen-DiarioHorario-Solar'!AD1430 -> 288.22783 | X106: ='Resumen-DiarioHorario-Solar'!AD1508 -> 215.26117 | Y106: ='Resumen-DiarioHorario-Solar'!AD1586 -> 320.85667 | Z106: ='Resumen-DiarioHorario-Solar'!AD1664 -> 290.0545 | AA106: ='Resumen-DiarioHorario-Solar'!AD1742 -> 291.434 | AB106: ='Resumen-DiarioHorario-Solar'!AD1820 -> 283.08083 | AC106: ='Resumen-DiarioHorario-Solar'!AD1898 -> 400.314 | AD106: ='Resumen-DiarioHorario-Solar'!AD1976 -> 366.7225 | AE106: ='Resumen-DiarioHorario-Solar'!AD2054 -> 12.910167 | AF106: ='Resumen-DiarioHorario-Solar'!AD2132 -> 289.47983 | AG106: ='Resumen-DiarioHorario-Solar'!AD2210 -> 142.5555 | AH106: ='Resumen-DiarioHorario-Solar'!AD2288 -> 385.49417 | AI106: =+'Resumen-DiarioHorario-Solar'!AD2366 -> 300.63033 | AK106: =SUM(E106:AI106) -> 10693.927
... B120: PFV-CHANARES | E120: ='Resumen-DiarioHorario-Solar'!AD40 -> 241.305 | F120: ='Resumen-DiarioHorario-Solar'!AD118 -> 204.68417 | G120: ='Resumen-DiarioHorario-Solar'!AD196 -> 180.35267 | H120: ='Resumen-DiarioHorario-Solar'!AD274 -> 193.98 | I120: ='Resumen-DiarioHorario-Solar'!AD352 -> 139.35433 | J120: ='Resumen-DiarioHorario-Solar'!AD430 -> 152.46817 | K120: ='Resumen-DiarioHorario-Solar'!AD508 -> 192.526 | L120: ='Resumen-DiarioHorario-Solar'!AD586 -> 146.1935 | M120: ='Resumen-DiarioHorario-Solar'!AD664 -> 165.1565 | N120: ='Resumen-DiarioHorario-Solar'!AD742 -> 214.592 | O120: ='Resumen-DiarioHorario-Solar'!AD820 -> 194.1385 | P120: ='Resumen-DiarioHorario-Solar'!AD898 -> 179.26417 | Q120: ='Resumen-DiarioHorario-Solar'!AD976 -> 186.88833 | R120: ='Resumen-DiarioHorario-Solar'!AD1054 -> 168.30267 | S120: ='Resumen-DiarioHorario-Solar'!AD1132 -> 194.27433 | T120: ='Resumen-DiarioHorario-Solar'!AD1210 -> 164.95017 | U120: ='Resumen-DiarioHorario-Solar'!AD1288 -> 202.6735 | V120: ='Resumen-DiarioHorario-Solar'!AD1366 -> 211.22467 | W120: ='Resumen-DiarioHorario-Solar'!AD1444 -> 137.51617 | X120: ='Resumen-DiarioHorario-Solar'!AD1522 -> 160.10333 | Y120: ='Resumen-DiarioHorario-Solar'!AD1600 -> 145.06483 | Z120: ='Resumen-DiarioHorario-Solar'!AD1678 -> 125.37767 | AA120: ='Resumen-DiarioHorario-Solar'!AD1756 -> 120.3175 | AB120: ='Resumen-DiarioHorario-Solar'!AD1834 -> 116.32417 | AC120: ='Resumen-DiarioHorario-Solar'!AD1912 -> 134.29867 | AD120: ='Resumen-DiarioHorario-Solar'!AD1990 -> 165.83467 | AE120: ='Resumen-DiarioHorario-Solar'!AD2068 -> 189.61883 | AF120: ='Resumen-DiarioHorario-Solar'!AD2146 -> 150.4815 | AG120: ='Resumen-DiarioHorario-Solar'!AD2224 -> 80.9425 | AH120: ='Resumen-DiarioHorario-Solar'!AD2302 -> 174.87233 | AI120: =+'Resumen-DiarioHorario-Solar'!AD2380 -> 104.0125 | AK120: =SUM(E120:AI120) -> 5137.0933
B121: PFV-SALVADOR | D121: † | E121: ='Resumen-DiarioHorario-Solar'!AD41 -> 0 | F121: ='Resumen-DiarioHorario-Solar'!AD119 -> 0 | G121: ='Resumen-DiarioHorario-Solar'!AD197 -> 0 | H121: ='Resumen-DiarioHorario-Solar'!AD275 -> 0 | I121: ='Resumen-DiarioHorario-Solar'!AD353 -> 0 | J121: ='Resumen-DiarioHorario-Solar'!AD431 -> 0 | K121: ='Resumen-DiarioHorario-Solar'!AD509 -> 0 | L121: ='Resumen-DiarioHorario-Solar'!AD587 -> 0 | M121: ='Resumen-DiarioHorario-Solar'!AD665 -> 0 | N121: ='Resumen-DiarioHorario-Solar'!AD743 -> 0 | O121: ='Resumen-DiarioHorario-Solar'!AD821 -> 0 | P121: ='Resumen-DiarioHorario-Solar'!AD899 -> 0 | Q121: ='Resumen-DiarioHorario-Solar'!AD977 -> 0 | R121: ='Resumen-DiarioHorario-Solar'!AD1055 -> 0 | S121: ='Resumen-DiarioHorario-Solar'!AD1133 -> 0 | T121: ='Resumen-DiarioHorario-Solar'!AD1211 -> 0 | U121: ='Resumen-DiarioHorario-Solar'!AD1289 -> 0 | V121: ='Resumen-DiarioHorario-Solar'!AD1367 -> 0 | W121: ='Resumen-DiarioHorario-Solar'!AD1445 -> 0 | X121: ='Resumen-DiarioHorario-Solar'!AD1523 -> 0 | Y121: ='Resumen-DiarioHorario-Solar'!AD1601 -> 0 | Z121: ='Resumen-DiarioHorario-Solar'!AD1679 -> 0 | AA121: ='Resumen-DiarioHorario-Solar'!AD1757 -> 0 | AB121: ='Resumen-DiarioHorario-Solar'!AD1835 -> 0 | AC121: ='Resumen-DiarioHorario-Solar'!AD1913 -> 0 | AD121: ='Resumen-DiarioHorario-Solar'!AD1991 -> 0 | AE121: ='Resumen-DiarioHorario-Solar'!AD2069 -> 0 | AF121: ='Resumen-DiarioHorario-Solar'!AD2147 -> 0 | AG121: ='Resumen-DiarioHorario-Solar'!AD2225 -> 0 | AH121: ='Resumen-DiarioHorario-Solar'!AD2303 -> 0 | AI121: =+'Resumen-DiarioHorario-Solar'!AD2381 -> 0 | AK121: =SUM(E121:AI121) -> 0
B122: PFV-DIEGODEALMAGRO | E122: ='Resumen-DiarioHorario-Solar'!AD42 -> 77.838167 | F122: ='Resumen-DiarioHorario-Solar'!AD120 -> 78.418 | G122: ='Resumen-DiarioHorario-Solar'!AD198 -> 77.214167 | H122: ='Resumen-DiarioHorario-Solar'!AD276 -> 63.837 | I122: ='Resumen-DiarioHorario-Solar'!AD354 -> 81.600833 | J122: ='Resumen-DiarioHorario-Solar'!AD432 -> 80.5595 | K122: ='Resumen-DiarioHorario-Solar'!AD510 -> 91.353333 | L122: ='Resumen-DiarioHorario-Solar'!AD588 -> 84.075667 | M122: ='Resumen-DiarioHorario-Solar'!AD666 -> 73.923833 | N122: ='Resumen-DiarioHorario-Solar'!AD744 -> 87.344 | O122: ='Resumen-DiarioHorario-Solar'!AD822 -> 69.864667 | P122: ='Resumen-DiarioHorario-Solar'!AD900 -> 89.418 | Q122: ='Resumen-DiarioHorario-Solar'!AD978 -> 81.630833 | R122: ='Resumen-DiarioHorario-Solar'!AD1056 -> 84.500667 | S122: ='Resumen-DiarioHorario-Solar'!AD1134 -> 95.346167 | T122: ='Resumen-DiarioHorario-Solar'!AD1212 -> 103.61983 | U122: ='Resumen-DiarioHorario-Solar'!AD1290 -> 91.552667 | V122: ='Resumen-DiarioHorario-Solar'!AD1368 -> 87.349833 | W122: ='Resumen-DiarioHorario-Solar'!AD1446 -> 93.702833 | X122: ='Resumen-DiarioHorario-Solar'!AD1524 -> 95.812333 | Y122: ='Resumen-DiarioHorario-Solar'!AD1602 -> 98.023667 | Z122: ='Resumen-DiarioHorario-Solar'!AD1680 -> 99.733333 | AA122: ='Resumen-DiarioHorario-Solar'!AD1758 -> 92.021 | AB122: ='Resumen-DiarioHorario-Solar'!AD1836 -> 89.820667 | AC122: ='Resumen-DiarioHorario-Solar'!AD1914 -> 75.329167 | AD122: ='Resumen-DiarioHorario-Solar'!AD1992 -> 84.281667 | AE122: ='Resumen-DiarioHorario-Solar'!AD2070 -> 89.426333 | AF122: ='Resumen-DiarioHorario-Solar'!AD2148 -> 94.977333 | AG122: ='Resumen-DiarioHorario-Solar'!AD2226 -> 82.975667 | AH122: ='Resumen-DiarioHorario-Solar'!AD2304 -> 75.088667 | AI122: =+'Resumen-DiarioHorario-Solar'!AD2382 -> 73.292167 | AK122: =SUM(E122:AI122) -> 2643.932
B123: PFV-CAMPOSDELSOL | E123: ='Resumen-DiarioHorario-Solar'!AD43 -> 1068.3898 | F123: ='Resumen-DiarioHorario-Solar'!AD121 -> 199.9765 | G123: ='Resumen-DiarioHorario-Solar'!AD199 -> 542.09683 | H123: ='Resumen-DiarioHorario-Solar'!AD277 -> 696.421 | I123: ='Resumen-DiarioHorario-Solar'!AD355 -> 189.111 | J123: ='Resumen-DiarioHorario-Solar'!AD433 -> 435.36183 | K123: ='Resumen-DiarioHorario-Solar'!AD511 -> 608.90483 | L123: ='Resumen-DiarioHorario-Solar'!AD589 -> 295.7535 | M123: ='Resumen-DiarioHorario-Solar'!AD667 -> 484.07067 | N123: ='Resumen-DiarioHorario-Solar'!AD745 -> 525.14767 | O123: ='Resumen-DiarioHorario-Solar'!AD823 -> 827.9195 | P123: ='Resumen-DiarioHorario-Solar'!AD901 -> 566.89533 | Q123: ='Resumen-DiarioHorario-Solar'!AD979 -> 935.5205 | R123: ='Resumen-DiarioHorario-Solar'!AD1057 -> 626.448 | S123: ='Resumen-DiarioHorario-Solar'!AD1135 -> 749.6735 | T123: ='Resumen-DiarioHorario-Solar'!AD1213 -> 765.18883 | U123: ='Resumen-DiarioHorario-Solar'!AD1291 -> 993.2285 | V123: ='Resumen-DiarioHorario-Solar'!AD1369 -> 1145.9797 | W123: ='Resumen-DiarioHorario-Solar'!AD1447 -> 392.57433 | X123: ='Resumen-DiarioHorario-Solar'!AD1525 -> 338.67783 | Y123: ='Resumen-DiarioHorario-Solar'!AD1603 -> 353.068 | Z123: ='Resumen-DiarioHorario-Solar'!AD1681 -> 246.24167 | AA123: ='Resumen-DiarioHorario-Solar'!AD1759 -> 247.73667 | AB123: ='Resumen-DiarioHorario-Solar'!AD1837 -> 449.6605 | AC123: ='Resumen-DiarioHorario-Solar'!AD1915 -> 617.202 | AD123: ='Resumen-DiarioHorario-Solar'!AD1993 -> 781.955 | AE123: ='Resumen-DiarioHorario-Solar'!AD2071 -> 556.79267 | AF123: ='Resumen-DiarioHorario-Solar'!AD2149 -> 602.99217 | AG123: ='Resumen-DiarioHorario-Solar'!AD2227 -> 162.549 | AH123: ='Resumen-DiarioHorario-Solar'!AD2305 -> 872.2925 | AI123: =+'Resumen-DiarioHorario-Solar'!AD2383 -> 499.1495 | AK123: =SUM(E123:AI123) -> 17776.979
B124: PFV-CARRERAPINTO | E124: ='Resumen-DiarioHorario-Solar'!AD44 -> 272.02233 | F124: ='Resumen-DiarioHorario-Solar'!AD122 -> 87.049 | G124: ='Resumen-DiarioHorario-Solar'!AD200 -> 75.207 | H124: ='Resumen-DiarioHorario-Solar'!AD278 -> 58.255167 | I124: ='Resumen-DiarioHorario-Solar'!AD356 -> 47.514167 | J124: ='Resumen-DiarioHorario-Solar'!AD434 -> 94.979167 | K124: ='Resumen-DiarioHorario-Solar'!AD512 -> 189.73633 | L124: ='Resumen-DiarioHorario-Solar'!AD590 -> 106.1825 | M124: ='Resumen-DiarioHorario-Solar'!AD668 -> 151.117 | N124: ='Resumen-DiarioHorario-Solar'!AD746 -> 181.51917 | O124: ='Resumen-DiarioHorario-Solar'!AD824 -> 160.50067 | P124: ='Resumen-DiarioHorario-Solar'!AD902 -> 131.7585 | Q124: ='Resumen-DiarioHorario-Solar'!AD980 -> 189.51667 | R124: ='Resumen-DiarioHorario-Solar'!AD1058 -> 162.99817 | S124: ='Resumen-DiarioHorario-Solar'!AD1136 -> 227.9385 | T124: ='Resumen-DiarioHorario-Solar'!AD1214 -> 211.77267 | U124: ='Resumen-DiarioHorario-Solar'!AD1292 -> 143.72833 | V124: ='Resumen-DiarioHorario-Solar'!AD1370 -> 94.481667 | W124: ='Resumen-DiarioHorario-Solar'!AD1448 -> 81.525667 | X124: ='Resumen-DiarioHorario-Solar'!AD1526 -> 92.9065 | Y124: ='Resumen-DiarioHorario-Solar'!AD1604 -> 93.906333 | Z124: ='Resumen-DiarioHorario-Solar'!AD1682 -> 69.225 | AA124: ='Resumen-DiarioHorario-Solar'!AD1760 -> 102.95933 | AB124: ='Resumen-DiarioHorario-Solar'!AD1838 -> 87.899 | AC124: ='Resumen-DiarioHorario-Solar'!AD1916 -> 40.886167 | AD124: ='Resumen-DiarioHorario-Solar'!AD1994 -> 182.1355 | AE124: ='Resumen-DiarioHorario-Solar'!AD2072 -> 115.50083 | AF124: ='Resumen-DiarioHorario-Solar'!AD2150 -> 162.2695 | AG124: ='Resumen-DiarioHorario-Solar'!AD2228 -> 134.118 | AH124: ='Resumen-DiarioHorario-Solar'!AD2306 -> 159.998 | AI124: =+'Resumen-DiarioHorario-Solar'!AD2384 -> 23.879667 | AK124: =SUM(E124:AI124) -> 3933.4865
B125: PFV-LUZDELNORTE | E125: ='Resumen-DiarioHorario-Solar'!AD45 -> 1032.7483 | F125: ='Resumen-DiarioHorario-Solar'!AD123 -> 991.11567 | G125: ='Resumen-DiarioHorario-Solar'!AD201 -> 404.24933 | H125: ='Resumen-DiarioHorario-Solar'!AD279 -> 1175.4152 | I125: ='Resumen-DiarioHorario-Solar'!AD357 -> 858.815 | J125: ='Resumen-DiarioHorario-Solar'!AD435 -> 837.51017 | K125: ='Resumen-DiarioHorario-Solar'!AD513 -> 795.6015 | L125: ='Resumen-DiarioHorario-Solar'!AD591 -> 695.2325 | M125: ='Resumen-DiarioHorario-Solar'!AD669 -> 950.24883 | N125: ='Resumen-DiarioHorario-Solar'!AD747 -> 777.93783 | O125: ='Resumen-DiarioHorario-Solar'!AD825 -> 777.98233 | P125: ='Resumen-DiarioHorario-Solar'!AD903 -> 701.7105 | Q125: ='Resumen-DiarioHorario-Solar'!AD981 -> 806.46367 | R125: ='Resumen-DiarioHorario-Solar'!AD1059 -> 873.03233 | S125: ='Resumen-DiarioHorario-Solar'!AD1137 -> 723.797 | T125: ='Resumen-DiarioHorario-Solar'!AD1215 -> 797.196 | U125: ='Resumen-DiarioHorario-Solar'!AD1293 -> 956.00417 | V125: ='Resumen-DiarioHorario-Solar'!AD1371 -> 979.7755 | W125: ='Resumen-DiarioHorario-Solar'!AD1449 -> 836.88817 | X125: ='Resumen-DiarioHorario-Solar'!AD1527 -> 740.58283 | Y125: ='Resumen-DiarioHorario-Solar'!AD1605 -> 927.97483 | Z125: ='Resumen-DiarioHorario-Solar'!AD1683 -> 751.76067 | AA125: ='Resumen-DiarioHorario-Solar'!AD1761 -> 788.40183 | AB125: ='Resumen-DiarioHorario-Solar'!AD1839 -> 918.764 | AC125: ='Resumen-DiarioHorario-Solar'!AD1917 -> 771.14733 | AD125: ='Resumen-DiarioHorario-Solar'!AD1995 -> 787.27233 | AE125: ='Resumen-DiarioHorario-Solar'!AD2073 -> 659.58167 | AF125: ='Resumen-DiarioHorario-Solar'!AD2151 -> 742.0395 | AG125: ='Resumen-DiarioHorario-Solar'!AD2229 -> 522.63167 | AH125: ='Resumen-DiarioHorario-Solar'!AD2307 -> 737.65167 | AI125: =+'Resumen-DiarioHorario-Solar'!AD2385 -> 817.84083 | AK125: =SUM(E125:AI125) -> 25137.373
B126: PFV-LLANODELLAMPOS | E126: ='Resumen-DiarioHorario-Solar'!AD46 -> 137.7855 | F126: ='Resumen-DiarioHorario-Solar'!AD124 -> 48.872333 | G126: ='Resumen-DiarioHorario-Solar'!AD202 -> 33.445667 | H126: ='Resumen-DiarioHorario-Solar'!AD280 -> 45.529333 | I126: ='Resumen-DiarioHorario-Solar'!AD358 -> 57.931667 | J126: ='Resumen-DiarioHorario-Solar'!AD436 -> 9.836 | K126: ='Resumen-DiarioHorario-Solar'!AD514 -> 12.8975 | L126: ='Resumen-DiarioHorario-Solar'!AD592 -> 0.64266667 | M126: ='Resumen-DiarioHorario-Solar'!AD670 -> 14.343833 | N126: ='Resumen-DiarioHorario-Solar'!AD748 -> 12.851667 | O126: ='Resumen-DiarioHorario-Solar'!AD826 -> 26.4295 | P126: ='Resumen-DiarioHorario-Solar'!AD904 -> 48.016167 | Q126: ='Resumen-DiarioHorario-Solar'!AD982 -> 8.7511667 | R126: ='Resumen-DiarioHorario-Solar'!AD1060 -> 7.5088333 | S126: ='Resumen-DiarioHorario-Solar'!AD1138 -> 28.5435 | T126: ='Resumen-DiarioHorario-Solar'!AD1216 -> 11.859167 | U126: ='Resumen-DiarioHorario-Solar'!AD1294 -> 57.520333 | V126: ='Resumen-DiarioHorario-Solar'!AD1372 -> 83.203667 | W126: ='Resumen-DiarioHorario-Solar'!AD1450 -> 2.003 | X126: ='Resumen-DiarioHorario-Solar'!AD1528 -> 4.9628333 | Y126: ='Resumen-DiarioHorario-Solar'!AD1606 -> 3.6903333 | Z126: ='Resumen-DiarioHorario-Solar'!AD1684 -> 2.8756667 | AA126: ='Resumen-DiarioHorario-Solar'!AD1762 -> 8.8761667 | AB126: ='Resumen-DiarioHorario-Solar'!AD1840 -> 31.231167 | AC126: ='Resumen-DiarioHorario-Solar'!AD1918 -> 30.737167 | AD126: ='Resumen-DiarioHorario-Solar'!AD1996 -> 90.746 | AE126: ='Resumen-DiarioHorario-Solar'!AD2074 -> 63.6335 | AF126: ='Resumen-DiarioHorario-Solar'!AD2152 -> 32.065667 | AG126: ='Resumen-DiarioHorario-Solar'!AD2230 -> 13.802333 | AH126: ='Resumen-DiarioHorario-Solar'!AD2308 -> 81.145 | AI126: =+'Resumen-DiarioHorario-Solar'!AD2386 -> 75.110833 | AK126: =SUM(E126:AI126) -> 1086.8482
B127: PFV-SANANDRES | E127: ='Resumen-DiarioHorario-Solar'!AD47 -> 0 | F127: ='Resumen-DiarioHorario-Solar'!AD125 -> 0 | G127: ='Resumen-DiarioHorario-Solar'!AD203 -> 0 | H127: ='Resumen-DiarioHorario-Solar'!AD281 -> 0 | I127: ='Resumen-DiarioHorario-Solar'!AD359 -> 0 | J127: ='Resumen-DiarioHorario-Solar'!AD437 -> 0 | K127: ='Resumen-DiarioHorario-Solar'!AD515 -> 0 | L127: ='Resumen-DiarioHorario-Solar'!AD593 -> 0 | M127: ='Resumen-DiarioHorario-Solar'!AD671 -> 0 | N127: ='Resumen-DiarioHorario-Solar'!AD749 -> 0 | O127: ='Resumen-DiarioHorario-Solar'!AD827 -> 0 | P127: ='Resumen-DiarioHorario-Solar'!AD905 -> 0 | Q127: ='Resumen-DiarioHorario-Solar'!AD983 -> 0 | R127: ='Resumen-DiarioHorario-Solar'!AD1061 -> 0 | S127: ='Resumen-DiarioHorario-Solar'!AD1139 -> 0 | T127: ='Resumen-DiarioHorario-Solar'!AD1217 -> 0 | U127: ='Resumen-DiarioHorario-Solar'!AD1295 -> 0 | V127: ='Resumen-DiarioHorario-Solar'!AD1373 -> 0 | W127: ='Resumen-DiarioHorario-Solar'!AD1451 -> 0 | X127: ='Resumen-DiarioHorario-Solar'!AD1529 -> 0 | Y127: ='Resumen-DiarioHorario-Solar'!AD1607 -> 0 | Z127: ='Resumen-DiarioHorario-Solar'!AD1685 -> 0 | AA127: ='Resumen-DiarioHorario-Solar'!AD1763 -> 0 | AB127: ='Resumen-DiarioHorario-Solar'!AD1841 -> 0 | AC127: ='Resumen-DiarioHorario-Solar'!AD1919 -> 0 | AD127: ='Resumen-DiarioHorario-Solar'!AD1997 -> 0 | AE127: ='Resumen-DiarioHorario-Solar'!AD2075 -> 0 | AF127: ='Resumen-DiarioHorario-Solar'!AD2153 -> 0 | AG127: ='Resumen-DiarioHorario-Solar'!AD2231 -> 0 | AH127: ='Resumen-DiarioHorario-Solar'!AD2309 -> 0 | AI127: =+'Resumen-DiarioHorario-Solar'!AD2387 -> 0 | AK127: =SUM(E127:AI127) -> 0
B128: PFV-RIOESCONDIDO | E128: ='Resumen-DiarioHorario-Solar'!AD48 -> 745.5625 | F128: ='Resumen-DiarioHorario-Solar'!AD126 -> 367.64033 | G128: ='Resumen-DiarioHorario-Solar'!AD204 -> 454.483 | H128: ='Resumen-DiarioHorario-Solar'!AD282 -> 430.709 | I128: ='Resumen-DiarioHorario-Solar'!AD360 -> 274.97617 | J128: ='Resumen-DiarioHorario-Solar'!AD438 -> 454.27517 | K128: ='Resumen-DiarioHorario-Solar'!AD516 -> 633.971 | L128: ='Resumen-DiarioHorario-Solar'!AD594 -> 2.3523333 | M128: ='Resumen-DiarioHorario-Solar'!AD672 -> 2.5653333 | N128: ='Resumen-DiarioHorario-Solar'!AD750 -> 4.5068333 | O128: ='Resumen-DiarioHorario-Solar'!AD828 -> 514.857 | P128: ='Resumen-DiarioHorario-Solar'!AD906 -> 399.3165 | Q128: ='Resumen-DiarioHorario-Solar'!AD984 -> 463.025 | R128: ='Resumen-DiarioHorario-Solar'!AD1062 -> 459.4915 | S128: ='Resumen-DiarioHorario-Solar'!AD1140 -> 520.44033 | T128: ='Resumen-DiarioHorario-Solar'!AD1218 -> 463.60133 | U128: ='Resumen-DiarioHorario-Solar'!AD1296 -> 596.90433 | V128: ='Resumen-DiarioHorario-Solar'!AD1374 -> 660.26733 | W128: ='Resumen-DiarioHorario-Solar'!AD1452 -> 272.90567 | X128: ='Resumen-DiarioHorario-Solar'!AD1530 -> 295.43017 | Y128: ='Resumen-DiarioHorario-Solar'!AD1608 -> 461.4685 | Z128: ='Resumen-DiarioHorario-Solar'!AD1686 -> 206.931 | AA128: ='Resumen-DiarioHorario-Solar'!AD1764 -> 223.21617 | AB128: ='Resumen-DiarioHorario-Solar'!AD1842 -> 337.863 | AC128: ='Resumen-DiarioHorario-Solar'!AD1920 -> 295.67233 | AD128: ='Resumen-DiarioHorario-Solar'!AD1998 -> 365.769 | AE128: ='Resumen-DiarioHorario-Solar'!AD2076 -> 238.42067 | AF128: ='Resumen-DiarioHorario-Solar'!AD2154 -> 286.78317 | AG128: ='Resumen-DiarioHorario-Solar'!AD2232 -> 132.8875 | AH128: ='Resumen-DiarioHorario-Solar'!AD2310 -> 308.122 | AI128: =+'Resumen-DiarioHorario-Solar'!AD2388 -> 211.60967 | AK128: =SUM(E128:AI128) -> 11086.024
B129: PFV-LOSLOROS | E129: ='Resumen-DiarioHorario-Solar'!AD49 -> 112.67833 | F129: ='Resumen-DiarioHorario-Solar'!AD127 -> 33.74 | G129: ='Resumen-DiarioHorario-Solar'!AD205 -> 41.574833 | H129: ='Resumen-DiarioHorario-Solar'!AD283 -> 36.416667 | I129: ='Resumen-DiarioHorario-Solar'!AD361 -> 15.721333 | J129: ='Resumen-DiarioHorario-Solar'!AD439 -> 0 | K129: ='Resumen-DiarioHorario-Solar'!AD517 -> 36.089667 | L129: ='Resumen-DiarioHorario-Solar'!AD595 -> 31.5235 | M129: ='Resumen-DiarioHorario-Solar'!AD673 -> 44.023667 | N129: ='Resumen-DiarioHorario-Solar'!AD751 -> 18.382667 | O129: ='Resumen-DiarioHorario-Solar'!AD829 -> 53.488333 | P129: ='Resumen-DiarioHorario-Solar'!AD907 -> 0 | Q129: ='Resumen-DiarioHorario-Solar'!AD985 -> 0 | R129: ='Resumen-DiarioHorario-Solar'!AD1063 -> 0 | S129: ='Resumen-DiarioHorario-Solar'!AD1141 -> 0 | T129: ='Resumen-DiarioHorario-Solar'!AD1219 -> 0 | U129: ='Resumen-DiarioHorario-Solar'!AD1297 -> 0 | V129: ='Resumen-DiarioHorario-Solar'!AD1375 -> 0 | W129: ='Resumen-DiarioHorario-Solar'!AD1453 -> 29.192333 | X129: ='Resumen-DiarioHorario-Solar'!AD1531 -> 0 | Y129: ='Resumen-DiarioHorario-Solar'!AD1609 -> 63.200333 | Z129: ='Resumen-DiarioHorario-Solar'!AD1687 -> 4.459 | AA129: ='Resumen-DiarioHorario-Solar'!AD1765 -> 17.861 | AB129: ='Resumen-DiarioHorario-Solar'!AD1843 -> 29.565 | AC129: ='Resumen-DiarioHorario-Solar'!AD1921 -> 27.085 | AD129: ='Resumen-DiarioHorario-Solar'!AD1999 -> 50.068833 | AE129: ='Resumen-DiarioHorario-Solar'!AD2077 -> 14.414333 | AF129: ='Resumen-DiarioHorario-Solar'!AD2155 -> 18.512167 | AG129: ='Resumen-DiarioHorario-Solar'!AD2233 -> 1.2133333 | AH129: ='Resumen-DiarioHorario-Solar'!AD2311 -> 47.2035 | AI129: =+'Resumen-DiarioHorario-Solar'!AD2389 -> 4.5813333 | AK129: =SUM(E129:AI129) -> 730.99517
B130: PFV-ELROMERO | E130: ='Resumen-DiarioHorario-Solar'!AD50 -> 1000.596 | F130: ='Resumen-DiarioHorario-Solar'!AD128 -> 741.275 | G130: ='Resumen-DiarioHorario-Solar'!AD206 -> 772.81033 | H130: ='Resumen-DiarioHorario-Solar'!AD284 -> 760.43783 | I130: ='Resumen-DiarioHorario-Solar'!AD362 -> 731.5825 | J130: ='Resumen-DiarioHorario-Solar'!AD440 -> 693.50133 | K130: ='Resumen-DiarioHorario-Solar'!AD518 -> 810.93533 | L130: ='Resumen-DiarioHorario-Solar'!AD596 -> 740.03217 | M130: ='Resumen-DiarioHorario-Solar'!AD674 -> 663.81567 | N130: ='Resumen-DiarioHorario-Solar'!AD752 -> 781.91233 | O130: ='Resumen-DiarioHorario-Solar'!AD830 -> 674.27767 | P130: ='Resumen-DiarioHorario-Solar'!AD908 -> 854.6175 | Q130: ='Resumen-DiarioHorario-Solar'!AD986 -> 857.98633 | R130: ='Resumen-DiarioHorario-Solar'!AD1064 -> 812.35233 | S130: ='Resumen-DiarioHorario-Solar'!AD1142 -> 978.28317 | T130: ='Resumen-DiarioHorario-Solar'!AD1220 -> 917.4725 | U130: ='Resumen-DiarioHorario-Solar'!AD1298 -> 941.161 | V130: ='Resumen-DiarioHorario-Solar'!AD1376 -> 639.795 | W130: ='Resumen-DiarioHorario-Solar'!AD1454 -> 665.52767 | X130: ='Resumen-DiarioHorario-Solar'!AD1532 -> 955.53267 | Y130: ='Resumen-DiarioHorario-Solar'!AD1610 -> 600.66533 | Z130: ='Resumen-DiarioHorario-Solar'!AD1688 -> 444.05733 | AA130: ='Resumen-DiarioHorario-Solar'!AD1766 -> 749.7425 | AB130: ='Resumen-DiarioHorario-Solar'!AD1844 -> 805.25267 | AC130: ='Resumen-DiarioHorario-Solar'!AD1922 -> 550.91983 | AD130: ='Resumen-DiarioHorario-Solar'!AD2000 -> 549.61517 | AE130: ='Resumen-DiarioHorario-Solar'!AD2078 -> 433.8995 | AF130: ='Resumen-DiarioHorario-Solar'!AD2156 -> 752.48767 | AG130: ='Resumen-DiarioHorario-Solar'!AD2234 -> 591.1015 | AH130: ='Resumen-DiarioHorario-Solar'!AD2312 -> 649.6005 | AI130: =+'Resumen-DiarioHorario-Solar'!AD2390 -> 946.98783 | AK130: =SUM(E130:AI130) -> 23068.234
B131: PFV-ELPELICANO | E131: ='Resumen-DiarioHorario-Solar'!AD51 -> 686.16283 | F131: ='Resumen-DiarioHorario-Solar'!AD129 -> 282.169 | G131: ='Resumen-DiarioHorario-Solar'!AD207 -> 444.834 | H131: ='Resumen-DiarioHorario-Solar'!AD285 -> 430.56367 | I131: ='Resumen-DiarioHorario-Solar'!AD363 -> 449.5845 | J131: ='Resumen-DiarioHorario-Solar'!AD441 -> 458.15667 | K131: ='Resumen-DiarioHorario-Solar'!AD519 -> 459.12283 | L131: ='Resumen-DiarioHorario-Solar'!AD597 -> 415.23133 | M131: ='Resumen-DiarioHorario-Solar'!AD675 -> 440.1355 | N131: ='Resumen-DiarioHorario-Solar'!AD753 -> 401.8815 | O131: ='Resumen-DiarioHorario-Solar'!AD831 -> 463.63033 | P131: ='Resumen-DiarioHorario-Solar'!AD909 -> 404.638 | Q131: ='Resumen-DiarioHorario-Solar'!AD987 -> 543.5345 | R131: ='Resumen-DiarioHorario-Solar'!AD1065 -> 552.85283 | S131: ='Resumen-DiarioHorario-Solar'!AD1143 -> 433.74067 | T131: ='Resumen-DiarioHorario-Solar'!AD1221 -> 400.19 | U131: ='Resumen-DiarioHorario-Solar'!AD1299 -> 583.08483 | V131: ='Resumen-DiarioHorario-Solar'!AD1377 -> 653.18967 | W131: ='Resumen-DiarioHorario-Solar'!AD1455 -> 358.6965 | X131: ='Resumen-DiarioHorario-Solar'!AD1533 -> 251.981 | Y131: ='Resumen-DiarioHorario-Solar'!AD1611 -> 321.35167 | Z131: ='Resumen-DiarioHorario-Solar'!AD1689 -> 202.53083 | AA131: ='Resumen-DiarioHorario-Solar'!AD1767 -> 300.75367 | AB131: ='Resumen-DiarioHorario-Solar'!AD1845 -> 386.3695 | AC131: ='Resumen-DiarioHorario-Solar'!AD1923 -> 342.09783 | AD131: ='Resumen-DiarioHorario-Solar'!AD2001 -> 445.5385 | AE131: ='Resumen-DiarioHorario-Solar'!AD2079 -> 326.14417 | AF131: ='Resumen-DiarioHorario-Solar'!AD2157 -> 372.90417 | AG131: ='Resumen-DiarioHorario-Solar'!AD2235 -> 171.70983 | AH131: ='Resumen-DiarioHorario-Solar'!AD2313 -> 449.31583 | AI131: =+'Resumen-DiarioHorario-Solar'!AD2391 -> 331.55567 | AK131: =SUM(E131:AI131) -> 12763.652
B132: PFV-LAHUELLA | E132: ='Resumen-DiarioHorario-Solar'!AD52 -> 337.40267 | F132: ='Resumen-DiarioHorario-Solar'!AD130 -> 100.039 | G132: ='Resumen-DiarioHorario-Solar'!AD208 -> 154.822 | H132: ='Resumen-DiarioHorario-Solar'!AD286 -> 205.55583 | I132: ='Resumen-DiarioHorario-Solar'!AD364 -> 252.873 | J132: ='Resumen-DiarioHorario-Solar'!AD442 -> 124.61667 | K132: ='Resumen-DiarioHorario-Solar'!AD520 -> 95.202 | L132: ='Resumen-DiarioHorario-Solar'!AD598 -> 111.983 | M132: ='Resumen-DiarioHorario-Solar'!AD676 -> 175.3245 | N132: ='Resumen-DiarioHorario-Solar'!AD754 -> 112.06667 | O132: ='Resumen-DiarioHorario-Solar'!AD832 -> 95.616667 | P132: ='Resumen-DiarioHorario-Solar'!AD910 -> 227.9905 | Q132: ='Resumen-DiarioHorario-Solar'!AD988 -> 310.11383 | R132: ='Resumen-DiarioHorario-Solar'!AD1066 -> 304.64867 | S132: ='Resumen-DiarioHorario-Solar'!AD1144 -> 176.894 | T132: ='Resumen-DiarioHorario-Solar'!AD1222 -> 200.425 | U132: ='Resumen-DiarioHorario-Solar'!AD1300 -> 63.223833 | V132: ='Resumen-DiarioHorario-Solar'!AD1378 -> 263.50233 | W132: ='Resumen-DiarioHorario-Solar'!AD1456 -> 148.87983 | X132: ='Resumen-DiarioHorario-Solar'!AD1534 -> 86.378333 | Y132: ='Resumen-DiarioHorario-Solar'!AD1612 -> 209.78283 | Z132: ='Resumen-DiarioHorario-Solar'!AD1690 -> 102.86717 | AA132: ='Resumen-DiarioHorario-Solar'!AD1768 -> 126.88933 | AB132: ='Resumen-DiarioHorario-Solar'!AD1846 -> 125.65417 | AC132: ='Resumen-DiarioHorario-Solar'!AD1924 -> 47.807333 | AD132: ='Resumen-DiarioHorario-Solar'!AD2002 -> 62.233333 | AE132: ='Resumen-DiarioHorario-Solar'!AD2080 -> 82.303333 | AF132: ='Resumen-DiarioHorario-Solar'!AD2158 -> 123.13933 | AG132: ='Resumen-DiarioHorario-Solar'!AD2236 -> 42.538167 | AH132: ='Resumen-DiarioHorario-Solar'!AD2314 -> 181.369 | AI132: =+'Resumen-DiarioHorario-Solar'!AD2392 -> 69.895667 | AK132: =SUM(E132:AI132) -> 4722.038
B133: PFV-DONACARMEN | E133: ='Resumen-DiarioHorario-Solar'!AD53 -> 0 | F133: ='Resumen-DiarioHorario-Solar'!AD131 -> 0 | G133: ='Resumen-DiarioHorario-Solar'!AD209 -> 126.871 | H133: ='Resumen-DiarioHorario-Solar'!AD287 -> 102.7375 | I133: ='Resumen-DiarioHorario-Solar'!AD365 -> 64.058167 | J133: ='Resumen-DiarioHorario-Solar'!AD443 -> 94.86 | K133: ='Resumen-DiarioHorario-Solar'!AD521 -> 102.56533 | L133: ='Resumen-DiarioHorario-Solar'!AD599 -> 127.49633 | M133: ='Resumen-DiarioHorario-Solar'!AD677 -> 0 | N133: ='Resumen-DiarioHorario-Solar'!AD755 -> 0 | O133: ='Resumen-DiarioHorario-Solar'!AD833 -> 0 | P133: ='Resumen-DiarioHorario-Solar'!AD911 -> 0 | Q133: ='Resumen-DiarioHorario-Solar'!AD989 -> 126.06267 | R133: ='Resumen-DiarioHorario-Solar'!AD1067 -> 153.63067 | S133: ='Resumen-DiarioHorario-Solar'!AD1145 -> 150.23333 | T133: ='Resumen-DiarioHorario-Solar'!AD1223 -> 0 | U133: ='Resumen-DiarioHorario-Solar'!AD1301 -> 0 | V133: ='Resumen-DiarioHorario-Solar'!AD1379 -> 0 | W133: ='Resumen-DiarioHorario-Solar'!AD1457 -> 0 | X133: ='Resumen-DiarioHorario-Solar'!AD1535 -> 203.15433 | Y133: ='Resumen-DiarioHorario-Solar'!AD1613 -> 176.496 | Z133: ='Resumen-DiarioHorario-Solar'!AD1691 -> 0 | AA133: ='Resumen-DiarioHorario-Solar'!AD1769 -> 0 | AB133: ='Resumen-DiarioHorario-Solar'!AD1847 -> 193.79033 | AC133: ='Resumen-DiarioHorario-Solar'!AD1925 -> 83.74 | AD133: ='Resumen-DiarioHorario-Solar'!AD2003 -> 107.68583 | AE133: ='Resumen-DiarioHorario-Solar'!AD2081 -> 126.40767 | AF133: ='Resumen-DiarioHorario-Solar'!AD2159 -> 143.76083 | AG133: ='Resumen-DiarioHorario-Solar'!AD2237 -> 73.079 | AH133: ='Resumen-DiarioHorario-Solar'!AD2315 -> 75.504667 | AI133: =+'Resumen-DiarioHorario-Solar'!AD2393 -> 36.738833 | AK133: =SUM(E133:AI133) -> 2268.8725
... B141: PFV-VALLEDELSOL | E141: ='Resumen-DiarioHorario-Solar'!AD61 -> 846.56933 | F141: ='Resumen-DiarioHorario-Solar'!AD139 -> 375.82267 | G141: ='Resumen-DiarioHorario-Solar'!AD217 -> 452.79733 | H141: ='Resumen-DiarioHorario-Solar'!AD295 -> 545.04033 | I141: ='Resumen-DiarioHorario-Solar'!AD373 -> 232.8865 | J141: ='Resumen-DiarioHorario-Solar'!AD451 -> 381.583 | K141: ='Resumen-DiarioHorario-Solar'!AD529 -> 565.94417 | L141: ='Resumen-DiarioHorario-Solar'!AD607 -> 338.8045 | M141: ='Resumen-DiarioHorario-Solar'!AD685 -> 499.88617 | N141: ='Resumen-DiarioHorario-Solar'!AD763 -> 496.6625 | O141: ='Resumen-DiarioHorario-Solar'!AD841 -> 646.59433 | P141: ='Resumen-DiarioHorario-Solar'!AD919 -> 401.26017 | Q141: ='Resumen-DiarioHorario-Solar'!AD997 -> 622.168 | R141: ='Resumen-DiarioHorario-Solar'!AD1075 -> 504.8135 | S141: ='Resumen-DiarioHorario-Solar'!AD1153 -> 559.225 | T141: ='Resumen-DiarioHorario-Solar'!AD1231 -> 345.87683 | U141: ='Resumen-DiarioHorario-Solar'!AD1309 -> 570.89683 | V141: ='Resumen-DiarioHorario-Solar'!AD1387 -> 609.31167 | W141: ='Resumen-DiarioHorario-Solar'!AD1465 -> 169.049 | X141: ='Resumen-DiarioHorario-Solar'!AD1543 -> 129.28433 | Y141: ='Resumen-DiarioHorario-Solar'!AD1621 -> 319.13367 | Z141: ='Resumen-DiarioHorario-Solar'!AD1699 -> 554.33583 | AA141: ='Resumen-DiarioHorario-Solar'!AD1777 -> 305.67767 | AB141: ='Resumen-DiarioHorario-Solar'!AD1855 -> 384.17917 | AC141: ='Resumen-DiarioHorario-Solar'!AD1933 -> 351.13967 | AD141: ='Resumen-DiarioHorario-Solar'!AD2011 -> 412.7225 | AE141: ='Resumen-DiarioHorario-Solar'!AD2089 -> 269.1845 | AF141: ='Resumen-DiarioHorario-Solar'!AD2167 -> 277.16483 | AG141: ='Resumen-DiarioHorario-Solar'!AD2245 -> 553.94 | AH141: ='Resumen-DiarioHorario-Solar'!AD2323 -> 464.355 | AI141: =+'Resumen-DiarioHorario-Solar'!AD2401 -> 580.847 | AK141: =SUM(E141:AI141) -> 13767.156
B142: PFV-COYA | D142: † | E142: ='Resumen-DiarioHorario-Solar'!AD62 -> 0 | F142: ='Resumen-DiarioHorario-Solar'!AD140 -> 0 | G142: ='Resumen-DiarioHorario-Solar'!AD218 -> 0 | H142: ='Resumen-DiarioHorario-Solar'!AD296 -> 0 | I142: ='Resumen-DiarioHorario-Solar'!AD374 -> 0 | J142: ='Resumen-DiarioHorario-Solar'!AD452 -> 0 | K142: ='Resumen-DiarioHorario-Solar'!AD530 -> 0 | L142: ='Resumen-DiarioHorario-Solar'!AD608 -> 0 | M142: ='Resumen-DiarioHorario-Solar'!AD686 -> 0 | N142: ='Resumen-DiarioHorario-Solar'!AD764 -> 0 | O142: ='Resumen-DiarioHorario-Solar'!AD842 -> 0 | P142: ='Resumen-DiarioHorario-Solar'!AD920 -> 0 | Q142: ='Resumen-DiarioHorario-Solar'!AD998 -> 0 | R142: ='Resumen-DiarioHorario-Solar'!AD1076 -> 0 | S142: ='Resumen-DiarioHorario-Solar'!AD1154 -> 0 | T142: ='Resumen-DiarioHorario-Solar'!AD1232 -> 0 | U142: ='Resumen-DiarioHorario-Solar'!AD1310 -> 0 | V142: ='Resumen-DiarioHorario-Solar'!AD1388 -> 0 | W142: ='Resumen-DiarioHorario-Solar'!AD1466 -> 0 | X142: ='Resumen-DiarioHorario-Solar'!AD1544 -> 0 | Y142: ='Resumen-DiarioHorario-Solar'!AD1622 -> 0 | Z142: ='Resumen-DiarioHorario-Solar'!AD1700 -> 0 | AA142: ='Resumen-DiarioHorario-Solar'!AD1778 -> 0 | AB142: ='Resumen-DiarioHorario-Solar'!AD1856 -> 0 | AC142: ='Resumen-DiarioHorario-Solar'!AD1934 -> 0 | AD142: ='Resumen-DiarioHorario-Solar'!AD2012 -> 0 | AE142: ='Resumen-DiarioHorario-Solar'!AD2090 -> 0 | AF142: ='Resumen-DiarioHorario-Solar'!AD2168 -> 0 | AG142: ='Resumen-DiarioHorario-Solar'!AD2246 -> 0 | AH142: ='Resumen-DiarioHorario-Solar'!AD2324 -> 0 | AI142: =+'Resumen-DiarioHorario-Solar'!AD2402 -> 0 | AK142: =SUM(E142:AI142) -> 0
B143: PFV-GUANCHOI | E143: ='Resumen-DiarioHorario-Solar'!AD63 -> 2746.7578 | F143: ='Resumen-DiarioHorario-Solar'!AD141 -> 2083.686 | G143: ='Resumen-DiarioHorario-Solar'!AD219 -> 1907.2038 | H143: ='Resumen-DiarioHorario-Solar'!AD297 -> 2514.9143 | I143: ='Resumen-DiarioHorario-Solar'!AD375 -> 1465.393 | J143: ='Resumen-DiarioHorario-Solar'!AD453 -> 2219.1567 | K143: ='Resumen-DiarioHorario-Solar'!AD531 -> 1948.381 | L143: ='Resumen-DiarioHorario-Solar'!AD609 -> 2296.4472 | M143: ='Resumen-DiarioHorario-Solar'!AD687 -> 2292.0867 | N143: ='Resumen-DiarioHorario-Solar'!AD765 -> 2239.3702 | O143: ='Resumen-DiarioHorario-Solar'!AD843 -> 2428.4725 | P143: ='Resumen-DiarioHorario-Solar'!AD921 -> 1659.2503 | Q143: ='Resumen-DiarioHorario-Solar'!AD999 -> 2298.1195 | R143: ='Resumen-DiarioHorario-Solar'!AD1077 -> 1833.0433 | S143: ='Resumen-DiarioHorario-Solar'!AD1155 -> 2167.2233 | T143: ='Resumen-DiarioHorario-Solar'!AD1233 -> 2357.9768 | U143: ='Resumen-DiarioHorario-Solar'!AD1311 -> 2584.924 | V143: ='Resumen-DiarioHorario-Solar'!AD1389 -> 2668.987 | W143: ='Resumen-DiarioHorario-Solar'!AD1467 -> 1448.7277 | X143: ='Resumen-DiarioHorario-Solar'!AD1545 -> 1342.3677 | Y143: ='Resumen-DiarioHorario-Solar'!AD1623 -> 1576.9978 | Z143: ='Resumen-DiarioHorario-Solar'!AD1701 -> 866.8035 | AA143: ='Resumen-DiarioHorario-Solar'!AD1779 -> 1033.294 | AB143: ='Resumen-DiarioHorario-Solar'!AD1857 -> 1467.8125 | AC143: ='Resumen-DiarioHorario-Solar'!AD1935 -> 1624.9605 | AD143: ='Resumen-DiarioHorario-Solar'!AD2013 -> 1734.6425 | AE143: ='Resumen-DiarioHorario-Solar'!AD2091 -> 1195.7018 | AF143: ='Resumen-DiarioHorario-Solar'!AD2169 -> 1375.5982 | AG143: ='Resumen-DiarioHorario-Solar'!AD2247 -> 779.01867 | AH143: ='Resumen-DiarioHorario-Solar'!AD2325 -> 1769.6392 | AI143: =+'Resumen-DiarioHorario-Solar'!AD2403 -> 1444.6543 | AK143: =SUM(E143:AI143) -> 57371.612
B144: PFV-ANDES2B | D144: † | E144: ='Resumen-DiarioHorario-Solar'!AD64 -> 0 | F144: ='Resumen-DiarioHorario-Solar'!AD142 -> 0 | G144: ='Resumen-DiarioHorario-Solar'!AD220 -> 0 | H144: ='Resumen-DiarioHorario-Solar'!AD298 -> 0 | I144: ='Resumen-DiarioHorario-Solar'!AD376 -> 0 | J144: ='Resumen-DiarioHorario-Solar'!AD454 -> 0 | K144: ='Resumen-DiarioHorario-Solar'!AD532 -> 0 | L144: ='Resumen-DiarioHorario-Solar'!AD610 -> 0 | M144: ='Resumen-DiarioHorario-Solar'!AD688 -> 0 | N144: ='Resumen-DiarioHorario-Solar'!AD766 -> 0 | O144: ='Resumen-DiarioHorario-Solar'!AD844 -> 0 | P144: ='Resumen-DiarioHorario-Solar'!AD922 -> 0 | Q144: ='Resumen-DiarioHorario-Solar'!AD1000 -> 0 | R144: ='Resumen-DiarioHorario-Solar'!AD1078 -> 0 | S144: ='Resumen-DiarioHorario-Solar'!AD1156 -> 0 | T144: ='Resumen-DiarioHorario-Solar'!AD1234 -> 0 | U144: ='Resumen-DiarioHorario-Solar'!AD1312 -> 0 | V144: ='Resumen-DiarioHorario-Solar'!AD1390 -> 0 | W144: ='Resumen-DiarioHorario-Solar'!AD1468 -> 0 | X144: ='Resumen-DiarioHorario-Solar'!AD1546 -> 0 | Y144: ='Resumen-DiarioHorario-Solar'!AD1624 -> 0 | Z144: ='Resumen-DiarioHorario-Solar'!AD1702 -> 0 | AA144: ='Resumen-DiarioHorario-Solar'!AD1780 -> 0 | AB144: ='Resumen-DiarioHorario-Solar'!AD1858 -> 0 | AC144: ='Resumen-DiarioHorario-Solar'!AD1936 -> 0 | AD144: ='Resumen-DiarioHorario-Solar'!AD2014 -> 0 | AE144: ='Resumen-DiarioHorario-Solar'!AD2092 -> 0 | AF144: ='Resumen-DiarioHorario-Solar'!AD2170 -> 0 | AG144: ='Resumen-DiarioHorario-Solar'!AD2248 -> 0 | AH144: ='Resumen-DiarioHorario-Solar'!AD2326 -> 0 | AI144: =+'Resumen-DiarioHorario-Solar'!AD2404 -> 0 | AK144: =SUM(E144:AI144) -> 0
B145: PFV-MESETADELOSANDES | E145: ='Resumen-DiarioHorario-Solar'!AD65 -> 444.785 | F145: ='Resumen-DiarioHorario-Solar'!AD143 -> 219.88367 | G145: ='Resumen-DiarioHorario-Solar'!AD221 -> 81.8615 | H145: ='Resumen-DiarioHorario-Solar'!AD299 -> 340.421 | I145: ='Resumen-DiarioHorario-Solar'!AD377 -> 1.712 | J145: ='Resumen-DiarioHorario-Solar'!AD455 -> 438.66867 | K145: ='Resumen-DiarioHorario-Solar'!AD533 -> 174.1745 | L145: ='Resumen-DiarioHorario-Solar'!AD611 -> 13.3995 | M145: ='Resumen-DiarioHorario-Solar'!AD689 -> 274.6715 | N145: ='Resumen-DiarioHorario-Solar'!AD767 -> 319.16583 | O145: ='Resumen-DiarioHorario-Solar'!AD845 -> 196.1035 | P145: ='Resumen-DiarioHorario-Solar'!AD923 -> 346.64617 | Q145: ='Resumen-DiarioHorario-Solar'!AD1001 -> 232.18233 | R145: ='Resumen-DiarioHorario-Solar'!AD1079 -> 262.59233 | S145: ='Resumen-DiarioHorario-Solar'!AD1157 -> 162.18583 | T145: ='Resumen-DiarioHorario-Solar'!AD1235 -> 218.7295 | U145: ='Resumen-DiarioHorario-Solar'!AD1313 -> 407.978 | V145: ='Resumen-DiarioHorario-Solar'!AD1391 -> 169.01783 | W145: ='Resumen-DiarioHorario-Solar'!AD1469 -> 158.33433 | X145: ='Resumen-DiarioHorario-Solar'!AD1547 -> 58.780333 | Y145: ='Resumen-DiarioHorario-Solar'!AD1625 -> 109.90467 | Z145: ='Resumen-DiarioHorario-Solar'!AD1703 -> 35.273333 | AA145: ='Resumen-DiarioHorario-Solar'!AD1781 -> 9.2436667 | AB145: ='Resumen-DiarioHorario-Solar'!AD1859 -> 103.93167 | AC145: ='Resumen-DiarioHorario-Solar'!AD1937 -> 121.5805 | AD145: ='Resumen-DiarioHorario-Solar'!AD2015 -> 214.21067 | AE145: ='Resumen-DiarioHorario-Solar'!AD2093 -> 25.073 | AF145: ='Resumen-DiarioHorario-Solar'!AD2171 -> 131.485 | AG145: ='Resumen-DiarioHorario-Solar'!AD2249 -> 22.823167 | AH145: ='Resumen-DiarioHorario-Solar'!AD2327 -> 199.54783 | AI145: =+'Resumen-DiarioHorario-Solar'!AD2405 -> 181.17317 | AK145: =SUM(E145:AI145) -> 5675.54
B146: PFV-MANZANO | E146: ='Resumen-DiarioHorario-Solar'!AD66 -> 0 | F146: ='Resumen-DiarioHorario-Solar'!AD144 -> 0 | G146: ='Resumen-DiarioHorario-Solar'!AD222 -> 0 | H146: ='Resumen-DiarioHorario-Solar'!AD300 -> 0 | I146: ='Resumen-DiarioHorario-Solar'!AD378 -> 0 | J146: ='Resumen-DiarioHorario-Solar'!AD456 -> 0 | K146: ='Resumen-DiarioHorario-Solar'!AD534 -> 0 | L146: ='Resumen-DiarioHorario-Solar'!AD612 -> 0 | M146: ='Resumen-DiarioHorario-Solar'!AD690 -> 0 | N146: ='Resumen-DiarioHorario-Solar'!AD768 -> 0 | O146: ='Resumen-DiarioHorario-Solar'!AD846 -> 0 | P146: ='Resumen-DiarioHorario-Solar'!AD924 -> 0 | Q146: ='Resumen-DiarioHorario-Solar'!AD1002 -> 0 | R146: ='Resumen-DiarioHorario-Solar'!AD1080 -> 0 | S146: ='Resumen-DiarioHorario-Solar'!AD1158 -> 0 | T146: ='Resumen-DiarioHorario-Solar'!AD1236 -> 0 | U146: ='Resumen-DiarioHorario-Solar'!AD1314 -> 0 | V146: ='Resumen-DiarioHorario-Solar'!AD1392 -> 0 | W146: ='Resumen-DiarioHorario-Solar'!AD1470 -> 0 | X146: ='Resumen-DiarioHorario-Solar'!AD1548 -> 0 | Y146: ='Resumen-DiarioHorario-Solar'!AD1626 -> 0 | Z146: ='Resumen-DiarioHorario-Solar'!AD1704 -> 0 | AA146: ='Resumen-DiarioHorario-Solar'!AD1782 -> 0 | AB146: ='Resumen-DiarioHorario-Solar'!AD1860 -> 0 | AC146: ='Resumen-DiarioHorario-Solar'!AD1938 -> 0 | AD146: ='Resumen-DiarioHorario-Solar'!AD2016 -> 0 | AE146: ='Resumen-DiarioHorario-Solar'!AD2094 -> 0 | AF146: ='Resumen-DiarioHorario-Solar'!AD2172 -> 0 | AG146: ='Resumen-DiarioHorario-Solar'!AD2250 -> 0 | AH146: ='Resumen-DiarioHorario-Solar'!AD2328 -> 0 | AI146: =+'Resumen-DiarioHorario-Solar'!AD2406 -> 0 | AK146: =SUM(E146:AI146) -> 0
B147: PFV-ELENA | E147: ='Resumen-DiarioHorario-Solar'!AD67 -> 0 | F147: ='Resumen-DiarioHorario-Solar'!AD145 -> 0 | G147: ='Resumen-DiarioHorario-Solar'!AD223 -> 0 | H147: ='Resumen-DiarioHorario-Solar'!AD301 -> 0 | I147: ='Resumen-DiarioHorario-Solar'!AD379 -> 0 | J147: ='Resumen-DiarioHorario-Solar'!AD457 -> 0 | K147: ='Resumen-DiarioHorario-Solar'!AD535 -> 0 | L147: ='Resumen-DiarioHorario-Solar'!AD613 -> 0 | M147: ='Resumen-DiarioHorario-Solar'!AD691 -> 0 | N147: ='Resumen-DiarioHorario-Solar'!AD769 -> 0 | O147: ='Resumen-DiarioHorario-Solar'!AD847 -> 0 | P147: ='Resumen-DiarioHorario-Solar'!AD925 -> 0 | Q147: ='Resumen-DiarioHorario-Solar'!AD1003 -> 0 | R147: ='Resumen-DiarioHorario-Solar'!AD1081 -> 0 | S147: ='Resumen-DiarioHorario-Solar'!AD1159 -> 0 | T147: ='Resumen-DiarioHorario-Solar'!AD1237 -> 0 | U147: ='Resumen-DiarioHorario-Solar'!AD1315 -> 0 | V147: ='Resumen-DiarioHorario-Solar'!AD1393 -> 0 | W147: ='Resumen-DiarioHorario-Solar'!AD1471 -> 0 | X147: ='Resumen-DiarioHorario-Solar'!AD1549 -> 0 | Y147: ='Resumen-DiarioHorario-Solar'!AD1627 -> 0 | Z147: ='Resumen-DiarioHorario-Solar'!AD1705 -> 0 | AA147: ='Resumen-DiarioHorario-Solar'!AD1783 -> 0 | AB147: ='Resumen-DiarioHorario-Solar'!AD1861 -> 0 | AC147: ='Resumen-DiarioHorario-Solar'!AD1939 -> 0 | AD147: ='Resumen-DiarioHorario-Solar'!AD2017 -> 0 | AE147: ='Resumen-DiarioHorario-Solar'!AD2095 -> 0 | AF147: ='Resumen-DiarioHorario-Solar'!AD2173 -> 0 | AG147: ='Resumen-DiarioHorario-Solar'!AD2251 -> 0 | AH147: ='Resumen-DiarioHorario-Solar'!AD2329 -> 0 | AI147: =+'Resumen-DiarioHorario-Solar'!AD2407 -> 0 | AK147: =SUM(E147:AI147) -> 0
B148: PFV-WILLKA | E148: ='Resumen-DiarioHorario-Solar'!AD68 -> 411.81967 | F148: ='Resumen-DiarioHorario-Solar'!AD146 -> 242.569 | G148: ='Resumen-DiarioHorario-Solar'!AD224 -> 206.9605 | H148: ='Resumen-DiarioHorario-Solar'!AD302 -> 145.987 | I148: ='Resumen-DiarioHorario-Solar'!AD380 -> 73.8615 | J148: ='Resumen-DiarioHorario-Solar'!AD458 -> 321.44633 | K148: ='Resumen-DiarioHorario-Solar'!AD536 -> 391.11433 | L148: ='Resumen-DiarioHorario-Solar'!AD614 -> 279.98233 | M148: ='Resumen-DiarioHorario-Solar'!AD692 -> 322.617 | N148: ='Resumen-DiarioHorario-Solar'!AD770 -> 344.52567 | O148: ='Resumen-DiarioHorario-Solar'!AD848 -> 379.88317 | P148: ='Resumen-DiarioHorario-Solar'!AD926 -> 227.18183 | Q148: ='Resumen-DiarioHorario-Solar'!AD1004 -> 346.26667 | R148: ='Resumen-DiarioHorario-Solar'!AD1082 -> 298.18267 | S148: ='Resumen-DiarioHorario-Solar'!AD1160 -> 321.3825 | T148: ='Resumen-DiarioHorario-Solar'!AD1238 -> 357.84117 | U148: ='Resumen-DiarioHorario-Solar'!AD1316 -> 383.46783 | V148: ='Resumen-DiarioHorario-Solar'!AD1394 -> 359.25633 | W148: ='Resumen-DiarioHorario-Solar'!AD1472 -> 264.64333 | X148: ='Resumen-DiarioHorario-Solar'!AD1550 -> 187.10833 | Y148: ='Resumen-DiarioHorario-Solar'!AD1628 -> 181.05383 | Z148: ='Resumen-DiarioHorario-Solar'!AD1706 -> 237.7075 | AA148: ='Resumen-DiarioHorario-Solar'!AD1784 -> 362.8645 | AB148: ='Resumen-DiarioHorario-Solar'!AD1862 -> 201.83467 | AC148: ='Resumen-DiarioHorario-Solar'!AD1940 -> 315.13133 | AD148: ='Resumen-DiarioHorario-Solar'!AD2018 -> 343.79167 | AE148: ='Resumen-DiarioHorario-Solar'!AD2096 -> 138.52567 | AF148: ='Resumen-DiarioHorario-Solar'!AD2174 -> 158.7225 | AG148: ='Resumen-DiarioHorario-Solar'!AD2252 -> 114.1495 | AH148: ='Resumen-DiarioHorario-Solar'!AD2330 -> 278.459 | AI148: =+'Resumen-DiarioHorario-Solar'!AD2408 -> 241.09 | AK148: =SUM(E148:AI148) -> 8439.4273
B149: PFV-LASSALINAS | E149: ='Resumen-DiarioHorario-Solar'!AD69 -> 1515.2232 | F149: ='Resumen-DiarioHorario-Solar'!AD147 -> 853.56687 | G149: ='Resumen-DiarioHorario-Solar'!AD225 -> 1055.8032 | H149: ='Resumen-DiarioHorario-Solar'!AD303 -> 1176.3942 | I149: ='Resumen-DiarioHorario-Solar'!AD381 -> 693.22667 | J149: ='Resumen-DiarioHorario-Solar'!AD459 -> 887.42203 | K149: ='Resumen-DiarioHorario-Solar'!AD537 -> 1179.5455 | L149: ='Resumen-DiarioHorario-Solar'!AD615 -> 862.7972 | M149: ='Resumen-DiarioHorario-Solar'!AD693 -> 1098.7832 | N149: ='Resumen-DiarioHorario-Solar'!AD771 -> 1110.8032 | O149: ='Resumen-DiarioHorario-Solar'!AD849 -> 1310.2699 | P149: ='Resumen-DiarioHorario-Solar'!AD927 -> 979.32553 | Q149: ='Resumen-DiarioHorario-Solar'!AD1005 -> 1242.8817 | R149: ='Resumen-DiarioHorario-Solar'!AD1083 -> 1079.8272 | S149: ='Resumen-DiarioHorario-Solar'!AD1161 -> 1278.5727 | T149: ='Resumen-DiarioHorario-Solar'!AD1239 -> 1094.5155 | U149: ='Resumen-DiarioHorario-Solar'!AD1317 -> 1354.586 | V149: ='Resumen-DiarioHorario-Solar'!AD1395 -> 1400.681 | W149: ='Resumen-DiarioHorario-Solar'!AD1473 -> 772.51633 | X149: ='Resumen-DiarioHorario-Solar'!AD1551 -> 821.294 | Y149: ='Resumen-DiarioHorario-Solar'!AD1629 -> 1782.928 | Z149: ='Resumen-DiarioHorario-Solar'!AD1707 -> 729.92497 | AA149: ='Resumen-DiarioHorario-Solar'!AD1785 -> 943.29547 | AB149: ='Resumen-DiarioHorario-Solar'!AD1863 -> 850.74047 | AC149: ='Resumen-DiarioHorario-Solar'!AD1941 -> 1009.4257 | AD149: ='Resumen-DiarioHorario-Solar'!AD2019 -> 1020.6767 | AE149: ='Resumen-DiarioHorario-Solar'!AD2097 -> 1021.4757 | AF149: ='Resumen-DiarioHorario-Solar'!AD2175 -> 1110.6017 | AG149: ='Resumen-DiarioHorario-Solar'!AD2253 -> 673.21197 | AH149: ='Resumen-DiarioHorario-Solar'!AD2331 -> 1024.7218 | AI149: =+'Resumen-DiarioHorario-Solar'!AD2409 -> 785.9425 | AK149: =SUM(E149:AI149) -> 32720.98
B150: PFV-LALACKAMA-2 | E150: ='Resumen-DiarioHorario-Solar'!AD70 -> 96.3885 | F150: ='Resumen-DiarioHorario-Solar'!AD148 -> 48.652333 | G150: ='Resumen-DiarioHorario-Solar'!AD226 -> 69.086833 | H150: ='Resumen-DiarioHorario-Solar'!AD304 -> 72.841833 | I150: ='Resumen-DiarioHorario-Solar'!AD382 -> 36.613167 | J150: ='Resumen-DiarioHorario-Solar'!AD460 -> 51.634 | K150: ='Resumen-DiarioHorario-Solar'!AD538 -> 69.137167 | L150: ='Resumen-DiarioHorario-Solar'!AD616 -> 46.8765 | M150: ='Resumen-DiarioHorario-Solar'!AD694 -> 65.9875 | N150: ='Resumen-DiarioHorario-Solar'!AD772 -> 61.104 | O150: ='Resumen-DiarioHorario-Solar'!AD850 -> 78.406333 | P150: ='Resumen-DiarioHorario-Solar'!AD928 -> 56.836667 | Q150: ='Resumen-DiarioHorario-Solar'!AD1006 -> 76.513833 | R150: ='Resumen-DiarioHorario-Solar'!AD1084 -> 64.495667 | S150: ='Resumen-DiarioHorario-Solar'!AD1162 -> 74.021 | T150: ='Resumen-DiarioHorario-Solar'!AD1240 -> 69.712167 | U150: ='Resumen-DiarioHorario-Solar'!AD1318 -> 81.224833 | V150: ='Resumen-DiarioHorario-Solar'!AD1396 -> 86.708333 | W150: ='Resumen-DiarioHorario-Solar'!AD1474 -> 50.572667 | X150: ='Resumen-DiarioHorario-Solar'!AD1552 -> 42.3365 | Y150: ='Resumen-DiarioHorario-Solar'!AD1630 -> 55.177333 | Z150: ='Resumen-DiarioHorario-Solar'!AD1708 -> 37.6405 | AA150: ='Resumen-DiarioHorario-Solar'!AD1786 -> 57.044167 | AB150: ='Resumen-DiarioHorario-Solar'!AD1864 -> 58.7695 | AC150: ='Resumen-DiarioHorario-Solar'!AD1942 -> 56.148333 | AD150: ='Resumen-DiarioHorario-Solar'!AD2020 -> 64.977 | AE150: ='Resumen-DiarioHorario-Solar'!AD2098 -> 49.203667 | AF150: ='Resumen-DiarioHorario-Solar'!AD2176 -> 53.8825 | AG150: ='Resumen-DiarioHorario-Solar'!AD2254 -> 30.412333 | AH150: ='Resumen-DiarioHorario-Solar'!AD2332 -> 64.541667 | AI150: =+'Resumen-DiarioHorario-Solar'!AD2410 -> 51.1515 | AK150: =SUM(E150:AI150) -> 1878.0983
B151: PFV-CEME1 | E151: ='Resumen-DiarioHorario-Solar'!AD71 -> 1258.4272 | F151: ='Resumen-DiarioHorario-Solar'!AD149 -> 802.965 | G151: ='Resumen-DiarioHorario-Solar'!AD227 -> 798.82083 | H151: ='Resumen-DiarioHorario-Solar'!AD305 -> 490.53217 | I151: ='Resumen-DiarioHorario-Solar'!AD383 -> 266.23983 | J151: ='Resumen-DiarioHorario-Solar'!AD461 -> 650.91033 | K151: ='Resumen-DiarioHorario-Solar'!AD539 -> 809.54317 | L151: ='Resumen-DiarioHorario-Solar'!AD617 -> 574.7005 | M151: ='Resumen-DiarioHorario-Solar'!AD695 -> 72.3025 | N151: ='Resumen-DiarioHorario-Solar'!AD773 -> 33.930833 | O151: ='Resumen-DiarioHorario-Solar'!AD851 -> 967.73617 | P151: ='Resumen-DiarioHorario-Solar'!AD929 -> 727.98083 | Q151: ='Resumen-DiarioHorario-Solar'!AD1007 -> 951.7965 | R151: ='Resumen-DiarioHorario-Solar'!AD1085 -> 901.05833 | S151: ='Resumen-DiarioHorario-Solar'!AD1163 -> 1098.484 | T151: ='Resumen-DiarioHorario-Solar'!AD1241 -> 759.58833 | U151: ='Resumen-DiarioHorario-Solar'!AD1319 -> 1144.2677 | V151: ='Resumen-DiarioHorario-Solar'!AD1397 -> 1140.466 | W151: ='Resumen-DiarioHorario-Solar'!AD1475 -> 437.91 | X151: ='Resumen-DiarioHorario-Solar'!AD1553 -> 290.17733 | Y151: ='Resumen-DiarioHorario-Solar'!AD1631 -> 571.50067 | Z151: ='Resumen-DiarioHorario-Solar'!AD1709 -> 345.0575 | AA151: ='Resumen-DiarioHorario-Solar'!AD1787 -> 702.91417 | AB151: ='Resumen-DiarioHorario-Solar'!AD1865 -> 669.4135 | AC151: ='Resumen-DiarioHorario-Solar'!AD1943 -> 655.60933 | AD151: ='Resumen-DiarioHorario-Solar'!AD2021 -> 595.65383 | AE151: ='Resumen-DiarioHorario-Solar'!AD2099 -> 265.688 | AF151: ='Resumen-DiarioHorario-Solar'!AD2177 -> 259.43067 | AG151: ='Resumen-DiarioHorario-Solar'!AD2255 -> 233.74117 | AH151: ='Resumen-DiarioHorario-Solar'!AD2333 -> 304.14467 | AI151: =+'Resumen-DiarioHorario-Solar'!AD2411 -> 338.98383 | AK151: =SUM(E151:AI151) -> 19119.975
B152: PFV TAMANGO | E152: ='Resumen-DiarioHorario-Solar'!AD72 -> 321.04683 | F152: ='Resumen-DiarioHorario-Solar'!AD150 -> 197.3205 | G152: ='Resumen-DiarioHorario-Solar'!AD228 -> 0.3915 | H152: ='Resumen-DiarioHorario-Solar'!AD306 -> 0.94816667 | I152: ='Resumen-DiarioHorario-Solar'!AD384 -> 12.776667 | J152: ='Resumen-DiarioHorario-Solar'!AD462 -> 0.0395 | K152: ='Resumen-DiarioHorario-Solar'!AD540 -> 2.2163333 | L152: ='Resumen-DiarioHorario-Solar'!AD618 -> 2.5671667 | M152: ='Resumen-DiarioHorario-Solar'!AD696 -> 0.4945 | N152: ='Resumen-DiarioHorario-Solar'!AD774 -> 0.31933333 | O152: ='Resumen-DiarioHorario-Solar'!AD852 -> 0 | P152: ='Resumen-DiarioHorario-Solar'!AD930 -> 0.44516667 | Q152: ='Resumen-DiarioHorario-Solar'!AD1008 -> 0 | R152: ='Resumen-DiarioHorario-Solar'!AD1086 -> 0.37283333 | S152: ='Resumen-DiarioHorario-Solar'!AD1164 -> 6.3206667 | T152: ='Resumen-DiarioHorario-Solar'!AD1242 -> 0 | U152: ='Resumen-DiarioHorario-Solar'!AD1320 -> 102.72517 | V152: ='Resumen-DiarioHorario-Solar'!AD1398 -> 214.87333 | W152: ='Resumen-DiarioHorario-Solar'!AD1476 -> 58.973 | X152: ='Resumen-DiarioHorario-Solar'!AD1554 -> 0 | Y152: ='Resumen-DiarioHorario-Solar'!AD1632 -> 94.713167 | Z152: ='Resumen-DiarioHorario-Solar'!AD1710 -> 90.785667 | AA152: ='Resumen-DiarioHorario-Solar'!AD1788 -> 1.4333333 | AB152: ='Resumen-DiarioHorario-Solar'!AD1866 -> 0.90816667 | AC152: ='Resumen-DiarioHorario-Solar'!AD1944 -> 4.23 | AD152: ='Resumen-DiarioHorario-Solar'!AD2022 -> 1.393 | AE152: ='Resumen-DiarioHorario-Solar'!AD2100 -> 1.7151667 | AF152: ='Resumen-DiarioHorario-Solar'!AD2178 -> 0.9705 | AG152: ='Resumen-DiarioHorario-Solar'!AD2256 -> 0.59233333 | AH152: ='Resumen-DiarioHorario-Solar'!AD2334 -> 0 | AI152: =+'Resumen-DiarioHorario-Solar'!AD2412 -> 56.749 | AK152: =SUM(E152:AI152) -> 1175.321
B153: PFV-DONAANTONIA | E153: ='Resumen-DiarioHorario-Solar'!AD73 -> 266.30933 | F153: ='Resumen-DiarioHorario-Solar'!AD151 -> 237.189 | G153: ='Resumen-DiarioHorario-Solar'!AD229 -> 226.78183 | H153: ='Resumen-DiarioHorario-Solar'!AD307 -> 7.7905 | I153: ='Resumen-DiarioHorario-Solar'!AD385 -> 5.7631667 | J153: ='Resumen-DiarioHorario-Solar'!AD463 -> 7.2153333 | K153: ='Resumen-DiarioHorario-Solar'!AD541 -> 3.3986667 | L153: ='Resumen-DiarioHorario-Solar'!AD619 -> 0 | M153: ='Resumen-DiarioHorario-Solar'!AD697 -> 2.8425 | N153: ='Resumen-DiarioHorario-Solar'!AD775 -> 1.588 | O153: ='Resumen-DiarioHorario-Solar'!AD853 -> 0.79666667 | P153: ='Resumen-DiarioHorario-Solar'!AD931 -> 0.39233333 | Q153: ='Resumen-DiarioHorario-Solar'!AD1009 -> 0.013 | R153: ='Resumen-DiarioHorario-Solar'!AD1087 -> 0.16066667 | S153: ='Resumen-DiarioHorario-Solar'!AD1165 -> 2.472 | T153: ='Resumen-DiarioHorario-Solar'!AD1243 -> 159.195 | U153: ='Resumen-DiarioHorario-Solar'!AD1321 -> 141.90067 | V153: ='Resumen-DiarioHorario-Solar'!AD1399 -> 0 | W153: ='Resumen-DiarioHorario-Solar'!AD1477 -> 0 | X153: ='Resumen-DiarioHorario-Solar'!AD1555 -> 0 | Y153: ='Resumen-DiarioHorario-Solar'!AD1633 -> 0 | Z153: ='Resumen-DiarioHorario-Solar'!AD1711 -> 0 | AA153: ='Resumen-DiarioHorario-Solar'!AD1789 -> 0 | AB153: ='Resumen-DiarioHorario-Solar'!AD1867 -> 2.0025 | AC153: ='Resumen-DiarioHorario-Solar'!AD1945 -> 0.7595 | AD153: ='Resumen-DiarioHorario-Solar'!AD2023 -> 2.0286667 | AE153: ='Resumen-DiarioHorario-Solar'!AD2101 -> 2.825 | AF153: ='Resumen-DiarioHorario-Solar'!AD2179 -> 0 | AG153: ='Resumen-DiarioHorario-Solar'!AD2257 -> 0.087333333 | AH153: ='Resumen-DiarioHorario-Solar'!AD2335 -> 175.52433 | AI153: =+'Resumen-DiarioHorario-Solar'!AD2413 -> 130.40533 | AK153: =SUM(E153:AI153) -> 1377.4413
B154: PFV-DONHUMBERTO | D154: † | E154: ='Resumen-DiarioHorario-Solar'!AD74 -> 0 | F154: ='Resumen-DiarioHorario-Solar'!AD152 -> 0 | G154: ='Resumen-DiarioHorario-Solar'!AD230 -> 0 | H154: ='Resumen-DiarioHorario-Solar'!AD308 -> 0 | I154: ='Resumen-DiarioHorario-Solar'!AD386 -> 0 | J154: ='Resumen-DiarioHorario-Solar'!AD464 -> 0 | K154: ='Resumen-DiarioHorario-Solar'!AD542 -> 0 | L154: ='Resumen-DiarioHorario-Solar'!AD620 -> 0 | M154: ='Resumen-DiarioHorario-Solar'!AD698 -> 0 | N154: ='Resumen-DiarioHorario-Solar'!AD776 -> 0 | O154: ='Resumen-DiarioHorario-Solar'!AD854 -> 0 | P154: ='Resumen-DiarioHorario-Solar'!AD932 -> 0 | Q154: ='Resumen-DiarioHorario-Solar'!AD1010 -> 0 | R154: ='Resumen-DiarioHorario-Solar'!AD1088 -> 0 | S154: ='Resumen-DiarioHorario-Solar'!AD1166 -> 0 | T154: ='Resumen-DiarioHorario-Solar'!AD1244 -> 0 | U154: ='Resumen-DiarioHorario-Solar'!AD1322 -> 0 | V154: ='Resumen-DiarioHorario-Solar'!AD1400 -> 0 | W154: ='Resumen-DiarioHorario-Solar'!AD1478 -> 0 | X154: ='Resumen-DiarioHorario-Solar'!AD1556 -> 0 | Y154: ='Resumen-DiarioHorario-Solar'!AD1634 -> 0 | Z154: ='Resumen-DiarioHorario-Solar'!AD1712 -> 0 | AA154: ='Resumen-DiarioHorario-Solar'!AD1790 -> 0 | AB154: ='Resumen-DiarioHorario-Solar'!AD1868 -> 0 | AC154: ='Resumen-DiarioHorario-Solar'!AD1946 -> 0 | AD154: ='Resumen-DiarioHorario-Solar'!AD2024 -> 0 | AE154: ='Resumen-DiarioHorario-Solar'!AD2102 -> 0 | AF154: ='Resumen-DiarioHorario-Solar'!AD2180 -> 0 | AG154: ='Resumen-DiarioHorario-Solar'!AD2258 -> 0 | AH154: ='Resumen-DiarioHorario-Solar'!AD2336 -> 0 | AI154: =+'Resumen-DiarioHorario-Solar'!AD2414 -> 0 | AK154: =SUM(E154:AI154) -> 0
B155: PFV-GRANTENO | E155: ='Resumen-DiarioHorario-Solar'!AD75 -> 693.47537 | F155: ='Resumen-DiarioHorario-Solar'!AD153 -> 179.90318 | G155: ='Resumen-DiarioHorario-Solar'!AD231 -> 250.197 | H155: ='Resumen-DiarioHorario-Solar'!AD309 -> 1239.5251 | I155: ='Resumen-DiarioHorario-Solar'!AD387 -> 71.215833 | J155: ='Resumen-DiarioHorario-Solar'!AD465 -> 1204.1651 | K155: ='Resumen-DiarioHorario-Solar'!AD543 -> 221.48873 | L155: ='Resumen-DiarioHorario-Solar'!AD621 -> 89.818833 | M155: ='Resumen-DiarioHorario-Solar'!AD699 -> 297.17633 | N155: ='Resumen-DiarioHorario-Solar'!AD777 -> 272.6475 | O155: ='Resumen-DiarioHorario-Solar'!AD855 -> 0 | P155: ='Resumen-DiarioHorario-Solar'!AD933 -> 215.31266 | Q155: ='Resumen-DiarioHorario-Solar'!AD1011 -> 416.01557 | R155: ='Resumen-DiarioHorario-Solar'!AD1089 -> 345.8925 | S155: ='Resumen-DiarioHorario-Solar'!AD1167 -> 461.15333 | T155: ='Resumen-DiarioHorario-Solar'!AD1245 -> 438.3128 | U155: ='Resumen-DiarioHorario-Solar'!AD1323 -> 608.16197 | V155: ='Resumen-DiarioHorario-Solar'!AD1401 -> 673.03963 | W155: ='Resumen-DiarioHorario-Solar'!AD1479 -> 7.3269567 | X155: ='Resumen-DiarioHorario-Solar'!AD1557 -> 21.032865 | Y155: ='Resumen-DiarioHorario-Solar'!AD1635 -> 230.5654 | Z155: ='Resumen-DiarioHorario-Solar'!AD1713 -> 99.618875 | AA155: ='Resumen-DiarioHorario-Solar'!AD1791 -> 25.010333 | AB155: ='Resumen-DiarioHorario-Solar'!AD1869 -> 0 | AC155: ='Resumen-DiarioHorario-Solar'!AD1947 -> 0 | AD155: ='Resumen-DiarioHorario-Solar'!AD2025 -> 85.929275 | AE155: ='Resumen-DiarioHorario-Solar'!AD2103 -> 949.84943 | AF155: ='Resumen-DiarioHorario-Solar'!AD2181 -> 0 | AG155: ='Resumen-DiarioHorario-Solar'!AD2259 -> 0 | AH155: ='Resumen-DiarioHorario-Solar'!AD2337 -> 907.68903 | AI155: =+'Resumen-DiarioHorario-Solar'!AD2415 -> 551.07083 | AK155: =SUM(E155:AI155) -> 10555.594
B156: PFV-ANDESIV | D156: † | E156: ='Resumen-DiarioHorario-Solar'!AD76 -> 0 | F156: ='Resumen-DiarioHorario-Solar'!AD154 -> 0 | G156: ='Resumen-DiarioHorario-Solar'!AD232 -> 0 | H156: ='Resumen-DiarioHorario-Solar'!AD310 -> 0 | I156: ='Resumen-DiarioHorario-Solar'!AD388 -> 0 | J156: ='Resumen-DiarioHorario-Solar'!AD466 -> 0 | K156: ='Resumen-DiarioHorario-Solar'!AD544 -> 0 | L156: ='Resumen-DiarioHorario-Solar'!AD622 -> 0 | M156: ='Resumen-DiarioHorario-Solar'!AD700 -> 0 | N156: ='Resumen-DiarioHorario-Solar'!AD778 -> 0 | O156: ='Resumen-DiarioHorario-Solar'!AD856 -> 0 | P156: ='Resumen-DiarioHorario-Solar'!AD934 -> 0 | Q156: ='Resumen-DiarioHorario-Solar'!AD1012 -> 0 | R156: ='Resumen-DiarioHorario-Solar'!AD1090 -> 0 | S156: ='Resumen-DiarioHorario-Solar'!AD1168 -> 0 | T156: ='Resumen-DiarioHorario-Solar'!AD1246 -> 0 | U156: ='Resumen-DiarioHorario-Solar'!AD1324 -> 0 | V156: ='Resumen-DiarioHorario-Solar'!AD1402 -> 0 | W156: ='Resumen-DiarioHorario-Solar'!AD1480 -> 0 | X156: ='Resumen-DiarioHorario-Solar'!AD1558 -> 0 | Y156: ='Resumen-DiarioHorario-Solar'!AD1636 -> 0 | Z156: ='Resumen-DiarioHorario-Solar'!AD1714 -> 0 | AA156: ='Resumen-DiarioHorario-Solar'!AD1792 -> 0 | AB156: ='Resumen-DiarioHorario-Solar'!AD1870 -> 0 | AC156: ='Resumen-DiarioHorario-Solar'!AD1948 -> 0 | AD156: ='Resumen-DiarioHorario-Solar'!AD2026 -> 0 | AE156: ='Resumen-DiarioHorario-Solar'!AD2104 -> 0 | AF156: ='Resumen-DiarioHorario-Solar'!AD2182 -> 0 | AG156: ='Resumen-DiarioHorario-Solar'!AD2260 -> 0 | AH156: ='Resumen-DiarioHorario-Solar'!AD2338 -> 0 | AI156: =+'Resumen-DiarioHorario-Solar'!AD2416 -> 0 | AK156: =SUM(E156:AI156) -> 0
B157: PFV-TAMARICO | E157: ='Resumen-DiarioHorario-Solar'!AD77 -> 183.4825 | F157: ='Resumen-DiarioHorario-Solar'!AD155 -> 86.147667 | G157: ='Resumen-DiarioHorario-Solar'!AD233 -> 50.895 | H157: ='Resumen-DiarioHorario-Solar'!AD311 -> 73.704167 | I157: ='Resumen-DiarioHorario-Solar'!AD389 -> 208.852 | J157: ='Resumen-DiarioHorario-Solar'!AD467 -> 16.031167 | K157: ='Resumen-DiarioHorario-Solar'!AD545 -> 70.256 | L157: ='Resumen-DiarioHorario-Solar'!AD623 -> 0 | M157: ='Resumen-DiarioHorario-Solar'!AD701 -> 10.309667 | N157: ='Resumen-DiarioHorario-Solar'!AD779 -> 0.0076666667 | O157: ='Resumen-DiarioHorario-Solar'!AD857 -> 55.2625 | P157: ='Resumen-DiarioHorario-Solar'!AD935 -> 49.598333 | Q157: ='Resumen-DiarioHorario-Solar'!AD1013 -> 97.220833 | R157: ='Resumen-DiarioHorario-Solar'!AD1091 -> 130.47833 | S157: ='Resumen-DiarioHorario-Solar'!AD1169 -> 0 | T157: ='Resumen-DiarioHorario-Solar'!AD1247 -> 0 | U157: ='Resumen-DiarioHorario-Solar'!AD1325 -> 0 | V157: ='Resumen-DiarioHorario-Solar'!AD1403 -> 0 | W157: ='Resumen-DiarioHorario-Solar'!AD1481 -> 0 | X157: ='Resumen-DiarioHorario-Solar'!AD1559 -> 0 | Y157: ='Resumen-DiarioHorario-Solar'!AD1637 -> 0 | Z157: ='Resumen-DiarioHorario-Solar'!AD1715 -> 0 | AA157: ='Resumen-DiarioHorario-Solar'!AD1793 -> 0 | AB157: ='Resumen-DiarioHorario-Solar'!AD1871 -> 0.13733333 | AC157: ='Resumen-DiarioHorario-Solar'!AD1949 -> 15.525667 | AD157: ='Resumen-DiarioHorario-Solar'!AD2027 -> 0.036833333 | AE157: ='Resumen-DiarioHorario-Solar'!AD2105 -> 0 | AF157: ='Resumen-DiarioHorario-Solar'!AD2183 -> 0.94983333 | AG157: ='Resumen-DiarioHorario-Solar'!AD2261 -> 38.668333 | AH157: ='Resumen-DiarioHorario-Solar'!AD2339 -> 44.295333 | AI157: =+'Resumen-DiarioHorario-Solar'!AD2417 -> 109.97067 | AK157: =SUM(E157:AI157) -> 1241.8298
B158: PFV-TAIRA | E158: ='Resumen-DiarioHorario-Solar'!AD78 -> 700.79417 | F158: ='Resumen-DiarioHorario-Solar'!AD156 -> 236.40333 | G158: ='Resumen-DiarioHorario-Solar'!AD234 -> 401.74617 | H158: ='Resumen-DiarioHorario-Solar'!AD312 -> 631.20417 | I158: ='Resumen-DiarioHorario-Solar'!AD390 -> 272.99283 | J158: ='Resumen-DiarioHorario-Solar'!AD468 -> 662.3505 | K158: ='Resumen-DiarioHorario-Solar'!AD546 -> 681.97783 | L158: ='Resumen-DiarioHorario-Solar'!AD624 -> 468.68017 | M158: ='Resumen-DiarioHorario-Solar'!AD702 -> 567.77983 | N158: ='Resumen-DiarioHorario-Solar'!AD780 -> 551.56917 | O158: ='Resumen-DiarioHorario-Solar'!AD858 -> 977.4545 | P158: ='Resumen-DiarioHorario-Solar'!AD936 -> 861.1245 | Q158: ='Resumen-DiarioHorario-Solar'!AD1014 -> 762.789 | R158: ='Resumen-DiarioHorario-Solar'!AD1092 -> 539.258 | S158: ='Resumen-DiarioHorario-Solar'!AD1170 -> 615.43817 | T158: ='Resumen-DiarioHorario-Solar'!AD1248 -> 260.12817 | U158: ='Resumen-DiarioHorario-Solar'!AD1326 -> 565.965 | V158: ='Resumen-DiarioHorario-Solar'!AD1404 -> 758.53167 | W158: ='Resumen-DiarioHorario-Solar'!AD1482 -> 564.96267 | X158: ='Resumen-DiarioHorario-Solar'!AD1560 -> 453.80683 | Y158: ='Resumen-DiarioHorario-Solar'!AD1638 -> 533.84367 | Z158: ='Resumen-DiarioHorario-Solar'!AD1716 -> 436.55483 | AA158: ='Resumen-DiarioHorario-Solar'!AD1794 -> 410.77417 | AB158: ='Resumen-DiarioHorario-Solar'!AD1872 -> 605.5935 | AC158: ='Resumen-DiarioHorario-Solar'!AD1950 -> 612.71317 | AD158: ='Resumen-DiarioHorario-Solar'!AD2028 -> 357.11 | AE158: ='Resumen-DiarioHorario-Solar'!AD2106 -> 430.56133 | AF158: ='Resumen-DiarioHorario-Solar'!AD2184 -> 415.571 | AG158: ='Resumen-DiarioHorario-Solar'!AD2262 -> 394.14867 | AH158: ='Resumen-DiarioHorario-Solar'!AD2340 -> 682.22617 | AI158: =+'Resumen-DiarioHorario-Solar'!AD2418 -> 534.963 | AK158: =SUM(E158:AI158) -> 16949.016
B159: PFV-LEYDA | E159: ='Resumen-DiarioHorario-Solar'!AD79 -> 498.46017 | F159: ='Resumen-DiarioHorario-Solar'!AD157 -> 404.73267 | G159: ='Resumen-DiarioHorario-Solar'!AD235 -> 151.22933 | H159: ='Resumen-DiarioHorario-Solar'!AD313 -> 486.87567 | I159: ='Resumen-DiarioHorario-Solar'!AD391 -> 39.947333 | J159: ='Resumen-DiarioHorario-Solar'!AD469 -> 286.73283 | K159: ='Resumen-DiarioHorario-Solar'!AD547 -> 143.6345 | L159: ='Resumen-DiarioHorario-Solar'!AD625 -> 44.7475 | M159: ='Resumen-DiarioHorario-Solar'!AD703 -> 212.1975 | N159: ='Resumen-DiarioHorario-Solar'!AD781 -> 262.55983 | O159: ='Resumen-DiarioHorario-Solar'!AD859 -> 312.11383 | P159: ='Resumen-DiarioHorario-Solar'!AD937 -> 167.95917 | Q159: ='Resumen-DiarioHorario-Solar'!AD1015 -> 516.99317 | R159: ='Resumen-DiarioHorario-Solar'!AD1093 -> 75.481833 | S159: ='Resumen-DiarioHorario-Solar'!AD1171 -> 306.214 | T159: ='Resumen-DiarioHorario-Solar'!AD1249 -> 288.30233 | U159: ='Resumen-DiarioHorario-Solar'!AD1327 -> 545.46667 | V159: ='Resumen-DiarioHorario-Solar'!AD1405 -> 589.07633 | W159: ='Resumen-DiarioHorario-Solar'!AD1483 -> 113.45933 | X159: ='Resumen-DiarioHorario-Solar'!AD1561 -> 165.82833 | Y159: ='Resumen-DiarioHorario-Solar'!AD1639 -> 477.31967 | Z159: ='Resumen-DiarioHorario-Solar'!AD1717 -> 227.79967 | AA159: ='Resumen-DiarioHorario-Solar'!AD1795 -> 0 | AB159: ='Resumen-DiarioHorario-Solar'!AD1873 -> 361.06483 | AC159: ='Resumen-DiarioHorario-Solar'!AD1951 -> 429.397 | AD159: ='Resumen-DiarioHorario-Solar'!AD2029 -> 110.66083 | AE159: ='Resumen-DiarioHorario-Solar'!AD2107 -> 56.799333 | AF159: ='Resumen-DiarioHorario-Solar'!AD2185 -> 249.2295 | AG159: ='Resumen-DiarioHorario-Solar'!AD2263 -> 357.553 | AH159: ='Resumen-DiarioHorario-Solar'!AD2341 -> 170.0255 | AI159: =+'Resumen-DiarioHorario-Solar'!AD2419 -> 371.89433 | AK159: =SUM(E159:AI159) -> 8423.756
B162: DESGLOSE DIARIO DE CURTAILMENTS DE HIDROELÉCTRICAS DE PASADA
B164: Central / Día | E164: =E86 -> 46023 | F164: =F86 -> 46024 | G164: =G86 -> 46025 | H164: =H86 -> 46026 | I164: =I86 -> 46027 | J164: =J86 -> 46028 | K164: =K86 -> 46029 | L164: =L86 -> 46030 | ... AI164: =AI86 -> 46053 | AJ164: Total
B165: Total | E165: =SUM(E166:E303) -> 969.51625 | F165: =SUM(F166:F303) -> 453.99357 | G165: =SUM(G166:G303) -> 104.18634 | H165: =SUM(H166:H303) -> 189.12418 | I165: =SUM(I166:I303) -> 19.409809 | J165: =SUM(J166:J303) -> 244.96542 | K165: =SUM(K166:K303) -> 394.62323 | L165: =SUM(L166:L303) -> 107.67645 | ... AI165: =SUM(AI166:AI303) -> 210.86091 | AK165: =SUM(AK166:AK303) -> 9346.7424
B166: ABANICO-1 | E166: =+'Resumen-DiarioHorario-HP'!AD8 -> 18.982758 | F166: =+'Resumen-DiarioHorario-HP'!AD152 -> 18.247929 | G166: =+'Resumen-DiarioHorario-HP'!AD296 -> 0 | H166: =+'Resumen-DiarioHorario-HP'!AD440 -> 8.019141 | I166: =+'Resumen-DiarioHorario-HP'!AD584 -> 0 | J166: =+'Resumen-DiarioHorario-HP'!AD728 -> 10.300665 | K166: =+'Resumen-DiarioHorario-HP'!AD872 -> 16.448947 | L166: =+'Resumen-DiarioHorario-HP'!AD1016 -> 0 | M166: =+'Resumen-DiarioHorario-HP'!AD1160 -> 17.235971 | N166: =+'Resumen-DiarioHorario-HP'!AD1304 -> 1.2158508 | O166: =+'Resumen-DiarioHorario-HP'!AD1448 -> 9.1902415 | P166: =+'Resumen-DiarioHorario-HP'!AD1592 -> 0.12494579 | Q166: =+'Resumen-DiarioHorario-HP'!AD1736 -> 30.536228 | R166: =+'Resumen-DiarioHorario-HP'!AD1880 -> 6.3003853 | S166: =+'Resumen-DiarioHorario-HP'!AD2024 -> 0 | T166: =+'Resumen-DiarioHorario-HP'!AD2168 -> 37.437434 | U166: =+'Resumen-DiarioHorario-HP'!AD2312 -> 11.390853 | V166: =+'Resumen-DiarioHorario-HP'!AD2456 -> 0.018250745 | W166: =+'Resumen-DiarioHorario-HP'!AD2600 -> 0.0070991 | X166: =+'Resumen-DiarioHorario-HP'!AD2744 -> 0 | Y166: =+'Resumen-DiarioHorario-HP'!AD2888 -> 0 | Z166: =+'Resumen-DiarioHorario-HP'!AD3032 -> 0 | AA166: =+'Resumen-DiarioHorario-HP'!AD3176 -> 0 | AB166: =+'Resumen-DiarioHorario-HP'!AD3320 -> 0 | AC166: =+'Resumen-DiarioHorario-HP'!AD3464 -> 0.10914054 | AD166: =+'Resumen-DiarioHorario-HP'!AD3608 -> 0 | AE166: =+'Resumen-DiarioHorario-HP'!AD3752 -> 0 | AF166: =+'Resumen-DiarioHorario-HP'!AD3896 -> 0 | AG166: =+'Resumen-DiarioHorario-HP'!AD4040 -> 0 | AH166: =+'Resumen-DiarioHorario-HP'!AD4184 -> 0 | AI166: =+'Resumen-DiarioHorario-HP'!AD4328 -> 18.951265 | AK166: =SUM(E166:AI166) -> 204.5171
B167: ABANICO-3 | E167: =+'Resumen-DiarioHorario-HP'!AD9 -> 18.982758 | F167: =+'Resumen-DiarioHorario-HP'!AD153 -> 18.247929 | G167: =+'Resumen-DiarioHorario-HP'!AD297 -> 0 | H167: =+'Resumen-DiarioHorario-HP'!AD441 -> 8.019141 | I167: =+'Resumen-DiarioHorario-HP'!AD585 -> 0 | J167: =+'Resumen-DiarioHorario-HP'!AD729 -> 10.300665 | K167: =+'Resumen-DiarioHorario-HP'!AD873 -> 16.448947 | L167: =+'Resumen-DiarioHorario-HP'!AD1017 -> 0 | M167: =+'Resumen-DiarioHorario-HP'!AD1161 -> 17.235971 | N167: =+'Resumen-DiarioHorario-HP'!AD1305 -> 1.2158508 | O167: =+'Resumen-DiarioHorario-HP'!AD1449 -> 9.1902415 | P167: =+'Resumen-DiarioHorario-HP'!AD1593 -> 0.12494579 | Q167: =+'Resumen-DiarioHorario-HP'!AD1737 -> 30.536228 | R167: =+'Resumen-DiarioHorario-HP'!AD1881 -> 6.3003853 | S167: =+'Resumen-DiarioHorario-HP'!AD2025 -> 0 | T167: =+'Resumen-DiarioHorario-HP'!AD2169 -> 37.437434 | U167: =+'Resumen-DiarioHorario-HP'!AD2313 -> 11.390853 | V167: =+'Resumen-DiarioHorario-HP'!AD2457 -> 0.018250745 | W167: =+'Resumen-DiarioHorario-HP'!AD2601 -> 0.0070991 | X167: =+'Resumen-DiarioHorario-HP'!AD2745 -> 0 | Y167: =+'Resumen-DiarioHorario-HP'!AD2889 -> 0 | Z167: =+'Resumen-DiarioHorario-HP'!AD3033 -> 0 | AA167: =+'Resumen-DiarioHorario-HP'!AD3177 -> 0 | AB167: =+'Resumen-DiarioHorario-HP'!AD3321 -> 0 | AC167: =+'Resumen-DiarioHorario-HP'!AD3465 -> 0.10914054 | AD167: =+'Resumen-DiarioHorario-HP'!AD3609 -> 0 | AE167: =+'Resumen-DiarioHorario-HP'!AD3753 -> 0 | AF167: =+'Resumen-DiarioHorario-HP'!AD3897 -> 0 | AG167: =+'Resumen-DiarioHorario-HP'!AD4041 -> 0 | AH167: =+'Resumen-DiarioHorario-HP'!AD4185 -> 0 | AI167: =+'Resumen-DiarioHorario-HP'!AD4329 -> 18.951265 | AK167: =SUM(E167:AI167) -> 204.5171
...

Sheet Resumen-DiarioHorario-Eólico
B2: CURTAILMENTS EÓLICAS POR CENTRALES EN FORMA DIARIA/HORARIA
B5: ='Resumen-Mensual'!$E$26 -> 46023
B7: Central/Hora | E7: 1 | F7: 2 | G7: 3 | H7: 4 | I7: 5 | J7: 6 | K7: 7 | L7: 8 | M7: 9 | N7: 10 | O7: 11 | P7: 12 | Q7: 13 | R7: 14 | S7: 15 | T7: 16 | U7: 17 | V7: 18 | W7: 19 | X7: 20 | Y7: 21 | Z7: 22 | AA7: 23 | AB7: 24 | AC7: Total
B8: PE-TCHAMMA | E8: 0 | F8: 0 | G8: 0 | H8: 0 | I8: 0 | J8: 0 | K8: 0 | L8: 13.3955 | M8: 37.648833 | N8: 52.376833 | O8: 10.860167 | P8: 0.46566667 | Q8: 19.315667 | R8: 23.392333 | S8: 30.0095 | T8: 20.194833 | U8: 28.629667 | V8: 57.157833 | W8: 53.765 | X8: 38.5165 | Y8: 0 | Z8: 0 | AA8: 0 | AB8: 0 | AD8: =SUM(E8:AB8) -> 385.72833
B9: PE-SIERRAGORDA | E9: 0 | F9: 0 | G9: 0 | H9: 0 | I9: 0 | J9: 0 | K9: 0 | L9: 1.6946667 | M9: 3.5136667 | N9: 9.6811667 | O9: 5.69 | P9: 9.1383333 | Q9: 23.239667 | R9: 6.4126667 | S9: 10.689 | T9: 37.805833 | U9: 52.1545 | V9: 64.821 | W9: 48.259667 | X9: 39.679667 | Y9: 0 | Z9: 0 | AA9: 0 | AB9: 0 | AD9: =SUM(E9:AB9) -> 312.77983
B10: PE-VALLEDELOSVIENTOS | E10: 0 | F10: 0 | G10: 0 | H10: 0 | I10: 0 | J10: 0 | K10: 0 | L10: 2.097 | M10: 6.53 | N10: 3.89 | O10: 2.67 | P10: 8.56 | Q10: 26.54 | R10: 16.81 | S10: 28.92 | T10: 35.74 | U10: 36.68 | V10: 36.25 | W10: 35.08 | X10: 61.4975 | Y10: 0 | Z10: 0 | AA10: 0 | AB10: 0 | AD10: =SUM(E10:AB10) -> 301.2645
B11: PE-CERROTIGRE | E11: 0 | F11: 0 | G11: 0 | H11: 0 | I11: 0 | J11: 0 | K11: 0 | L11: 0.9 | M11: 3 | N11: 0.9 | O11: 2.5535 | P11: 7.6216667 | Q11: 41.188333 | R11: 60.633667 | S11: 85.570667 | T11: 77.983333 | U11: 86.520667 | V11: 98.465 | W11: 113.54533 | X11: 91.229667 | Y11: 0 | Z11: 0 | AA11: 0 | AB11: 0 | AD11: =SUM(E11:AB11) -> 670.11183
B12: PE-CALAMA | E12: 0 | F12: 0 | G12: 0 | H12: 0 | I12: 0 | J12: 0 | K12: 0 | L12: 1.5885 | M12: 5.8675 | N12: 2.218 | O12: 3.2303333 | P12: 5.1328333 | Q12: 20.125333 | R12: 29.099333 | S12: 57.440167 | T12: 81.55 | U12: 87.474833 | V12: 99.164333 | W12: 13.902333 | X12: 6.908 | Y12: 0 | Z12: 0 | AA12: 0 | AB12: 0 | AD12: =SUM(E12:AB12) -> 413.7015
B13: PE-TALTAL | E13: 0 | F13: 0 | G13: 0 | H13: 0 | I13: 0 | J13: 0 | K13: 0 | L13: 0 | M13: 0 | N13: 0 | O13: 0 | P13: 0 | Q13: 0 | R13: 0 | S13: 0 | T13: 0 | U13: 0 | V13: 0 | W13: 0 | X13: 0 | Y13: 0 | Z13: 0 | AA13: 0 | AB13: 0 | AD13: =SUM(E13:AB13) -> 0
B14: PE-SARCO | E14: 0 | F14: 0 | G14: 0 | H14: 0 | I14: 0 | J14: 0 | K14: 0 | L14: 0 | M14: 0 | N14: 0.92616667 | O14: 6.3496667 | P14: 8.9258333 | Q14: 5.8636667 | R14: 2.5471667 | S14: 0.011166667 | T14: 0 | U14: 0.2935 | V14: 0.3685 | W14: 0 | X14: 2.5411667 | Y14: 0 | Z14: 0 | AA14: 0 | AB14: 0 | AD14: =SUM(E14:AB14) -> 27.826833
B15: PE-CABOLEONES-1 | E15: 0 | F15: 0 | G15: 0 | H15: 0 | I15: 0 | J15: 0 | K15: 0 | L15: 0 | M15: 0 | N15: 2.103 | O15: 6.7346667 | P15: 8.7565 | Q15: 11.441 | R15: 9.6458333 | S15: 5.3943333 | T15: 4.5911667 | U15: 0.71216667 | V15: 0.096666667 | W15: 6.2305 | X15: 0.361 | Y15: 0 | Z15: 0 | AA15: 0 | AB15: 0 | AD15: =SUM(E15:AB15) -> 56.066833
B16: PE-CABOLEONES-2 | E16: 0 | F16: 0 | G16: 0 | H16: 0 | I16: 0 | J16: 0 | K16: 0 | L16: 0 | M16: 0 | N16: 4.1841667 | O16: 11.681667 | P16: 16.262333 | Q16: 28.395333 | R16: 27.9935 | S16: 28.34 | T16: 26.165333 | U16: 19.577333 | V16: 20.556167 | W16: 21.9665 | X16: 26.770833 | Y16: 0 | Z16: 0 | AA16: 0 | AB16: 0 | AD16: =SUM(E16:AB16) -> 231.89317
B17: PE-CABOLEONES-3 | E17: 0 | F17: 0 | G17: 0 | H17: 0 | I17: 0 | J17: 0 | K17: 0 | L17: 0 | M17: 0 | N17: 0.39066667 | O17: 5.565 | P17: 6.4288333 | Q17: 6.2226667 | R17: 3.7916667 | S17: 2.3495 | T17: 1.7205 | U17: 0 | V17: 0 | W17: 0 | X17: 3.2546667 | Y17: 0 | Z17: 0 | AA17: 0 | AB17: 0 | AD17: =SUM(E17:AB17) -> 29.7235
B18: PE-SANJUAN | E18: 0 | F18: 0 | G18: 0 | H18: 0 | I18: 0 | J18: 0 | K18: 0 | L18: 0 | M18: 0 | N18: 0 | O18: 0.060833333 | P18: 2.0288333 | Q18: 2.08 | R18: 1.0626667 | S18: 2.74 | T18: 1.072 | U18: 0 | V18: 0 | W18: 39.553 | X18: 80.733667 | Y18: 0 | Z18: 0 | AA18: 0 | AB18: 0 | AD18: =SUM(E18:AB18) -> 129.331
B19: PE-PUNTACOLORADA | E19: 0 | F19: 0 | G19: 0 | H19: 0 | I19: 0 | J19: 0 | K19: 0 | L19: 0 | M19: 0 | N19: 0 | O19: 0 | P19: 0 | Q19: 0 | R19: 0 | S19: 0 | T19: 0 | U19: 0 | V19: 0 | W19: 0 | X19: 0 | Y19: 0 | Z19: 0 | AA19: 0 | AB19: 0 | AD19: =SUM(E19:AB19) -> 0
... B61: PE-PUNTADETALCA | E61: 0 | F61: 0 | G61: 0 | H61: 0 | I61: 0 | J61: 0 | K61: 0 | L61: 0.53766667 | M61: 0.6715 | N61: 0 | O61: 2.8041667 | P61: 1.1173333 | Q61: 4.5535 | R61: 2.1715 | S61: 0.0076666667 | T61: 0.96633333 | U61: 3.7458333 | V61: 3.1078333 | W61: 2.4895 | X61: 2.8963333 | Y61: 0 | Z61: 0 | AA61: 0 | AB61: 0 | AD61: =SUM(E61:AB61) -> 25.069167
B62: Total | E62: =SUM(E8:E61) -> 0 | F62: =SUM(F8:F61) -> 0 | G62: =SUM(G8:G61) -> 0 | H62: =SUM(H8:H61) -> 0 | I62: =SUM(I8:I61) -> 0 | J62: =SUM(J8:J61) -> 0 | K62: =SUM(K8:K61) -> 0 | L62: =SUM(L8:L61) -> 148.676 | ... AB62: =SUM(AB8:AB61) -> 0 | AC62: =SUM(AC8:AE61) -> 10434.53
B65: ='Resumen-Mensual'!$F$26 -> 46024
B67: Central/Hora | E67: 1 | F67: 2 | G67: 3 | H67: 4 | I67: 5 | J67: 6 | K67: 7 | L67: 8 | M67: 9 | N67: 10 | O67: 11 | P67: 12 | Q67: 13 | R67: 14 | S67: 15 | T67: 16 | U67: 17 | V67: 18 | W67: 19 | X67: 20 | Y67: 21 | Z67: 22 | AA67: 23 | AB67: 24 | AC67: Total
B68: PE-TCHAMMA | E68: 0 | F68: 0 | G68: 0 | H68: 0 | I68: 0 | J68: 0 | K68: 0 | L68: 0 | M68: 1.6505 | N68: 41.452167 | O68: 10.357333 | P68: 0.49533333 | Q68: 4.628 | R68: 1.5638333 | S68: 11.898 | T68: 15.280667 | U68: 22.097833 | V68: 45.9675 | W68: 60.673667 | X68: 7.0008333 | Y68: 0 | Z68: 0 | AA68: 0 | AB68: 0 | AD68: =SUM(E68:AB68) -> 223.06567
B69: PE-SIERRAGORDA | E69: 0 | F69: 0 | G69: 0 | H69: 0 | I69: 0 | J69: 0 | K69: 0 | L69: 1.0755 | M69: 7.1913333 | N69: 9.8446667 | O69: 4.924 | P69: 8.7763333 | Q69: 5.6551667 | R69: 0.4665 | S69: 0 | T69: 16.221 | U69: 26.8865 | V69: 37.028 | W69: 36.268667 | X69: 13.815333 | Y69: 0 | Z69: 0 | AA69: 0 | AB69: 0 | AD69: =SUM(E69:AB69) -> 168.153
B70: PE-VALLEDELOSVIENTOS | E70: 0 | F70: 0 | G70: 0 | H70: 0 | I70: 0 | J70: 0 | K70: 0 | L70: 2.2135 | M70: 6.53 | N70: 3.89 | O70: 2.67 | P70: 8.56 | Q70: 26.54 | R70: 53.44 | S70: 26.91 | T70: 33.73 | U70: 34.67 | V70: 34.24 | W70: 33.07 | X70: 8.5 | Y70: 0 | Z70: 0 | AA70: 0 | AB70: 0 | AD70: =SUM(E70:AB70) -> 274.9635
B71: PE-CERROTIGRE | E71: 0 | F71: 0 | G71: 0 | H71: 0 | I71: 0 | J71: 0 | K71: 0 | L71: 1.3616667 | M71: 4.9 | N71: 0.3 | O71: 5.1 | P71: 13.909 | Q71: 28.321 | R71: 15.135667 | S71: 11.349167 | T71: 27.008333 | U71: 44.103333 | V71: 48.79 | W71: 75.961167 | X71: 28.633167 | Y71: 0 | Z71: 0 | AA71: 0 | AB71: 0 | AD71: =SUM(E71:AB71) -> 304.8725
B72: PE-CALAMA | E72: 0 | F72: 0 | G72: 0 | H72: 0 | I72: 0 | J72: 0 | K72: 0 | L72: 2.6163333 | M72: 6.4448333 | N72: 4.2676667 | O72: 3.3838333 | P72: 6.5485 | Q72: 14.117833 | R72: 21.330333 | S72: 23.078333 | T72: 35.4305 | U72: 49.863 | V72: 48.771167 | W72: 56.501333 | X72: 0 | Y72: 0 | Z72: 0 | AA72: 0 | AB72: 0 | AD72: =SUM(E72:AB72) -> 272.35367
B73: PE-TALTAL | E73: 0 | F73: 0 | G73: 0 | H73: 0 | I73: 0 | J73: 0 | K73: 0 | L73: 0 | M73: 0 | N73: 0 | O73: 0 | P73: 0 | Q73: 0 | R73: 0 | S73: 0 | T73: 0 | U73: 0 | V73: 0 | W73: 0 | X73: 0 | Y73: 0 | Z73: 0 | AA73: 0 | AB73: 0 | AD73: =SUM(E73:AB73) -> 0
B74: PE-SARCO | E74: 0 | F74: 0 | G74: 0 | H74: 0 | I74: 0 | J74: 0 | K74: 0 | L74: 1.4405 | M74: 9.7126667 | N74: 7.6855 | O74: 6.7913333 | P74: 4.8266667 | Q74: 1.4663333 | R74: 0.77616667 | S74: 0 | T74: 0 | U74: 0.044166667 | V74: 3.1528333 | W74: 2.6955 | X74: 5.0766667 | Y74: 0 | Z74: 0 | AA74: 0 | AB74: 0 | AD74: =SUM(E74:AB74) -> 43.668333
B75: PE-CABOLEONES-1 | E75: 0 | F75: 0 | G75: 0 | H75: 0 | I75: 0 | J75: 0 | K75: 0 | L75: 2.3068333 | M75: 11.775667 | N75: 12.257333 | O75: 13.063833 | P75: 12.265667 | Q75: 10.8635 | R75: 6.8235 | S75: 1.3086667 | T75: 4.7025 | U75: 6.3083333 | V75: 5.4401667 | W75: 0 | X75: 0 | Y75: 0 | Z75: 0 | AA75: 0 | AB75: 0 | AD75: =SUM(E75:AB75) -> 87.116
B76: PE-CABOLEONES-2 | E76: 0 | F76: 0 | G76: 0 | H76: 0 | I76: 0 | J76: 0 | K76: 0 | L76: 5.7013333 | M76: 19.300167 | N76: 20.999333 | O76: 25.675833 | P76: 27.090333 | Q76: 28.633167 | R76: 24.186833 | S76: 20.2485 | T76: 24.654333 | U76: 30.599 | V76: 30.807667 | W76: 22.799667 | X76: 16.515 | Y76: 0 | Z76: 0 | AA76: 0 | AB76: 0 | AD76: =SUM(E76:AB76) -> 297.21117
B77: PE-CABOLEONES-3 | E77: 0 | F77: 0 | G77: 0 | H77: 0 | I77: 0 | J77: 0 | K77: 0 | L77: 1.4311667 | M77: 9.1748333 | N77: 7.873 | O77: 8.3175 | P77: 7.0865 | Q77: 3.3893333 | R77: 0.721 | S77: 0.036166667 | T77: 2.1043333 | U77: 1.7406667 | V77: 1.9423333 | W77: 0 | X77: 3.0428333 | Y77: 0 | Z77: 0 | AA77: 0 | AB77: 0 | AD77: =SUM(E77:AB77) -> 46.859667
B78: PE-SANJUAN | E78: 0 | F78: 0 | G78: 0 | H78: 0 | I78: 0 | J78: 0 | K78: 0 | L78: 1.7606667 | M78: 5.06 | N78: 4.08 | O78: 3.6858333 | P78: 2.1765 | Q78: 0.631 | R78: 0 | S78: 0 | T78: 0 | U78: 0 | V78: 2.432 | W78: 62.172833 | X78: 47.6435 | Y78: 0 | Z78: 0 | AA78: 0 | AB78: 0 | AD78: =SUM(E78:AB78) -> 129.64233
B79: PE-PUNTACOLORADA | E79: 0 | F79: 0 | G79: 0 | H79: 0 | I79: 0 | J79: 0 | K79: 0 | L79: 0 | M79: 0 | N79: 0 | O79: 0 | P79: 0 | Q79: 0 | R79: 0 | S79: 0 | T79: 0 | U79: 0 | V79: 0 | W79: 0 | X79: 0 | Y79: 0 | Z79: 0 | AA79: 0 | AB79: 0 | AD79: =SUM(E79:AB79) -> 0
... B121: PE-PUNTADETALCA | E121: 0 | F121: 0 | G121: 0 | H121: 0 | I121: 0 | J121: 0 | K121: 0 | L121: 0.608 | M121: 2.659 | N121: 1.3251667 | O121: 2.5015 | P121: 3.3743333 | Q121: 4.5988333 | R121: 0.67166667 | S121: 0 | T121: 0 | U121: 0.12166667 | V121: 2.0768333 | W121: 3.0661667 | X121: 1.871 | Y121: 0 | Z121: 0 | AA121: 0 | AB121: 0 | AD121: =SUM(E121:AB121) -> 22.874167
B122: Total | E122: =SUM(E68:E121) -> 0 | F122: =SUM(F68:F121) -> 0 | G122: =SUM(G68:G121) -> 0 | H122: =SUM(H68:H121) -> 0 | I122: =SUM(I68:I121) -> 0 | J122: =SUM(J68:J121) -> 0 | K122: =SUM(K68:K121) -> 0 | L122: =SUM(L68:L121) -> 112.99483 | ... AB122: =SUM(AB68:AB121) -> 0 | AC122: =SUM(AC68:AE121) -> 8132.6799
B125: ='Resumen-Mensual'!$G$26 -> 46025
B127: Central/Hora | E127: 1 | F127: 2 | G127: 3 | H127: 4 | I127: 5 | J127: 6 | K127: 7 | L127: 8 | M127: 9 | N127: 10 | O127: 11 | P127: 12 | Q127: 13 | R127: 14 | S127: 15 | T127: 16 | U127: 17 | V127: 18 | W127: 19 | X127: 20 | Y127: 21 | Z127: 22 | AA127: 23 | AB127: 24 | AC127: Total
B128: PE-TCHAMMA | E128: 0 | F128: 0 | G128: 0 | H128: 0 | I128: 0 | J128: 0 | K128: 0 | L128: 0 | M128: 0.296 | N128: 2.3603333 | O128: 6.3988333 | P128: 9.7538333 | Q128: 19.637333 | R128: 19.145333 | S128: 14.298667 | T128: 27.698 | U128: 33.805667 | V128: 17.785333 | W128: 37.537167 | X128: 29.2 | Y128: 0 | Z128: 0 | AA128: 0 | AB128: 0 | AD128: =SUM(E128:AB128) -> 217.9165
B129: PE-SIERRAGORDA | E129: 0 | F129: 0 | G129: 0 | H129: 0 | I129: 0 | J129: 0 | K129: 0 | L129: 0 | M129: 16.000667 | N129: 9.9365 | O129: 4.104 | P129: 6.5668333 | Q129: 8.4436667 | R129: 15.997667 | S129: 18.676 | T129: 33.545 | U129: 5.542 | V129: 61.7735 | W129: 31.568667 | X129: 18.026667 | Y129: 0 | Z129: 0 | AA129: 0 | AB129: 0 | AD129: =SUM(E129:AB129) -> 230.18117
B130: PE-VALLEDELOSVIENTOS | E130: 0 | F130: 0 | G130: 0 | H130: 0 | I130: 0 | J130: 0 | K130: 0 | L130: 0 | M130: 3.4806667 | N130: 2.465 | O130: 3.38 | P130: 13.46 | Q130: 39.72 | R130: 67.86 | S130: 47.89 | T130: 54.4 | U130: 54.04 | V130: 54.27 | W130: 53.72 | X130: 52.5135 | Y130: 0 | Z130: 0 | AA130: 0 | AB130: 0 | AD130: =SUM(E130:AB130) -> 447.19917
B131: PE-CERROTIGRE | E131: 0 | F131: 0 | G131: 0 | H131: 0 | I131: 0 | J131: 0 | K131: 0 | L131: 0 | M131: 4.83 | N131: 2.21 | O131: 9.3 | P131: 16.063667 | Q131: 19.853667 | R131: 24.978833 | S131: 43.865833 | T131: 64.229333 | U131: 80.2675 | V131: 72.5195 | W131: 99.294333 | X131: 66.912167 | Y131: 0 | Z131: 0 | AA131: 0 | AB131: 0 | AD131: =SUM(E131:AB131) -> 504.32483
B132: PE-CALAMA | E132: 0 | F132: 0 | G132: 0 | H132: 0 | I132: 0 | J132: 0 | K132: 0 | L132: 0 | M132: 11.961 | N132: 2.9656667 | O132: 2.2051667 | P132: 12.860833 | Q132: 30.976 | R132: 59.979833 | S132: 47.259 | T132: 63.384167 | U132: 70.977 | V132: 70.527833 | W132: 31.927667 | X132: 27.681667 | Y132: 0 | Z132: 0 | AA132: 0 | AB132: 0 | AD132: =SUM(E132:AB132) -> 432.70583
B133: PE-TALTAL | E133: 0 | F133: 0 | G133: 0 | H133: 0 | I133: 0 | J133: 0 | K133: 0 | L133: 0 | M133: 0 | N133: 0 | O133: 0 | P133: 0 | Q133: 0 | R133: 0 | S133: 0 | T133: 0 | U133: 0 | V133: 0 | W133: 0 | X133: 0 | Y133: 0 | Z133: 0 | AA133: 0 | AB133: 0 | AD133: =SUM(E133:AB133) -> 0
B134: PE-SARCO | E134: 0 | F134: 0 | G134: 0 | H134: 0 | I134: 0 | J134: 0 | K134: 0 | L134: 0 | M134: 0.18733333 | N134: 0 | O134: 0 | P134: 0 | Q134: 0.45883333 | R134: 3.307 | S134: 4.6508333 | T134: 1.8915 | U134: 0 | V134: 0 | W134: 0 | X134: 22.278667 | Y134: 0 | Z134: 0 | AA134: 0 | AB134: 0 | AD134: =SUM(E134:AB134) -> 32.774167
B135: PE-CABOLEONES-1 | E135: 0 | F135: 0 | G135: 0 | H135: 0 | I135: 0 | J135: 0 | K135: 0 | L135: 0 | M135: 0.73433333 | N135: 0.945 | O135: 1.1546667 | P135: 2.7456667 | Q135: 2.488 | R135: 2.5623333 | S135: 0 | T135: 0 | U135: 0 | V135: 0 | W135: 0 | X135: 0.59566667 | Y135: 0 | Z135: 0 | AA135: 0 | AB135: 0 | AD135: =SUM(E135:AB135) -> 11.225667
B136: PE-CABOLEONES-2 | E136: 0 | F136: 0 | G136: 0 | H136: 0 | I136: 0 | J136: 0 | K136: 0 | L136: 0 | M136: 1.0503333 | N136: 0.9095 | O136: 8.57 | P136: 19.87 | Q136: 28.7915 | R136: 31.742667 | S136: 23.408667 | T136: 12.844 | U136: 1.2168333 | V136: 0 | W136: 17.9155 | X136: 31.350667 | Y136: 0 | Z136: 0 | AA136: 0 | AB136: 0 | AD136: =SUM(E136:AB136) -> 177.66967
B137: PE-CABOLEONES-3 | E137: 0 | F137: 0 | G137: 0 | H137: 0 | I137: 0 | J137: 0 | K137: 0 | L137: 0 | M137: 0.054166667 | N137: 0 | O137: 0 | P137: 0.32566667 | Q137: 2.0761667 | R137: 6.3168333 | S137: 0 | T137: 0 | U137: 0 | V137: 0 | W137: 0.94433333 | X137: 16.2025 | Y137: 0 | Z137: 0 | AA137: 0 | AB137: 0 | AD137: =SUM(E137:AB137) -> 25.919667
B138: PE-SANJUAN | E138: 0 | F138: 0 | G138: 0 | H138: 0 | I138: 0 | J138: 0 | K138: 0 | L138: 0 | M138: 0.018 | N138: 0.078 | O138: 0.33933333 | P138: 0.73466667 | Q138: 0.161 | R138: 0 | S138: 0 | T138: 0 | U138: 96.881667 | V138: 162.12317 | W138: 143.21683 | X138: 42.348333 | Y138: 0 | Z138: 0 | AA138: 0 | AB138: 0 | AD138: =SUM(E138:AB138) -> 445.901
B139: PE-PUNTACOLORADA | E139: 0 | F139: 0 | G139: 0 | H139: 0 | I139: 0 | J139: 0 | K139: 0 | L139: 0 | M139: 0 | N139: 0 | O139: 0 | P139: 0 | Q139: 0 | R139: 0 | S139: 0 | T139: 0 | U139: 0 | V139: 0 | W139: 0 | X139: 0 | Y139: 0 | Z139: 0 | AA139: 0 | AB139: 0 | AD139: =SUM(E139:AB139) -> 0
... B181: PE-PUNTADETALCA | E181: 0 | F181: 0 | G181: 0 | H181: 0 | I181: 0 | J181: 0 | K181: 0 | L181: 0 | M181: 0.97366667 | N181: 1.0285 | O181: 1.49 | P181: 2.42 | Q181: 3.4 | R181: 4.12 | S181: 4.2181667 | T181: 2.8366667 | U181: 0.053833333 | V181: 0.0015 | W181: 0 | X181: 0.068833333 | Y181: 0 | Z181: 0 | AA181: 0 | AB181: 0 | AD181: =SUM(E181:AB181) -> 20.611167
B182: Total | E182: =SUM(E128:E181) -> 0 | F182: =SUM(F128:F181) -> 0 | G182: =SUM(G128:G181) -> 0 | H182: =SUM(H128:H181) -> 0 | I182: =SUM(I128:I181) -> 0 | J182: =SUM(J128:J181) -> 0 | K182: =SUM(K128:K181) -> 0 | L182: =SUM(L128:L181) -> 0 | ... AB182: =SUM(AB128:AB181) -> 0 | AC182: =SUM(AC128:AE181) -> 5725.9369
B185: ='Resumen-Mensual'!$H$26 -> 46026
B187: Central/Hora | E187: 1 | F187: 2 | G187: 3 | H187: 4 | I187: 5 | J187: 6 | K187: 7 | L187: 8 | M187: 9 | N187: 10 | O187: 11 | P187: 12 | Q187: 13 | R187: 14 | S187: 15 | T187: 16 | U187: 17 | V187: 18 | W187: 19 | X187: 20 | Y187: 21 | Z187: 22 | AA187: 23 | AB187: 24 | AC187: Total
B188: PE-TCHAMMA | E188: 0 | F188: 0 | G188: 0 | H188: 0 | I188: 0 | J188: 0 | K188: 0 | L188: 0 | M188: 0 | N188: 3.0875 | O188: 2.8928333 | P188: 0.795 | Q188: 23.307667 | R188: 24.62 | S188: 34.306 | T188: 33.525333 | U188: 22.702333 | V188: 34.770167 | W188: 39.029333 | X188: 26.474167 | Y188: 0 | Z188: 0 | AA188: 0 | AB188: 0 | AD188: =SUM(E188:AB188) -> 245.51033
B189: PE-SIERRAGORDA | E189: 0 | F189: 0 | G189: 0 | H189: 0 | I189: 0 | J189: 0 | K189: 0 | L189: 0 | M189: 0.3255 | N189: 4.2368333 | O189: 4.2103333 | P189: 10.077167 | Q189: 24.387667 | R189: 25.125333 | S189: 26.651667 | T189: 40.417167 | U189: 51.060833 | V189: 54.910667 | W189: 49.7805 | X189: 8.0993333 | Y189: 0 | Z189: 0 | AA189: 0 | AB189: 0 | AD189: =SUM(E189:AB189) -> 299.283
B190: PE-VALLEDELOSVIENTOS | E190: 0 | F190: 0 | G190: 0 | H190: 0 | I190: 0 | J190: 0 | K190: 0 | L190: 0 | M190: 1.0566667 | N190: 2.65 | O190: 4.5 | P190: 19.16 | Q190: 47.62 | R190: 21.51 | S190: 30.67 | T190: 32.57 | U190: 33.41 | V190: 34.12 | W190: 34.16 | X190: 6.96 | Y190: 0 | Z190: 0 | AA190: 0 | AB190: 0 | AD190: =SUM(E190:AB190) -> 268.38667
B191: PE-CERROTIGRE | E191: 0 | F191: 0 | G191: 0 | H191: 0 | I191: 0 | J191: 0 | K191: 0 | L191: 0 | M191: 1 | N191: 1.9 | O191: 4.5 | P191: 8.2706667 | Q191: 22.315167 | R191: 4.6011667 | S191: 31.5325 | T191: 75.3265 | U191: 82.370667 | V191: 69.716833 | W191: 92.174 | X191: 67.610667 | Y191: 0 | Z191: 0 | AA191: 0 | AB191: 0 | AD191: =SUM(E191:AB191) -> 461.31817
B192: PE-CALAMA | E192: 0 | F192: 0 | G192: 0 | H192: 0 | I192: 0 | J192: 0 | K192: 0 | L192: 0 | M192: 3.8476667 | N192: 3.5286667 | O192: 6.0635 | P192: 20.507667 | Q192: 31.745333 | R192: 14.9375 | S192: 50.932833 | T192: 83.3095 | U192: 87.025667 | V192: 83.3065 | W192: 49.239 | X192: 0 | Y192: 0 | Z192: 0 | AA192: 0 | AB192: 0 | AD192: =SUM(E192:AB192) -> 434.44383
B193: PE-TALTAL | E193: 0 | F193: 0 | G193: 0 | H193: 0 | I193: 0 | J193: 0 | K193: 0 | L193: 0 | M193: 0 | N193: 0 | O193: 0 | P193: 0 | Q193: 0 | R193: 0 | S193: 0 | T193: 0 | U193: 0 | V193: 0 | W193: 0 | X193: 0 | Y193: 0 | Z193: 0 | AA193: 0 | AB193: 0 | AD193: =SUM(E193:AB193) -> 0
B194: PE-SARCO | E194: 0 | F194: 0 | G194: 0 | H194: 0 | I194: 0 | J194: 0 | K194: 0 | L194: 0 | M194: 0.56083333 | N194: 0.89683333 | O194: 1.4105 | P194: 2.4833333 | Q194: 0.53333333 | R194: 2.3575 | S194: 1.746 | T194: 0 | U194: 0 | V194: 0 | W194: 0 | X194: 11.662 | Y194: 0 | Z194: 0 | AA194: 0 | AB194: 0 | AD194: =SUM(E194:AB194) -> 21.650333
B195: PE-CABOLEONES-1 | E195: 0 | F195: 0 | G195: 0 | H195: 0 | I195: 0 | J195: 0 | K195: 0 | L195: 0 | M195: 0.13116667 | N195: 0.782 | O195: 1.1686667 | P195: 3.7708333 | Q195: 6.375 | R195: 6.3045 | S195: 3.5548333 | T195: 0 | U195: 0 | V195: 0 | W195: 0 | X195: 0.0043333333 | Y195: 0 | Z195: 0 | AA195: 0 | AB195: 0 | AD195: =SUM(E195:AB195) -> 22.091333
B196: PE-CABOLEONES-2 | E196: 0 | F196: 0 | G196: 0 | H196: 0 | I196: 0 | J196: 0 | K196: 0 | L196: 0 | M196: 0.28666667 | N196: 0.56 | O196: 6.36 | P196: 14.36 | Q196: 28.2355 | R196: 33.668667 | S196: 24.349833 | T196: 6.6338333 | U196: 0.29416667 | V196: 0 | W196: 7.9868333 | X196: 15.006333 | Y196: 0 | Z196: 0 | AA196: 0 | AB196: 0 | AD196: =SUM(E196:AB196) -> 137.74183
B197: PE-CABOLEONES-3 | E197: 0 | F197: 0 | G197: 0 | H197: 0 | I197: 0 | J197: 0 | K197: 0 | L197: 0 | M197: 0.176 | N197: 0.0011666667 | O197: 0 | P197: 0.17833333 | Q197: 0.40666667 | R197: 0.30366667 | S197: 2.2666667 | T197: 0 | U197: 0 | V197: 0 | W197: 0 | X197: 0.45133333 | Y197: 0 | Z197: 0 | AA197: 0 | AB197: 0 | AD197: =SUM(E197:AB197) -> 3.7838333
B198: PE-SANJUAN | E198: 0 | F198: 0 | G198: 0 | H198: 0 | I198: 0 | J198: 0 | K198: 0 | L198: 0 | M198: 0.346 | N198: 0.44316667 | O198: 0.060666667 | P198: 0.649 | Q198: 0.37166667 | R198: 0 | S198: 0 | T198: 0 | U198: 5.9093333 | V198: 32.189333 | W198: 55.516333 | X198: 51.478 | Y198: 0 | Z198: 0 | AA198: 0 | AB198: 0 | AD198: =SUM(E198:AB198) -> 146.9635
B199: PE-PUNTACOLORADA | E199: 0 | F199: 0 | G199: 0 | H199: 0 | I199: 0 | J199: 0 | K199: 0 | L199: 0 | M199: 0 | N199: 0 | O199: 0 | P199: 0 | Q199: 0 | R199: 0 | S199: 0 | T199: 0 | U199: 0 | V199: 0 | W199: 0 | X199: 0 | Y199: 0 | Z199: 0 | AA199: 0 | AB199: 0 | AD199: =SUM(E199:AB199) -> 0
... B241: PE-PUNTADETALCA | E241: 0 | F241: 0 | G241: 0 | H241: 0 | I241: 0 | J241: 0 | K241: 0 | L241: 0 | M241: 0.47 | N241: 2.04 | O241: 2.83 | P241: 3.48 | Q241: 4.09 | R241: 4.35 | S241: 4.38 | T241: 3.59 | U241: 1.4008333 | V241: 0 | W241: 0 | X241: 0 | Y241: 0 | Z241: 0 | AA241: 0 | AB241: 0 | AD241: =SUM(E241:AB241) -> 26.630833
B242: Total | E242: =SUM(E188:E241) -> 0 | F242: =SUM(F188:F241) -> 0 | G242: =SUM(G188:G241) -> 0 | H242: =SUM(H188:H241) -> 0 | I242: =SUM(I188:I241) -> 0 | J242: =SUM(J188:J241) -> 0 | K242: =SUM(K188:K241) -> 0 | L242: =SUM(L188:L241) -> 0 | ... AB242: =SUM(AB188:AB241) -> 0 | AC242: =SUM(AC188:AE241) -> 5484.4431
B245: ='Resumen-Mensual'!$I$26 -> 46027
B247: Central/Hora | E247: 1 | F247: 2 | G247: 3 | H247: 4 | I247: 5 | J247: 6 | K247: 7 | L247: 8 | M247: 9 | N247: 10 | O247: 11 | P247: 12 | Q247: 13 | R247: 14 | S247: 15 | T247: 16 | U247: 17 | V247: 18 | W247: 19 | X247: 20 | Y247: 21 | Z247: 22 | AA247: 23 | AB247: 24 | AC247: Total
B248: PE-TCHAMMA | E248: 0 | F248: 0 | G248: 0 | H248: 0 | I248: 0 | J248: 0 | K248: 0 | L248: 0 | M248: 0 | N248: 12.963167 | O248: 0.9875 | P248: 0.00033333333 | Q248: 5.6608333 | R248: 6.5418333 | S248: 29.060333 | T248: 31.195667 | U248: 41.0575 | V248: 44.210833 | W248: 55.439167 | X248: 18.910167 | Y248: 0 | Z248: 0 | AA248: 0 | AB248: 0 | AD248: =SUM(E248:AB248) -> 246.02733
B249: PE-SIERRAGORDA | E249: 0 | F249: 0 | G249: 0 | H249: 0 | I249: 0 | J249: 0 | K249: 0 | L249: 0 | M249: 0 | N249: 4.283 | O249: 6.8503333 | P249: 1.238 | Q249: 8.0381667 | R249: 1.5228333 | S249: 10.809667 | T249: 18.642333 | U249: 27.799 | V249: 30.831667 | W249: 31.133333 | X249: 8.9835 | Y249: 0 | Z249: 0 | AA249: 0 | AB249: 0 | AD249: =SUM(E249:AB249) -> 150.13183
B250: PE-VALLEDELOSVIENTOS | E250: 0 | F250: 0 | G250: 0 | H250: 0 | I250: 0 | J250: 0 | K250: 0 | L250: 0 | M250: 0 | N250: 1.9475 | O250: 4.88 | P250: 16.570167 | Q250: 48.22 | R250: 12.64 | S250: 35.74 | T250: 38.79 | U250: 38.54 | V250: 39.53 | W250: 40.72 | X250: 0 | Y250: 0 | Z250: 0 | AA250: 0 | AB250: 0 | AD250: =SUM(E250:AB250) -> 277.57767
B251: PE-CERROTIGRE | E251: 0 | F251: 0 | G251: 0 | H251: 0 | I251: 0 | J251: 0 | K251: 0 | L251: 0 | M251: 0 | N251: 0.99016667 | O251: 3.2511667 | P251: 5.0805 | Q251: 11.626333 | R251: 3.3616667 | S251: 3.2406667 | T251: 30.128667 | U251: 39.973333 | V251: 38.719 | W251: 48.096833 | X251: 17.2465 | Y251: 0 | Z251: 0 | AA251: 0 | AB251: 0 | AD251: =SUM(E251:AB251) -> 201.71483
B252: PE-CALAMA | E252: 0 | F252: 0 | G252: 0 | H252: 0 | I252: 0 | J252: 0 | K252: 0 | L252: 0 | M252: 0 | N252: 4.0578333 | O252: 9.5325 | P252: 8.3668333 | Q252: 0 | R252: 9.3728333 | S252: 18.794167 | T252: 47.575 | U252: 48.740667 | V252: 48.3465 | W252: 92.3365 | X252: 0 | Y252: 0 | Z252: 0 | AA252: 0 | AB252: 0 | AD252: =SUM(E252:AB252) -> 287.12283
B253: PE-TALTAL | E253: 0 | F253: 0 | G253: 0 | H253: 0 | I253: 0 | J253: 0 | K253: 0 | L253: 0 | M253: 0 | N253: 0 | O253: 0 | P253: 0 | Q253: 0 | R253: 0 | S253: 0 | T253: 0 | U253: 0 | V253: 0 | W253: 0 | X253: 0 | Y253: 0 | Z253: 0 | AA253: 0 | AB253: 0 | AD253: =SUM(E253:AB253) -> 0
B254: PE-SARCO | E254: 0 | F254: 0 | G254: 0 | H254: 0 | I254: 0 | J254: 0 | K254: 0 | L254: 0 | M254: 0 | N254: 0 | O254: 0 | P254: 0.0055 | Q254: 0.0725 | R254: 0.085333333 | S254: 1.4038333 | T254: 3.1736667 | U254: 11.411833 | V254: 17.713 | W254: 24.393 | X254: 22.412667 | Y254: 0 | Z254: 0 | AA254: 0 | AB254: 0 | AD254: =SUM(E254:AB254) -> 80.671333
B255: PE-CABOLEONES-1 | E255: 0 | F255: 0 | G255: 0 | H255: 0 | I255: 0 | J255: 0 | K255: 0 | L255: 0 | M255: 0 | N255: 3.6348333 | O255: 3.6706667 | P255: 3.8238333 | Q255: 4.1501667 | R255: 3.0595 | S255: 4.5528333 | T255: 2.7305 | U255: 10.438833 | V255: 7.6008333 | W255: 8.8205 | X255: 8.6868333 | Y255: 0 | Z255: 0 | AA255: 0 | AB255: 0 | AD255: =SUM(E255:AB255) -> 61.169333
B256: PE-CABOLEONES-2 | E256: 0 | F256: 0 | G256: 0 | H256: 0 | I256: 0 | J256: 0 | K256: 0 | L256: 0 | M256: 0 | N256: 3.0685 | O256: 4.5238333 | P256: 10.311 | Q256: 22.454 | R256: 24.704167 | S256: 30.895167 | T256: 29.3795 | U256: 32.140667 | V256: 30.518333 | W256: 30.877667 | X256: 21.046833 | Y256: 0 | Z256: 0 | AA256: 0 | AB256: 0 | AD256: =SUM(E256:AB256) -> 239.91967
B257: PE-CABOLEONES-3 | E257: 0 | F257: 0 | G257: 0 | H257: 0 | I257: 0 | J257: 0 | K257: 0 | L257: 0 | M257: 0 | N257: 0.006 | O257: 0.22166667 | P257: 0.18166667 | Q257: 1.223 | R257: 1.7463333 | S257: 3.9286667 | T257: 4.8308333 | U257: 8.8226667 | V257: 9.0766667 | W257: 3.6195 | X257: 10.655333 | Y257: 0 | Z257: 0 | AA257: 0 | AB257: 0 | AD257: =SUM(E257:AB257) -> 44.312333
B258: PE-SANJUAN | E258: 0 | F258: 0 | G258: 0 | H258: 0 | I258: 0 | J258: 0 | K258: 0 | L258: 0 | M258: 0 | N258: 7.7463333 | O258: 6.0395 | P258: 4.361 | Q258: 4.2035 | R258: 0.49166667 | S258: 4.0676667 | T258: 29.125 | U258: 116.6115 | V258: 159.62983 | W258: 166.61117 | X258: 68.240667 | Y258: 0 | Z258: 0 | AA258: 0 | AB258: 0 | AD258: =SUM(E258:AB258) -> 567.12783
B259: PE-PUNTACOLORADA | E259: 0 | F259: 0 | G259: 0 | H259: 0 | I259: 0 | J259: 0 | K259: 0 | L259: 0 | M259: 0 | N259: 0 | O259: 0 | P259: 0 | Q259: 0 | R259: 0 | S259: 0 | T259: 0 | U259: 0 | V259: 0 | W259: 0 | X259: 0 | Y259: 0 | Z259: 0 | AA259: 0 | AB259: 0 | AD259: =SUM(E259:AB259) -> 0
... B301: PE-PUNTADETALCA | E301: 0 | F301: 0 | G301: 0 | H301: 0 | I301: 0 | J301: 0 | K301: 0 | L301: 0 | M301: 0 | N301: 0 | O301: 0 | P301: 0 | Q301: 0 | R301: 0 | S301: 0 | T301: 0 | U301: 0 | V301: 0 | W301: 0 | X301: 0 | Y301: 0 | Z301: 0 | AA301: 0 | AB301: 0 | AD301: =SUM(E301:AB301) -> 0
B302: Total | E302: =SUM(E248:E301) -> 0 | F302: =SUM(F248:F301) -> 0 | G302: =SUM(G248:G301) -> 0 | H302: =SUM(H248:H301) -> 0 | I302: =SUM(I248:I301) -> 0 | J302: =SUM(J248:J301) -> 0 | K302: =SUM(K248:K301) -> 0 | L302: =SUM(L248:L301) -> 0 | ... AB302: =SUM(AB248:AB301) -> 0 | AC302: =SUM(AC248:AE301) -> 3500.2168
B305: ='Resumen-Mensual'!$J$26 -> 46028
B307: Central/Hora | E307: 1 | F307: 2 | G307: 3 | H307: 4 | I307: 5 | J307: 6 | K307: 7 | L307: 8 | M307: 9 | N307: 10 | O307: 11 | P307: 12 | Q307: 13 | R307: 14 | S307: 15 | T307: 16 | U307: 17 | V307: 18 | W307: 19 | X307: 20 | Y307: 21 | Z307: 22 | AA307: 23 | AB307: 24 | AC307: Total
B308: PE-TCHAMMA | E308: 0 | F308: 0 | G308: 0 | H308: 0 | I308: 0 | J308: 0 | K308: 0 | L308: 0 | M308: 10.953 | N308: 26.9375 | O308: 7.0365 | P308: 3.6211667 | Q308: 15.0195 | R308: 44.558 | S308: 48.700333 | T308: 42.652333 | U308: 46.200333 | V308: 47.7555 | W308: 57.6705 | X308: 26.5575 | Y308: 0 | Z308: 0 | AA308: 0 | AB308: 0 | AD308: =SUM(E308:AB308) -> 377.66217
B309: PE-SIERRAGORDA | E309: 0 | F309: 0 | G309: 0 | H309: 0 | I309: 0 | J309: 0 | K309: 0 | L309: 0 | M309: 5.1153333 | N309: 5.9775 | O309: 4.78 | P309: 9.1696667 | Q309: 17.121333 | R309: 17.581167 | S309: 13.327333 | T309: 17.5165 | U309: 32.796 | V309: 9.4595 | W309: 25.362667 | X309: 3.353 | Y309: 0 | Z309: 0 | AA309: 0 | AB309: 0 | AD309: =SUM(E309:AB309) -> 161.56
B310: PE-VALLEDELOSVIENTOS | E310: 0 | F310: 0 | G310: 0 | H310: 0 | I310: 0 | J310: 0 | K310: 0 | L310: 0 | M310: 1.2228333 | N310: 1.9 | O310: 2.98 | P310: 10.43 | Q310: 28.74 | R310: 55.16 | S310: 40.85 | T310: 47.36 | U310: 48.85 | V310: 49.58 | W310: 36.08 | X310: 10.76 | Y310: 0 | Z310: 0 | AA310: 0 | AB310: 0 | AD310: =SUM(E310:AB310) -> 333.91283
B311: PE-CERROTIGRE | E311: 0 | F311: 0 | G311: 0 | H311: 0 | I311: 0 | J311: 0 | K311: 0 | L311: 0 | M311: 1.2083333 | N311: 1.8 | O311: 1.5698333 | P311: 4.9278333 | Q311: 27.5 | R311: 70.9135 | S311: 25.071833 | T311: 41.047167 | U311: 60.91 | V311: 69.565333 | W311: 85.354 | X311: 45.545833 | Y311: 0 | Z311: 0 | AA311: 0 | AB311: 0 | AD311: =SUM(E311:AB311) -> 435.41367
B312: PE-CALAMA | E312: 0 | F312: 0 | G312: 0 | H312: 0 | I312: 0 | J312: 0 | K312: 0 | L312: 0 | M312: 4.0233333 | N312: 2.7043333 | O312: 3.2196667 | P312: 12.4575 | Q312: 29.298333 | R312: 37.3035 | S312: 24.968167 | T312: 45.303 | U312: 69.51 | V312: 76.910333 | W312: 14.8585 | X312: 14.983667 | Y312: 0 | Z312: 0 | AA312: 0 | AB312: 0 | AD312: =SUM(E312:AB312) -> 335.54033
B313: PE-TALTAL | E313: 0 | F313: 0 | G313: 0 | H313: 0 | I313: 0 | J313: 0 | K313: 0 | L313: 0 | M313: 0 | N313: 0 | O313: 0 | P313: 0 | Q313: 0 | R313: 0 | S313: 0 | T313: 0 | U313: 0 | V313: 0 | W313: 0 | X313: 0 | Y313: 0 | Z313: 0 | AA313: 0 | AB313: 0 | AD313: =SUM(E313:AB313) -> 0
B314: PE-SARCO | E314: 0 | F314: 0 | G314: 0 | H314: 0 | I314: 0 | J314: 0 | K314: 0 | L314: 0 | M314: 0 | N314: 0 | O314: 0 | P314: 0.61833333 | Q314: 0.39533333 | R314: 0.84066667 | S314: 2.977 | T314: 0.0915 | U314: 0 | V314: 0 | W314: 1.4316667 | X314: 28.7175 | Y314: 0 | Z314: 0 | AA314: 0 | AB314: 0 | AD314: =SUM(E314:AB314) -> 35.072
B315: PE-CABOLEONES-1 | E315: 0 | F315: 0 | G315: 0 | H315: 0 | I315: 0 | J315: 0 | K315: 0 | L315: 0 | M315: 0 | N315: 0 | O315: 0.8835 | P315: 0.513 | Q315: 0 | R315: 0.82166667 | S315: 0 | T315: 0 | U315: 0 | V315: 0 | W315: 0 | X315: 4.9026667 | Y315: 0 | Z315: 0 | AA315: 0 | AB315: 0 | AD315: =SUM(E315:AB315) -> 7.1208333
B316: PE-CABOLEONES-2 | E316: 0 | F316: 0 | G316: 0 | H316: 0 | I316: 0 | J316: 0 | K316: 0 | L316: 0 | M316: 3.799 | N316: 8.589 | O316: 20.809667 | P316: 30.471667 | Q316: 33.173167 | R316: 29.937333 | S316: 17.456 | T316: 0.778 | U316: 0 | V316: 0.43866667 | W316: 14.390167 | X316: 19.818833 | Y316: 0 | Z316: 0 | AA316: 0 | AB316: 0 | AD316: =SUM(E316:AB316) -> 179.6615
B317: PE-CABOLEONES-3 | E317: 0 | F317: 0 | G317: 0 | H317: 0 | I317: 0 | J317: 0 | K317: 0 | L317: 0 | M317: 0 | N317: 0 | O317: 0 | P317: 0 | Q317: 0 | R317: 0 | S317: 0 | T317: 0 | U317: 0 | V317: 0 | W317: 0 | X317: 9.9231667 | Y317: 0 | Z317: 0 | AA317: 0 | AB317: 0 | AD317: =SUM(E317:AB317) -> 9.9231667
B318: PE-SANJUAN | E318: 0 | F318: 0 | G318: 0 | H318: 0 | I318: 0 | J318: 0 | K318: 0 | L318: 0 | M318: 0 | N318: 0 | O318: 0 | P318: 0 | Q318: 0 | R318: 0 | S318: 0 | T318: 0 | U318: 0 | V318: 0 | W318: 9.5951667 | X318: 21.087 | Y318: 0 | Z318: 0 | AA318: 0 | AB318: 0 | AD318: =SUM(E318:AB318) -> 30.682167
B319: PE-PUNTACOLORADA | E319: 0 | F319: 0 | G319: 0 | H319: 0 | I319: 0 | J319: 0 | K319: 0 | L319: 0 | M319: 0 | N319: 0 | O319: 0 | P319: 0 | Q319: 0 | R319: 0 | S319: 0 | T319: 0 | U319: 0 | V319: 0 | W319: 0 | X319: 0 | Y319: 0 | Z319: 0 | AA319: 0 | AB319: 0 | AD319: =SUM(E319:AB319) -> 0
... B361: PE-PUNTADETALCA | E361: 0 | F361: 0 | G361: 0 | H361: 0 | I361: 0 | J361: 0 | K361: 0 | L361: 0 | M361: 1.3243333 | N361: 2.47 | O361: 3.11 | P361: 2.9436667 | Q361: 4.605 | R361: 1.3585 | S361: 0 | T361: 0 | U361: 0 | V361: 0 | W361: 1.6071667 | X361: 9.2968333 | Y361: 0 | Z361: 0 | AA361: 0 | AB361: 0 | AD361: =SUM(E361:AB361) -> 26.7155
B362: Total | E362: =SUM(E308:E361) -> 0 | F362: =SUM(F308:F361) -> 0 | G362: =SUM(G308:G361) -> 0 | H362: =SUM(H308:H361) -> 0 | I362: =SUM(I308:I361) -> 0 | J362: =SUM(J308:J361) -> 0 | K362: =SUM(K308:K361) -> 0 | L362: =SUM(L308:L361) -> 0 | ... AB362: =SUM(AB308:AB361) -> 0 | AC362: =SUM(AC308:AE361) -> 7255.3886
B365: ='Resumen-Mensual'!$K$26 -> 46029
B367: Central/Hora | E367: 1 | F367: 2 | G367: 3 | H367: 4 | I367: 5 | J367: 6 | K367: 7 | L367: 8 | M367: 9 | N367: 10 | O367: 11 | P367: 12 | Q367: 13 | R367: 14 | S367: 15 | T367: 16 | U367: 17 | V367: 18 | W367: 19 | X367: 20 | Y367: 21 | Z367: 22 | AA367: 23 | AB367: 24 | AC367: Total
B368: PE-TCHAMMA | E368: 0 | F368: 0 | G368: 0 | H368: 0 | I368: 0 | J368: 0 | K368: 0 | L368: 0 | M368: 16.665833 | N368: 25.515333 | O368: 5.383 | P368: 0 | Q368: 13.722667 | R368: 20.540667 | S368: 28.1995 | T368: 45.776167 | U368: 48.885167 | V368: 49.293833 | W368: 49.7065 | X368: 18.234167 | Y368: 0 | Z368: 0 | AA368: 0 | AB368: 0 | AD368: =SUM(E368:AB368) -> 321.92283
...

Sheet Resumen-DiarioHorario-Solar
B2: CURTAILMENTS SOLAR POR CENTRALES EN FORMA DIARIA/HORARIA
B5: ='Resumen-Mensual'!$E$26 -> 46023
B7: Central/Hora | E7: 1 | F7: 2 | G7: 3 | H7: 4 | I7: 5 | J7: 6 | K7: 7 | L7: 8 | M7: 9 | N7: 10 | O7: 11 | P7: 12 | Q7: 13 | R7: 14 | S7: 15 | T7: 16 | U7: 17 | V7: 18 | W7: 19 | X7: 20 | Y7: 21 | Z7: 22 | AA7: 23 | AB7: 24 | AC7: Total
B8: PFV-POZOALMONTE-2 | E8: 0 | F8: 0 | G8: 0 | H8: 0 | I8: 0 | J8: 0 | K8: 0 | L8: 0.95333333 | M8: 1.53 | N8: 1.18 | O8: 1.36 | P8: 1.21 | Q8: 1.27 | R8: 1.09 | S8: 1.19 | T8: 1.06 | U8: 0.99 | V8: 0.84 | W8: 0.41 | X8: 1.615 | Y8: 0 | Z8: 0 | AA8: 0 | AB8: 0 | AD8: =SUM(E8:AB8) -> 14.698333
B9: PFV-POZOALMONTE-3 | E9: 0 | F9: 0 | G9: 0 | H9: 0 | I9: 0 | J9: 0 | K9: 0 | L9: 0.95333333 | M9: 5.86 | N9: 5.57 | O9: 6.08 | P9: 5.88 | Q9: 5.9 | R9: 5.68 | S9: 5.49 | T9: 5.35 | U9: 5.03 | V9: 4.46 | W9: 3.54 | X9: 2.635 | Y9: 0 | Z9: 0 | AA9: 0 | AB9: 0 | AD9: =SUM(E9:AB9) -> 62.428333
B10: PFV-LAHUAYCA-2 | E10: 0 | F10: 0 | G10: 0 | H10: 0 | I10: 0 | J10: 0 | K10: 0 | L10: 0.396 | M10: 1.2971667 | N10: 1.8616667 | O10: 0.9195 | P10: 3.14 | Q10: 3.9221667 | R10: 3.5251667 | S10: 2.9086667 | T10: 2.9535 | U10: 3.008 | V10: 1.2385 | W10: 0.057 | X10: 0.41933333 | Y10: 0 | Z10: 0 | AA10: 0 | AB10: 0 | AD10: =SUM(E10:AB10) -> 25.646667
B11: PFV-SANTAISABEL | E11: 0 | F11: 0 | G11: 0 | H11: 0 | I11: 0 | J11: 0 | K11: 0 | L11: 10.213333 | M11: 69.013667 | N11: 103.09717 | O11: 107.9005 | P11: 110.0345 | Q11: 111.24333 | R11: 107.5195 | S11: 102.27017 | T11: 101.257 | U11: 90.766167 | V11: 84.973833 | W11: 62.154833 | X11: 12.593 | Y11: 0 | Z11: 0 | AA11: 0 | AB11: 0 | AD11: =SUM(E11:AB11) -> 1073.037
B12: PFV-HUATACONDO | E12: 0 | F12: 0 | G12: 0 | H12: 0 | I12: 0 | J12: 0 | K12: 0 | L12: 0 | M12: 0 | N12: 0 | O12: 0 | P12: 0 | Q12: 0 | R12: 0 | S12: 0 | T12: 0 | U12: 0 | V12: 0 | W12: 0 | X12: 0 | Y12: 0 | Z12: 0 | AA12: 0 | AB12: 0 | AD12: =SUM(E12:AB12) -> 0
B13: PFV-ATACAMASOLAR-2 | E13: 0 | F13: 0 | G13: 0 | H13: 0 | I13: 0 | J13: 0 | K13: 0 | L13: 3.2866667 | M13: 5.974 | N13: 30.500333 | O13: 37.6105 | P13: 43.658 | Q13: 44.080667 | R13: 46.000833 | S13: 43.182 | T13: 56.226667 | U13: 60.562333 | V13: 21.262833 | W13: 65.876667 | X13: 20.587 | Y13: 0 | Z13: 0 | AA13: 0 | AB13: 0 | AD13: =SUM(E13:AB13) -> 478.8085
B14: PFV-NUEVOQUILLAGUA | E14: 0 | F14: 0 | G14: 0 | H14: 0 | I14: 0 | J14: 0 | K14: 0 | L14: 0 | M14: 0 | N14: 0 | O14: 0 | P14: 0 | Q14: 0 | R14: 0 | S14: 0 | T14: 0 | U14: 0 | V14: 0 | W14: 0 | X14: 0 | Y14: 0 | Z14: 0 | AA14: 0 | AB14: 0 | AD14: =SUM(E14:AB14) -> 0
B15: PFV-GRANJA | E15: 0 | F15: 0 | G15: 0 | H15: 0 | I15: 0 | J15: 0 | K15: 0 | L15: 4.6475 | M15: 13.366 | N15: 23.857333 | O15: 21.447333 | P15: 20.191333 | Q15: 16.599667 | R15: 15.996167 | S15: 14.291667 | T15: 25.524 | U15: 31.678167 | V15: 42.344333 | W15: 45.8355 | X15: 9.7448333 | Y15: 0 | Z15: 0 | AA15: 0 | AB15: 0 | AD15: =SUM(E15:AB15) -> 285.52383
B16: PFV-USYA | E16: 0 | F16: 0 | G16: 0 | H16: 0 | I16: 0 | J16: 0 | K16: 0 | L16: 1.9458333 | M16: 7.2061667 | N16: 16.512833 | O16: 6.8365 | P16: 12.1065 | Q16: 7.0121667 | R16: 0.661 | S16: 20.52 | T16: 18.52 | U16: 12.219 | V16: 5.1621667 | W16: 7.2813333 | X16: 0.96033333 | Y16: 0 | Z16: 0 | AA16: 0 | AB16: 0 | AD16: =SUM(E16:AB16) -> 116.94383
B17: PFV-SANPEDRO-GPG | E17: 0 | F17: 0 | G17: 0 | H17: 0 | I17: 0 | J17: 0 | K17: 0 | L17: 4.63 | M17: 36.334667 | N17: 45.778 | O17: 49.128 | P17: 50.606667 | Q17: 51.239 | R17: 52.046167 | S17: 51.45 | T17: 60.631667 | U17: 61.085833 | V17: 60.949167 | W17: 53.1865 | X17: 5.6093333 | Y17: 0 | Z17: 0 | AA17: 0 | AB17: 0 | AD17: =SUM(E17:AB17) -> 582.675
B18: PFV-JAMA-1 | E18: 0 | F18: 0 | G18: 0 | H18: 0 | I18: 0 | J18: 0 | K18: 0 | L18: 0 | M18: 0 | N18: 0 | O18: 0 | P18: 0 | Q18: 0 | R18: 0 | S18: 0 | T18: 0 | U18: 0 | V18: 0 | W18: 0 | X18: 0 | Y18: 0 | Z18: 0 | AA18: 0 | AB18: 0 | AD18: =SUM(E18:AB18) -> 0
B19: PFV-JAMA-2 | E19: 0 | F19: 0 | G19: 0 | H19: 0 | I19: 0 | J19: 0 | K19: 0 | L19: 0 | M19: 0 | N19: 0 | O19: 0 | P19: 0 | Q19: 0 | R19: 0 | S19: 0 | T19: 0 | U19: 0 | V19: 0 | W19: 0 | X19: 0 | Y19: 0 | Z19: 0 | AA19: 0 | AB19: 0 | AD19: =SUM(E19:AB19) -> 0
... B79: PFV-LEYDA | E79: 0 | F79: 0 | G79: 0 | H79: 0 | I79: 0 | J79: 0 | K79: 0 | L79: 3.3115 | M79: 38.577667 | N79: 55.344833 | O79: 54.471 | P79: 44.679 | Q79: 33.9095 | R79: 35.761333 | S79: 35.514167 | T79: 43.3665 | U79: 45.1285 | V79: 49.080833 | W79: 48.507833 | X79: 10.8075 | Y79: 0 | Z79: 0 | AA79: 0 | AB79: 0 | AD79: =SUM(E79:AB79) -> 498.46017
B80: Total | E80: =SUM(E8:E79) -> 0 | F80: =SUM(F8:F79) -> 0 | G80: =SUM(G8:G79) -> 0 | H80: =SUM(H8:H79) -> 0 | I80: =SUM(I8:I79) -> 0 | J80: =SUM(J8:J79) -> 0 | K80: =SUM(K8:K79) -> 0 | L80: =SUM(L8:L79) -> 414.646 | ... AB80: =SUM(AB8:AB79) -> 0 | AC80: =SUM(AC8:AE79) -> 29838.75
B83: ='Resumen-Mensual'!$F$26 -> 46024
B85: Central/Hora | E85: 1 | F85: 2 | G85: 3 | H85: 4 | I85: 5 | J85: 6 | K85: 7 | L85: 8 | M85: 9 | N85: 10 | O85: 11 | P85: 12 | Q85: 13 | R85: 14 | S85: 15 | T85: 16 | U85: 17 | V85: 18 | W85: 19 | X85: 20 | Y85: 21 | Z85: 22 | AA85: 23 | AB85: 24 | AC85: Total
B86: PFV-POZOALMONTE-2 | E86: 0 | F86: 0 | G86: 0 | H86: 0 | I86: 0 | J86: 0 | K86: 0 | L86: 0.41166667 | M86: 1.2 | N86: 1.1 | O86: 1.3 | P86: 1.3 | Q86: 1.2 | R86: 0.7 | S86: 1 | T86: 1 | U86: 0.9 | V86: 1.1 | W86: 0.3 | X86: 0.82333333 | Y86: 0 | Z86: 0 | AA86: 0 | AB86: 0 | AD86: =SUM(E86:AB86) -> 12.335
B87: PFV-POZOALMONTE-3 | E87: 0 | F87: 0 | G87: 0 | H87: 0 | I87: 0 | J87: 0 | K87: 0 | L87: 0.41166667 | M87: 5.1 | N87: 5.4 | O87: 5.9 | P87: 5.9 | Q87: 5.6 | R87: 5.1 | S87: 5.2 | T87: 5.1 | U87: 4.8 | V87: 5 | W87: 3.2 | X87: 1.3433333 | Y87: 0 | Z87: 0 | AA87: 0 | AB87: 0 | AD87: =SUM(E87:AB87) -> 58.055
B88: PFV-LAHUAYCA-2 | E88: 0 | F88: 0 | G88: 0 | H88: 0 | I88: 0 | J88: 0 | K88: 0 | L88: 0.171 | M88: 1.48 | N88: 1.173 | O88: 1.4156667 | P88: 0.071333333 | Q88: 0.010166667 | R88: 0.1425 | S88: 0.019166667 | T88: 0 | U88: 0 | V88: 0 | W88: 0 | X88: 0 | Y88: 0 | Z88: 0 | AA88: 0 | AB88: 0 | AD88: =SUM(E88:AB88) -> 4.4828333
B89: PFV-SANTAISABEL | E89: 0 | F89: 0 | G89: 0 | H89: 0 | I89: 0 | J89: 0 | K89: 0 | L89: 0.24966667 | M89: 26.755 | N89: 53.026167 | O89: 43.8695 | P89: 31.003833 | Q89: 23.711167 | R89: 25.455333 | S89: 33.2 | T89: 31.003667 | U89: 39.016667 | V89: 40.0445 | W89: 28.7105 | X89: 0 | Y89: 0 | Z89: 0 | AA89: 0 | AB89: 0 | AD89: =SUM(E89:AB89) -> 376.046
B90: PFV-HUATACONDO | E90: 0 | F90: 0 | G90: 0 | H90: 0 | I90: 0 | J90: 0 | K90: 0 | L90: 0 | M90: 0 | N90: 0 | O90: 0 | P90: 0 | Q90: 0 | R90: 0 | S90: 0 | T90: 0 | U90: 0 | V90: 0 | W90: 0 | X90: 0 | Y90: 0 | Z90: 0 | AA90: 0 | AB90: 0 | AD90: =SUM(E90:AB90) -> 0
B91: PFV-ATACAMASOLAR-2 | E91: 0 | F91: 0 | G91: 0 | H91: 0 | I91: 0 | J91: 0 | K91: 0 | L91: 0 | M91: 1.6526667 | N91: 0 | O91: 0 | P91: 0 | Q91: 4.53 | R91: 7.6573333 | S91: 9.9003333 | T91: 16.542667 | U91: 25.512167 | V91: 29.801833 | W91: 41.432 | X91: 0.26983333 | Y91: 0 | Z91: 0 | AA91: 0 | AB91: 0 | AD91: =SUM(E91:AB91) -> 137.29883
B92: PFV-NUEVOQUILLAGUA | E92: 0 | F92: 0 | G92: 0 | H92: 0 | I92: 0 | J92: 0 | K92: 0 | L92: 0 | M92: 0 | N92: 0 | O92: 0 | P92: 0 | Q92: 0 | R92: 0 | S92: 0 | T92: 0 | U92: 0 | V92: 0 | W92: 0 | X92: 0 | Y92: 0 | Z92: 0 | AA92: 0 | AB92: 0 | AD92: =SUM(E92:AB92) -> 0
B93: PFV-GRANJA | E93: 0 | F93: 0 | G93: 0 | H93: 0 | I93: 0 | J93: 0 | K93: 0 | L93: 0.65583333 | M93: 7.7953333 | N93: 0 | O93: 0 | P93: 0 | Q93: 0 | R93: 0 | S93: 0 | T93: 0.89833333 | U93: 5.9183333 | V93: 7.9171667 | W93: 39.896 | X93: 4.3548333 | Y93: 0 | Z93: 0 | AA93: 0 | AB93: 0 | AD93: =SUM(E93:AB93) -> 67.435833
B94: PFV-USYA | E94: 0 | F94: 0 | G94: 0 | H94: 0 | I94: 0 | J94: 0 | K94: 0 | L94: 0.399 | M94: 5.0418333 | N94: 5.1891667 | O94: 2.6355 | P94: 4.1321667 | Q94: 8.6998333 | R94: 6.6738333 | S94: 20.185833 | T94: 17.905167 | U94: 11.3245 | V94: 1.4665 | W94: 4.1153333 | X94: 0.71416667 | Y94: 0 | Z94: 0 | AA94: 0 | AB94: 0 | AD94: =SUM(E94:AB94) -> 88.482833
B95: PFV-SANPEDRO-GPG | E95: 0 | F95: 0 | G95: 0 | H95: 0 | I95: 0 | J95: 0 | K95: 0 | L95: 0.051 | M95: 21.442 | N95: 12.004833 | O95: 13.984333 | P95: 18.697667 | Q95: 23.556667 | R95: 27.169 | S95: 29.71 | T95: 32.330167 | U95: 37.087667 | V95: 35.3755 | W95: 35.539 | X95: 0.6025 | Y95: 0 | Z95: 0 | AA95: 0 | AB95: 0 | AD95: =SUM(E95:AB95) -> 287.55033
B96: PFV-JAMA-1 | E96: 0 | F96: 0 | G96: 0 | H96: 0 | I96: 0 | J96: 0 | K96: 0 | L96: 0 | M96: 0 | N96: 0 | O96: 0 | P96: 0 | Q96: 0 | R96: 0 | S96: 0 | T96: 0 | U96: 0 | V96: 0 | W96: 0 | X96: 0 | Y96: 0 | Z96: 0 | AA96: 0 | AB96: 0 | AD96: =SUM(E96:AB96) -> 0
B97: PFV-JAMA-2 | E97: 0 | F97: 0 | G97: 0 | H97: 0 | I97: 0 | J97: 0 | K97: 0 | L97: 0 | M97: 0 | N97: 0 | O97: 0 | P97: 0 | Q97: 0 | R97: 0 | S97: 0 | T97: 0 | U97: 0 | V97: 0 | W97: 0 | X97: 0 | Y97: 0 | Z97: 0 | AA97: 0 | AB97: 0 | AD97: =SUM(E97:AB97) -> 0
... B157: PFV-LEYDA | E157: 0 | F157: 0 | G157: 0 | H157: 0 | I157: 0 | J157: 0 | K157: 0 | L157: 1.6221667 | M157: 40.026167 | N157: 54.459833 | O157: 56.739 | P157: 48.825333 | Q157: 37.218667 | R157: 33.5835 | S157: 19.374667 | T157: 22.527833 | U157: 27.264833 | V157: 28.384667 | W157: 34.438333 | X157: 0.26766667 | Y157: 0 | Z157: 0 | AA157: 0 | AB157: 0 | AD157: =SUM(E157:AB157) -> 404.73267
B158: Total | E158: =SUM(E86:E157) -> 0 | F158: =SUM(F86:F157) -> 0 | G158: =SUM(G86:G157) -> 0 | H158: =SUM(H86:H157) -> 0 | I158: =SUM(I86:I157) -> 0 | J158: =SUM(J86:J157) -> 0 | K158: =SUM(K86:K157) -> 0 | L158: =SUM(L86:L157) -> 89.801833 | ... AB158: =SUM(AB86:AB157) -> 0 | AC158: =SUM(AC86:AE157) -> 16435.122
B161: ='Resumen-Mensual'!$G$26 -> 46025
B163: Central/Hora | E163: 1 | F163: 2 | G163: 3 | H163: 4 | I163: 5 | J163: 6 | K163: 7 | L163: 8 | M163: 9 | N163: 10 | O163: 11 | P163: 12 | Q163: 13 | R163: 14 | S163: 15 | T163: 16 | U163: 17 | V163: 18 | W163: 19 | X163: 20 | Y163: 21 | Z163: 22 | AA163: 23 | AB163: 24 | AC163: Total
B164: PFV-POZOALMONTE-2 | E164: 0 | F164: 0 | G164: 0 | H164: 0 | I164: 0 | J164: 0 | K164: 0 | L164: 0.50166667 | M164: 1.4 | N164: 1 | O164: 1.2 | P164: 1.3 | Q164: 1.1 | R164: 1.1 | S164: 1 | T164: 0.9 | U164: 0.8 | V164: 0.8 | W164: 0 | X164: 0.65 | Y164: 0 | Z164: 0 | AA164: 0 | AB164: 0 | AD164: =SUM(E164:AB164) -> 11.751667
B165: PFV-POZOALMONTE-3 | E165: 0 | F165: 0 | G165: 0 | H165: 0 | I165: 0 | J165: 0 | K165: 0 | L165: 0.645 | M165: 4.9 | N165: 5.2 | O165: 5.7 | P165: 5.7 | Q165: 5.5 | R165: 5.4 | S165: 5 | T165: 4.9 | U165: 4.6 | V165: 4.1 | W165: 0.7 | X165: 0.91 | Y165: 0 | Z165: 0 | AA165: 0 | AB165: 0 | AD165: =SUM(E165:AB165) -> 53.255
B166: PFV-LAHUAYCA-2 | E166: 0 | F166: 0 | G166: 0 | H166: 0 | I166: 0 | J166: 0 | K166: 0 | L166: 0.50166667 | M166: 5.1 | N166: 9.095 | O166: 2 | P166: 2.1 | Q166: 1.5 | R166: 1.2 | S166: 1.2 | T166: 1.8 | U166: 8.3331667 | V166: 0.8605 | W166: 0.5995 | X166: 0.33333333 | Y166: 0 | Z166: 0 | AA166: 0 | AB166: 0 | AD166: =SUM(E166:AB166) -> 34.623167
B167: PFV-SANTAISABEL | E167: 0 | F167: 0 | G167: 0 | H167: 0 | I167: 0 | J167: 0 | K167: 0 | L167: 12.7385 | M167: 86.810333 | N167: 86.869667 | O167: 13.584833 | P167: 42.856833 | Q167: 46.46 | R167: 47.780667 | S167: 61.6555 | T167: 67.504833 | U167: 75.4415 | V167: 66.508167 | W167: 42.6965 | X167: 0.015 | Y167: 0 | Z167: 0 | AA167: 0 | AB167: 0 | AD167: =SUM(E167:AB167) -> 650.92233
B168: PFV-HUATACONDO | E168: 0 | F168: 0 | G168: 0 | H168: 0 | I168: 0 | J168: 0 | K168: 0 | L168: 0 | M168: 0 | N168: 0 | O168: 0 | P168: 0 | Q168: 0 | R168: 0 | S168: 0 | T168: 0 | U168: 0 | V168: 0 | W168: 0 | X168: 0 | Y168: 0 | Z168: 0 | AA168: 0 | AB168: 0 | AD168: =SUM(E168:AB168) -> 0
B169: PFV-ATACAMASOLAR-2 | E169: 0 | F169: 0 | G169: 0 | H169: 0 | I169: 0 | J169: 0 | K169: 0 | L169: 1.0995 | M169: 3.9151667 | N169: 0 | O169: 0 | P169: 1.2598333 | Q169: 9.1406667 | R169: 15.271167 | S169: 34.243 | T169: 41.2465 | U169: 44.522333 | V169: 31.4775 | W169: 44.279333 | X169: 7.6393333 | Y169: 0 | Z169: 0 | AA169: 0 | AB169: 0 | AD169: =SUM(E169:AB169) -> 234.09433
B170: PFV-NUEVOQUILLAGUA | E170: 0 | F170: 0 | G170: 0 | H170: 0 | I170: 0 | J170: 0 | K170: 0 | L170: 0 | M170: 0 | N170: 0 | O170: 0 | P170: 0 | Q170: 0 | R170: 0 | S170: 0 | T170: 0 | U170: 0 | V170: 0 | W170: 0 | X170: 0 | Y170: 0 | Z170: 0 | AA170: 0 | AB170: 0 | AD170: =SUM(E170:AB170) -> 0
B171: PFV-GRANJA | E171: 0 | F171: 0 | G171: 0 | H171: 0 | I171: 0 | J171: 0 | K171: 0 | L171: 11.395 | M171: 15.8575 | N171: 0.099333333 | O171: 0 | P171: 0 | Q171: 0 | R171: 0.014666667 | S171: 2.9346667 | T171: 14.363667 | U171: 27.635833 | V171: 2.7943333 | W171: 46.1825 | X171: 7.7021667 | Y171: 0 | Z171: 0 | AA171: 0 | AB171: 0 | AD171: =SUM(E171:AB171) -> 128.97967
B172: PFV-USYA | E172: 0 | F172: 0 | G172: 0 | H172: 0 | I172: 0 | J172: 0 | K172: 0 | L172: 1.9066667 | M172: 4.0106667 | N172: 3.088 | O172: 6.8035 | P172: 11.771167 | Q172: 4.8366667 | R172: 11.722 | S172: 7.4248333 | T172: 6.1756667 | U172: 7.7488333 | V172: 26.740333 | W172: 4.9876667 | X172: 0.87583333 | Y172: 0 | Z172: 0 | AA172: 0 | AB172: 0 | AD172: =SUM(E172:AB172) -> 98.091833
B173: PFV-SANPEDRO-GPG | E173: 0 | F173: 0 | G173: 0 | H173: 0 | I173: 0 | J173: 0 | K173: 0 | L173: 2.6933333 | M173: 28.022833 | N173: 14.3145 | O173: 13.909333 | P173: 10.117 | Q173: 16.031667 | R173: 28.6975 | S173: 45.361 | T173: 51.144167 | U173: 47.5375 | V173: 5.0378333 | W173: 53.064333 | X173: 4.55 | Y173: 0 | Z173: 0 | AA173: 0 | AB173: 0 | AD173: =SUM(E173:AB173) -> 320.481
B174: PFV-JAMA-1 | E174: 0 | F174: 0 | G174: 0 | H174: 0 | I174: 0 | J174: 0 | K174: 0 | L174: 3.3253333 | M174: 16.3 | N174: 18.241 | O174: 11.86 | P174: 22.45 | Q174: 23.72 | R174: 24.24 | S174: 24.24 | T174: 23.32 | U174: 23.37 | V174: 24.53 | W174: 19.08 | X174: 3.2825 | Y174: 0 | Z174: 0 | AA174: 0 | AB174: 0 | AD174: =SUM(E174:AB174) -> 237.95883
B175: PFV-JAMA-2 | E175: 0 | F175: 0 | G175: 0 | H175: 0 | I175: 0 | J175: 0 | K175: 0 | L175: 2.408 | M175: 11.8 | N175: 13.209 | O175: 9.34 | P175: 16.25 | Q175: 17.18 | R175: 17.56 | S175: 17.56 | T175: 16.88 | U175: 16.93 | V175: 17.77 | W175: 13.82 | X175: 2.3725 | Y175: 0 | Z175: 0 | AA175: 0 | AB175: 0 | AD175: =SUM(E175:AB175) -> 173.0795
... B235: PFV-LEYDA | E235: 0 | F235: 0 | G235: 0 | H235: 0 | I235: 0 | J235: 0 | K235: 0 | L235: 3.1853333 | M235: 24.557167 | N235: 40.738833 | O235: 0 | P235: 0 | Q235: 0 | R235: 0 | S235: 0 | T235: 0 | U235: 2.1748333 | V235: 33.929 | W235: 41.266667 | X235: 5.3775 | Y235: 0 | Z235: 0 | AA235: 0 | AB235: 0 | AD235: =SUM(E235:AB235) -> 151.22933
B236: Total | E236: =SUM(E164:E235) -> 0 | F236: =SUM(F164:F235) -> 0 | G236: =SUM(G164:G235) -> 0 | H236: =SUM(H164:H235) -> 0 | I236: =SUM(I164:I235) -> 0 | J236: =SUM(J164:J235) -> 0 | K236: =SUM(K164:K235) -> 0 | L236: =SUM(L164:L235) -> 345.7885 | ... AB236: =SUM(AB164:AB235) -> 0 | AC236: =SUM(AC164:AE235) -> 18493.439
B239: ='Resumen-Mensual'!$H$26 -> 46026
B241: Central/Hora | E241: 1 | F241: 2 | G241: 3 | H241: 4 | I241: 5 | J241: 6 | K241: 7 | L241: 8 | M241: 9 | N241: 10 | O241: 11 | P241: 12 | Q241: 13 | R241: 14 | S241: 15 | T241: 16 | U241: 17 | V241: 18 | W241: 19 | X241: 20 | Y241: 21 | Z241: 22 | AA241: 23 | AB241: 24 | AC241: Total
B242: PFV-POZOALMONTE-2 | E242: 0 | F242: 0 | G242: 0 | H242: 0 | I242: 0 | J242: 0 | K242: 0 | L242: 0.34166667 | M242: 2.2 | N242: 0.6 | O242: 1.1 | P242: 1.1 | Q242: 1.2 | R242: 1 | S242: 1 | T242: 0.9 | U242: 0.7 | V242: 0.4 | W242: 0 | X242: 1.05 | Y242: 0 | Z242: 0 | AA242: 0 | AB242: 0 | AD242: =SUM(E242:AB242) -> 11.591667
B243: PFV-POZOALMONTE-3 | E243: 0 | F243: 0 | G243: 0 | H243: 0 | I243: 0 | J243: 0 | K243: 0 | L243: 0.34166667 | M243: 5.8 | N243: 3.5 | O243: 4.2 | P243: 4.3 | Q243: 3.9 | R243: 2.9 | S243: 3 | T243: 2.7 | U243: 2.2 | V243: 1.1 | W243: 0 | X243: 1.425 | Y243: 0 | Z243: 0 | AA243: 0 | AB243: 0 | AD243: =SUM(E243:AB243) -> 35.366667
B244: PFV-LAHUAYCA-2 | E244: 0 | F244: 0 | G244: 0 | H244: 0 | I244: 0 | J244: 0 | K244: 0 | L244: 0.41 | M244: 1.547 | N244: 2.0978333 | O244: 4.7131667 | P244: 5.9636667 | Q244: 6.0786667 | R244: 5.9401667 | S244: 5.8565 | T244: 9.0268333 | U244: 7.202 | V244: 2.5163333 | W244: 0.6255 | X244: 0.45 | Y244: 0 | Z244: 0 | AA244: 0 | AB244: 0 | AD244: =SUM(E244:AB244) -> 52.427667
B245: PFV-SANTAISABEL | E245: 0 | F245: 0 | G245: 0 | H245: 0 | I245: 0 | J245: 0 | K245: 0 | L245: 12.256333 | M245: 76.048167 | N245: 61.379667 | O245: 22.637333 | P245: 23.057167 | Q245: 26.000167 | R245: 48.661 | S245: 57.8645 | T245: 79.977 | U245: 79.518 | V245: 69.0635 | W245: 36.416333 | X245: 0.45383333 | Y245: 0 | Z245: 0 | AA245: 0 | AB245: 0 | AD245: =SUM(E245:AB245) -> 593.333
B246: PFV-HUATACONDO | E246: 0 | F246: 0 | G246: 0 | H246: 0 | I246: 0 | J246: 0 | K246: 0 | L246: 0 | M246: 0 | N246: 0 | O246: 0 | P246: 0 | Q246: 0 | R246: 0 | S246: 0 | T246: 0 | U246: 0 | V246: 0 | W246: 0 | X246: 0 | Y246: 0 | Z246: 0 | AA246: 0 | AB246: 0 | AD246: =SUM(E246:AB246) -> 0
B247: PFV-ATACAMASOLAR-2 | E247: 0 | F247: 0 | G247: 0 | H247: 0 | I247: 0 | J247: 0 | K247: 0 | L247: 0.84116667 | M247: 2.2328333 | N247: 0.1795 | O247: 0 | P247: 0 | Q247: 2.2141667 | R247: 18.818667 | S247: 31.4115 | T247: 47.208833 | U247: 43.446333 | V247: 37.6365 | W247: 35.188833 | X247: 4.1741667 | Y247: 0 | Z247: 0 | AA247: 0 | AB247: 0 | AD247: =SUM(E247:AB247) -> 223.3525
B248: PFV-NUEVOQUILLAGUA | E248: 0 | F248: 0 | G248: 0 | H248: 0 | I248: 0 | J248: 0 | K248: 0 | L248: 0 | M248: 0 | N248: 0 | O248: 0 | P248: 0 | Q248: 0 | R248: 0 | S248: 0 | T248: 0 | U248: 0 | V248: 0 | W248: 0 | X248: 0 | Y248: 0 | Z248: 0 | AA248: 0 | AB248: 0 | AD248: =SUM(E248:AB248) -> 0
B249: PFV-GRANJA | E249: 0 | F249: 0 | G249: 0 | H249: 0 | I249: 0 | J249: 0 | K249: 0 | L249: 5.9456667 | M249: 24.427 | N249: 10.019833 | O249: 0.047166667 | P249: 0 | Q249: 0 | R249: 1.887 | S249: 10.231833 | T249: 27.962 | U249: 31.611167 | V249: 34.041667 | W249: 37.230333 | X249: 5.379 | Y249: 0 | Z249: 0 | AA249: 0 | AB249: 0 | AD249: =SUM(E249:AB249) -> 188.78267
B250: PFV-USYA | E250: 0 | F250: 0 | G250: 0 | H250: 0 | I250: 0 | J250: 0 | K250: 0 | L250: 1.6595 | M250: 3.8606667 | N250: 22.2755 | O250: 29.657167 | P250: 27.748667 | Q250: 25.247 | R250: 27.035833 | S250: 31.369 | T250: 31.416333 | U250: 27.047333 | V250: 29.764167 | W250: 5.345 | X250: 1.9491667 | Y250: 0 | Z250: 0 | AA250: 0 | AB250: 0 | AD250: =SUM(E250:AB250) -> 264.37533
B251: PFV-SANPEDRO-GPG | E251: 0 | F251: 0 | G251: 0 | H251: 0 | I251: 0 | J251: 0 | K251: 0 | L251: 4.494 | M251: 33.446167 | N251: 26.1085 | O251: 16.4795 | P251: 20.491167 | Q251: 24.807667 | R251: 36.92 | S251: 43.808 | T251: 59.824 | U251: 59.373167 | V251: 53.9015 | W251: 44.991 | X251: 3.2691667 | Y251: 0 | Z251: 0 | AA251: 0 | AB251: 0 | AD251: =SUM(E251:AB251) -> 427.91383
B252: PFV-JAMA-1 | E252: 0 | F252: 0 | G252: 0 | H252: 0 | I252: 0 | J252: 0 | K252: 0 | L252: 3.485 | M252: 18.39 | N252: 14.1 | O252: 5.9 | P252: 6.2 | Q252: 5.5 | R252: 4.2 | S252: 4.1 | T252: 4.4 | U252: 4.9 | V252: 5 | W252: 2.8 | X252: 4.305 | Y252: 0 | Z252: 0 | AA252: 0 | AB252: 0 | AD252: =SUM(E252:AB252) -> 83.28
B253: PFV-JAMA-2 | E253: 0 | F253: 0 | G253: 0 | H253: 0 | I253: 0 | J253: 0 | K253: 0 | L253: 2.5283333 | M253: 13.31 | N253: 14.31 | O253: 11.18 | P253: 11.46 | Q253: 11.2 | R253: 10.5 | S253: 10.5 | T253: 8.5 | U253: 9.01 | V253: 9.46 | W253: 5.9 | X253: 3.12 | Y253: 0 | Z253: 0 | AA253: 0 | AB253: 0 | AD253: =SUM(E253:AB253) -> 120.97833
... B313: PFV-LEYDA | E313: 0 | F313: 0 | G313: 0 | H313: 0 | I313: 0 | J313: 0 | K313: 0 | L313: 3.69 | M313: 21.945667 | N313: 43.166667 | O313: 45.248833 | P313: 45.329 | Q313: 43.2785 | R313: 39.614 | S313: 42.3325 | T313: 40.745667 | U313: 48.1735 | V313: 50.8555 | W313: 50.575833 | X313: 11.92 | Y313: 0 | Z313: 0 | AA313: 0 | AB313: 0 | AD313: =SUM(E313:AB313) -> 486.87567
B314: Total | E314: =SUM(E242:E313) -> 0 | F314: =SUM(F242:F313) -> 0 | G314: =SUM(G242:G313) -> 0 | H314: =SUM(H242:H313) -> 0 | I314: =SUM(I242:I313) -> 0 | J314: =SUM(J242:J313) -> 0 | K314: =SUM(K242:K313) -> 0 | L314: =SUM(L242:L313) -> 354.72817 | ... AB314: =SUM(AB242:AB313) -> 0 | AC314: =SUM(AC242:AE313) -> 22224.692
B317: ='Resumen-Mensual'!$I$26 -> 46027
B319: Central/Hora | E319: 1 | F319: 2 | G319: 3 | H319: 4 | I319: 5 | J319: 6 | K319: 7 | L319: 8 | M319: 9 | N319: 10 | O319: 11 | P319: 12 | Q319: 13 | R319: 14 | S319: 15 | T319: 16 | U319: 17 | V319: 18 | W319: 19 | X319: 20 | Y319: 21 | Z319: 22 | AA319: 23 | AB319: 24 | AC319: Total
B320: PFV-POZOALMONTE-2 | E320: 0 | F320: 0 | G320: 0 | H320: 0 | I320: 0 | J320: 0 | K320: 0 | L320: 0.10666667 | M320: 2.6 | N320: 0.8 | O320: 0.9 | P320: 0.9 | Q320: 0.7 | R320: 0.5 | S320: 0.6 | T320: 0.7 | U320: 0.6 | V320: 0.5 | W320: 0.2 | X320: 0.56 | Y320: 0 | Z320: 0 | AA320: 0 | AB320: 0 | AD320: =SUM(E320:AB320) -> 9.6666667
B321: PFV-POZOALMONTE-3 | E321: 0 | F321: 0 | G321: 0 | H321: 0 | I321: 0 | J321: 0 | K321: 0 | L321: 0.08 | M321: 6.7 | N321: 2.8 | O321: 3.1 | P321: 2.9 | Q321: 2.4 | R321: 2.2 | S321: 2.2 | T321: 2.2 | U321: 2 | V321: 1.1 | W321: 0 | X321: 0.72 | Y321: 0 | Z321: 0 | AA321: 0 | AB321: 0 | AD321: =SUM(E321:AB321) -> 28.4
B322: PFV-LAHUAYCA-2 | E322: 0 | F322: 0 | G322: 0 | H322: 0 | I322: 0 | J322: 0 | K322: 0 | L322: 0.16 | M322: 1.1653333 | N322: 2.907 | O322: 8.042 | P322: 2.7348333 | Q322: 4.2371667 | R322: 4.104 | S322: 3.8411667 | T322: 3.5685 | U322: 3.0195 | V322: 0.84233333 | W322: 0.66933333 | X322: 0.055 | Y322: 0 | Z322: 0 | AA322: 0 | AB322: 0 | AD322: =SUM(E322:AB322) -> 35.346167
B323: PFV-SANTAISABEL | E323: 0 | F323: 0 | G323: 0 | H323: 0 | I323: 0 | J323: 0 | K323: 0 | L323: 0 | M323: 43.902 | N323: 63.786833 | O323: 62.813833 | P323: 9.0216667 | Q323: 11.799833 | R323: 15.265167 | S323: 28.788167 | T323: 47.059167 | U323: 39.778667 | V323: 30.05 | W323: 1.8198333 | X323: 0 | Y323: 0 | Z323: 0 | AA323: 0 | AB323: 0 | AD323: =SUM(E323:AB323) -> 354.08517
B324: PFV-HUATACONDO | E324: 0 | F324: 0 | G324: 0 | H324: 0 | I324: 0 | J324: 0 | K324: 0 | L324: 0 | M324: 0 | N324: 0 | O324: 0 | P324: 0 | Q324: 0 | R324: 0 | S324: 0 | T324: 0 | U324: 0 | V324: 0 | W324: 0 | X324: 0 | Y324: 0 | Z324: 0 | AA324: 0 | AB324: 0 | AD324: =SUM(E324:AB324) -> 0
B325: PFV-ATACAMASOLAR-2 | E325: 0 | F325: 0 | G325: 0 | H325: 0 | I325: 0 | J325: 0 | K325: 0 | L325: 0 | M325: 1.1015 | N325: 0 | O325: 0.25416667 | P325: 0.023 | Q325: 3.7361667 | R325: 12.431833 | S325: 17.416833 | T325: 29.502667 | U325: 28.235667 | V325: 22.8435 | W325: 15.554 | X325: 0.13516667 | Y325: 0 | Z325: 0 | AA325: 0 | AB325: 0 | AD325: =SUM(E325:AB325) -> 131.2345
B326: PFV-NUEVOQUILLAGUA | E326: 0 | F326: 0 | G326: 0 | H326: 0 | I326: 0 | J326: 0 | K326: 0 | L326: 0 | M326: 0 | N326: 0 | O326: 0 | P326: 0 | Q326: 0 | R326: 0 | S326: 0 | T326: 0 | U326: 0 | V326: 0 | W326: 0 | X326: 0 | Y326: 0 | Z326: 0 | AA326: 0 | AB326: 0 | AD326: =SUM(E326:AB326) -> 0
B327: PFV-GRANJA | E327: 0 | F327: 0 | G327: 0 | H327: 0 | I327: 0 | J327: 0 | K327: 0 | L327: 0 | M327: 10.448 | N327: 0.42 | O327: 0 | P327: 0 | Q327: 0 | R327: 0 | S327: 0.068666667 | T327: 4.6731667 | U327: 14.22 | V327: 15.7065 | W327: 17.4425 | X327: 0 | Y327: 0 | Z327: 0 | AA327: 0 | AB327: 0 | AD327: =SUM(E327:AB327) -> 62.978833
B328: PFV-USYA | E328: 0 | F328: 0 | G328: 0 | H328: 0 | I328: 0 | J328: 0 | K328: 0 | L328: 0.611 | M328: 5.8176667 | N328: 4.3223333 | O328: 24.092333 | P328: 26.285667 | Q328: 49.707667 | R328: 43.4145 | S328: 38.055833 | T328: 23.666333 | U328: 17.544667 | V328: 4.7291667 | W328: 4.397 | X328: 0.256 | Y328: 0 | Z328: 0 | AA328: 0 | AB328: 0 | AD328: =SUM(E328:AB328) -> 242.90017
B329: PFV-SANPEDRO-GPG | E329: 0 | F329: 0 | G329: 0 | H329: 0 | I329: 0 | J329: 0 | K329: 0 | L329: 0.0051666667 | M329: 22.211833 | N329: 14.915333 | O329: 14.208 | P329: 7.3451667 | Q329: 7 | R329: 13.908 | S329: 19.291 | T329: 20.688 | U329: 31.531333 | V329: 32.83 | W329: 21.8985 | X329: 0.042166667 | Y329: 0 | Z329: 0 | AA329: 0 | AB329: 0 | AD329: =SUM(E329:AB329) -> 205.8745
B330: PFV-JAMA-1 | E330: 0 | F330: 0 | G330: 0 | H330: 0 | I330: 0 | J330: 0 | K330: 0 | L330: 1.592 | M330: 21.63 | N330: 19.3 | O330: 6.5 | P330: 5.5 | Q330: 3.9 | R330: 3.2 | S330: 3.7 | T330: 3.9 | U330: 4.1 | V330: 4.5 | W330: 1.89 | X330: 2.32 | Y330: 0 | Z330: 0 | AA330: 0 | AB330: 0 | AD330: =SUM(E330:AB330) -> 82.032
B331: PFV-JAMA-2 | E331: 0 | F331: 0 | G331: 0 | H331: 0 | I331: 0 | J331: 0 | K331: 0 | L331: 1.1546667 | M331: 15.67 | N331: 16.49 | O331: 11.44 | P331: 10.83 | Q331: 10.18 | R331: 9.93 | S331: 10.13 | T331: 10.34 | U331: 10.44 | V331: 10.57 | W331: 6.11 | X331: 1.68 | Y331: 0 | Z331: 0 | AA331: 0 | AB331: 0 | AD331: =SUM(E331:AB331) -> 124.96467
... B391: PFV-LEYDA | E391: 0 | F391: 0 | G391: 0 | H391: 0 | I391: 0 | J391: 0 | K391: 0 | L391: 0.994 | M391: 22.27 | N391: 16.683333 | O391: 0 | P391: 0 | Q391: 0 | R391: 0 | S391: 0 | T391: 0 | U391: 0 | V391: 0 | W391: 0 | X391: 0 | Y391: 0 | Z391: 0 | AA391: 0 | AB391: 0 | AD391: =SUM(E391:AB391) -> 39.947333
